Policy No,Policy Sys Id,IDX,Amt,
P-4202-92-2026-00026,3608492,0,1.10,
P-2200-90-2026-00053,3608272,0,1.10,
P-4006-90-2026-00019,3608997,0,1.10,
P-1411-90-2026-00048,3608633,0,1.10,
P-2202-90-2026-00061,3609366,0,1.70,
P-2403-91-2026-00020,3609074,0,1.10,
P-1200-90-2026-00239,3609517,0,1.10,
P-9086-90-2026-00030,3609079,0,1.10,
P-4202-90-2026-00045,3608940,0,1.70,
P-4006-90-2026-00023,3609432,0,1.10,
P-4005-90-2026-00022,3608526,0,1.10,
P-4400-90-2026-00054,3608693,0,1.10,
P-4200-90-2026-00153,3608226,0,1.10,
P-2000-90-2026-00041,3608340,0,1.10,
P-4005-90-2026-00029,3609055,0,1.10,
P-4202-90-2026-00038,3608185,0,1.70,
P-2403-90-2026-00062,3609451,0,1.10,
P-2200-90-2026-00061,3608942,0,1.10,
P-3211-90-2026-00071,3609101,0,1.10,
P-3800-90-2026-00113,3609107,0,1.10,
P-2400-90-2026-00304,3608233,0,1.10,
P-4200-90-2026-00192,3609265,0,1.10,
P-2400-90-2026-00340,3608807,0,1.10,
P-2403-90-2026-00045,3608181,0,1.10,
P-2400-90-2026-00338,3608790,0,1.10,
P-8065-97-2026-00001,3602610,0,3.30,
P-2301-92-2026-00031,3609088,0,1.10,
P-3800-90-2026-00089,3608140,0,1.10,
P-2405-90-2026-00012,3608325,0,1.10,
P-3211-90-2026-00070,3609094,0,1.10,
P-8000-91-2026-00024,3608158,0,1.10,
P-2202-90-2026-00054,3608763,0,1.70,
P-2403-90-2026-00051,3608548,0,1.10,
P-1488-91-2026-00052,3608775,0,1.10,
P-2400-90-2026-00351,3608885,0,1.10,
P-3800-90-2026-00099,3608674,0,1.10,
P-2202-90-2026-00064,3609458,0,1.10,
P-3200-90-2026-00370,3609489,0,1.10,
P-1200-90-2026-00177,3608382,0,1.10,
P-1411-90-2026-00057,3608977,0,1.10,
P-3400-91-2026-00002,3609240,0,1.10,
P-1400-90-2026-00016,3608866,0,1.70,
P-4203-90-2026-00030,3608410,0,1.10,
P-2400-90-2026-00357,3609013,0,1.10,
P-9061-91-2025-06312,3607909,0,1.10,
P-4000-90-2026-00121,3608357,0,1.10,
P-2202-90-2026-00055,3608764,0,1.10,
P-3800-90-2026-00123,3609316,0,1.10,
P-2403-90-2026-00061,3609450,0,1.10,
P-1200-90-2026-00170,3608192,0,1.10,
P-2604-90-2026-00019,3608766,0,1.10,
P-2202-90-2026-00053,3608553,0,1.10,
P-4000-90-2026-00164,3609249,0,1.10,
P-8043-98-2026-00002,3605996,0,355.30,
P-2600-90-2026-00035,3608146,0,1.10,
P-9086-91-2026-00010,3608903,0,1.10,
P-3200-90-2026-00296,3608607,0,1.10,
P-8072-90-2026-00010,3609518,0,1.10,
P-2408-90-2026-00040,3608150,0,1.10,
P-3205-90-2026-00024,3608688,0,1.10,
P-1477-90-2026-00021,3608989,0,1.10,
P-2604-90-2026-00018,3608692,0,1.10,
P-2600-90-2026-00040,3608711,0,1.10,
P-3603-90-2026-00015,3608557,0,1.10,
P-1200-90-2026-00188,3608608,0,1.10,
P-1200-90-2026-00174,3608251,0,1.10,
P-2202-90-2026-00048,3608417,0,1.10,
P-1488-90-2026-00049,3609110,0,1.10,
P-3600-90-2026-00085,3609250,0,1.70,
P-1400-90-2026-00007,3608125,0,1.10,
P-2403-90-2026-00050,3608389,0,1.10,
P-9093-90-2026-00004,3608119,0,1.10,
P-4005-90-2026-00028,3608962,0,1.10,
P-2400-90-2026-00299,3608149,0,1.10,
P-1411-90-2026-00070,3609516,0,1.10,
P-2400-90-2026-00359,3609019,0,1.10,
P-4000-90-2026-00131,3608550,0,1.10,
P-1200-90-2026-00171,3608191,0,1.10,
P-9071-92-2026-00003,3609515,0,1.10,
P-9075-90-2026-00014,3608430,0,1.10,
P-1200-90-2026-00194,3608902,0,1.10,
P-2403-90-2026-00063,3609428,0,1.10,
P-9070-90-2026-00006,3608983,0,1.10,
P-1000-98-2026-00012,3607258,0,111.10,
P-1200-90-2026-00182,3608501,0,1.10,
P-4000-90-2026-00160,3609196,0,1.10,
P-3200-90-2026-00347,3609115,0,1.10,
P-1488-90-2026-00056,3609486,0,1.10,
P-3603-90-2026-00014,3608539,0,1.70,
P-3901-90-2026-00003,3608459,0,1.10,
P-4202-90-2026-00042,3608200,0,1.10,
P-1488-90-2026-00052,3609228,0,1.10,
P-4400-91-2026-00030,3608328,0,1.70,
P-9093-90-2026-00006,3609042,0,1.10,
P-1400-90-2026-00026,3609612,0,1.70,
P-1400-90-2026-00027,3609613,0,1.70,
P-1477-90-2026-00023,3609595,0,1.10,
P-1400-90-2026-00028,3609586,0,1.70,
P-2400-90-2026-00389,3609591,0,1.10,
P-9071-90-2026-00006,3609672,0,1.10,
P-2202-90-2026-00079,3609658,0,1.70,
P-2202-90-2026-00076,3609631,0,1.10,
P-3603-90-2026-00019,3609562,0,1.10,
P-2202-90-2026-00072,3609618,0,1.70,
P-4203-90-2026-00052,3609991,0,1.10,
P-9086-90-2026-00049,3610010,0,1.10,
P-3603-90-2026-00022,3609774,0,1.10,
P-9071-90-2026-00009,3610021,0,1.10,
P-4203-90-2026-00046,3609708,0,1.10,
P-2400-90-2026-00430,3609990,0,1.10,
P-2400-90-2026-00404,3609833,0,1.10,
P-2400-90-2026-00413,3609830,0,1.10,
P-2604-90-2026-00028,3609974,0,1.10,
P-4006-92-2026-00019,3609863,0,1.10,
P-1488-90-2026-00064,3609878,0,1.10,
P-4006-92-2026-00020,3609967,0,1.10,
P-2408-90-2026-00058,3609701,0,1.10,
P-2400-90-2026-00434,3610024,0,1.10,
P-2409-90-2026-00008,3609688,0,1.10,
P-1411-90-2026-00079,3609720,0,1.10,
P-1474-90-2026-00022,3609855,0,1.10,
P-3211-90-2026-00090,3609814,0,1.10,
P-9077-90-2026-00014,3609767,0,1.10,
P-3205-91-2026-00017,3609727,0,1.10,
P-2400-90-2026-00411,3609826,0,1.10,
P-4203-90-2026-00051,3609948,0,1.10,
P-2400-90-2026-00431,3610017,0,1.10,
P-2403-90-2026-00081,3609870,0,1.10,
P-9071-90-2026-00008,3609994,0,1.10,
P-2408-90-2026-00064,3609780,0,1.10,
P-9075-90-2026-00020,3609874,0,1.10,
P-1411-90-2026-00082,3609828,0,1.10,
P-2604-90-2026-00030,3610345,0,1.10,
P-2200-90-2026-00079,3610592,0,1.10,
P-4000-90-2026-00204,3611177,0,1.10,
P-4400-90-2026-00081,3611088,0,1.10,
P-3200-90-2026-00393,3610682,0,1.10,
P-3200-90-2026-00446,3611333,0,1.10,
P-9061-91-2026-00088,3610046,0,1.10,
P-9061-91-2026-00087,3610064,0,1.10,
P-9070-90-2026-00015,3610052,0,1.10,
P-9086-90-2026-00056,3610455,0,1.10,
P-3211-90-2026-00107,3610732,0,1.10,
P-2202-90-2026-00102,3611104,0,1.10,
P-1452-90-2026-00026,3610111,0,1.10,
P-2400-90-2026-00469,3610799,0,1.10,
P-2604-90-2026-00040,3610869,0,1.10,
P-9102-90-2026-00004,3610870,0,1.10,
P-9061-90-2026-00052,3611019,0,1.10,
P-1488-90-2026-00070,3610625,0,1.10,
P-4000-90-2026-00184,3610530,0,1.10,
P-4200-90-2026-00211,3610366,0,1.70,
P-2408-91-2026-00006,3610555,0,1.10,
P-4000-90-2026-00202,3611084,0,1.10,
P-3200-90-2026-00386,3610309,0,1.10,
P-4400-90-2026-00067,3610334,0,1.10,
P-2200-90-2026-00078,3610459,0,1.10,
P-9061-90-2026-00051,3610822,0,1.10,
P-2400-90-2026-00482,3611038,0,1.10,
P-4005-90-2026-00039,3611214,0,1.10,
P-2202-90-2026-00103,3611285,0,1.10,
P-3400-90-2026-00066,3610410,0,1.70,
P-3900-90-2026-00012,3610631,0,1.10,
P-4200-90-2026-00234,3611055,0,1.10,
P-4203-90-2026-00058,3610370,0,1.10,
P-4202-92-2026-00030,3610425,0,1.10,
P-9086-91-2026-00019,3610507,0,1.10,
P-4400-90-2026-00079,3611042,0,1.10,
P-3600-90-2026-00103,3610942,0,1.70,
P-1492-90-2026-00022,3610511,0,1.10,
P-3600-90-2026-00105,3611017,0,1.70,
P-2600-90-2026-00056,3610314,0,1.10,
P-3200-90-2026-00376,3610093,0,1.10,
P-4400-90-2026-00076,3610768,0,1.10,
P-4203-90-2026-00064,3610858,0,1.10,
P-1477-90-2026-00027,3610689,0,1.10,
P-1488-90-2026-00078,3611351,0,1.10,
P-3200-90-2026-00468,3611560,0,1.10,
P-1200-90-2026-00311,3611449,0,1.10,
P-9086-93-2026-00007,3611035,0,1.10,
P-3200-90-2026-00448,3611354,0,1.10,
P-3211-90-2026-00106,3610690,0,1.10,
P-1411-90-2026-00107,3611269,0,1.10,
P-2403-90-2026-00089,3610223,0,1.10,
P-2407-90-2026-00096,3610970,0,1.70,
P-2214-90-2026-00039,3611423,0,1.10,
P-1400-90-2026-00046,3611613,0,1.70,
P-3400-90-2026-00081,3611667,0,1.70,
P-4400-90-2026-00087,3611403,0,1.10,
P-3211-90-2026-00135,3611814,0,1.10,
P-3200-90-2026-00415,3610920,0,1.10,
P-4000-90-2026-00187,3610646,0,1.10,
P-4000-90-2026-00188,3610703,0,1.10,
P-4000-90-2026-00213,3611453,0,1.10,
P-1477-90-2026-00026,3610395,0,1.10,
P-3200-90-2026-00406,3610786,0,1.10,
P-8043-98-2026-00007,3607774,0,18.70,
P-2400-91-2026-00056,3610447,0,1.10,
P-1200-90-2026-00253,3610393,0,1.10,
P-2000-90-2026-00066,3610720,0,1.10,
P-3800-90-2026-00146,3610485,0,1.10,
P-4400-90-2026-00090,3611441,0,1.10,
P-1200-90-2026-00326,3611636,0,1.10,
P-9077-90-2026-00017,3610569,0,1.10,
P-9061-90-2026-00054,3611099,0,1.10,
P-4202-90-2026-00091,3611426,0,1.10,
P-2403-90-2026-00099,3610857,0,1.10,
P-3200-90-2026-00423,3610998,0,1.10,
P-9075-90-2026-00021,3610396,0,1.10,
P-2400-90-2026-00509,3611498,0,1.10,
P-3800-90-2026-00173,3611610,0,1.10,
P-8035-90-2026-00027,3611735,0,1.10,
P-3205-90-2026-00044,3611619,0,1.10,
P-1200-90-2026-00290,3611209,0,1.10,
P-1488-90-2026-00073,3610811,0,1.10,
P-1477-90-2026-00032,3611125,0,1.10,
P-3900-90-2026-00009,3610112,0,1.10,
P-8035-90-2026-00025,3611115,0,1.10,
P-4200-90-2026-00222,3610649,0,1.10,
P-1411-90-2026-00101,3610552,0,1.10,
P-1200-90-2026-00272,3610774,0,1.10,
P-1492-91-2026-00014,3611047,0,1.10,
P-1488-90-2026-00079,3611394,0,1.10,
P-2000-90-2026-00078,3611393,0,1.10,
P-1200-90-2026-00282,3611066,0,1.10,
P-4006-91-2026-00086,3611025,0,1.10,
P-3211-90-2026-00128,3611752,0,1.10,
P-2400-90-2026-00488,3611185,0,1.10,
P-1200-90-2026-00292,3611211,0,1.10,
P-4400-90-2026-00072,3610589,0,1.10,
P-2301-92-2026-00037,3610730,0,1.70,
P-2400-90-2026-00450,3610264,0,1.10,
P-4200-90-2026-00226,3610835,0,1.70,
P-2202-90-2026-00110,3611816,0,1.10,
P-2408-90-2026-00093,3611798,0,1.10,
P-9082-90-2026-00012,3611352,0,1.10,
P-3600-90-2026-00095,3610445,0,1.70,
P-2403-92-2026-00039,3611766,0,1.10,
P-1411-90-2026-00093,3610161,0,1.10,
P-2400-90-2026-00461,3610613,0,1.10,
P-1411-90-2026-00100,3610531,0,1.10,
P-4203-90-2026-00053,3610091,0,1.10,
P-4200-91-2026-00016,3610711,0,1.10,
P-9068-90-2026-00024,3610467,0,1.10,
P-1200-90-2026-00298,3611282,0,1.10,
P-1488-90-2026-00066,3610320,0,1.10,
P-3800-90-2026-00142,3610337,0,1.10,
P-9076-90-2026-00022,3611555,0,1.10,
P-2403-90-2026-00107,3611156,0,1.10,
P-9086-91-2026-00023,3613492,0,1.10,
P-2408-90-2026-00098,3612018,0,1.10,
P-9086-90-2026-00078,3612787,0,1.10,
P-1200-90-2026-00373,3612969,0,1.10,
P-2400-90-2026-00594,3612820,0,1.10,
P-1200-90-2026-00345,3612161,0,1.10,
P-2400-90-2026-00622,3613182,0,1.10,
P-3200-90-2026-00552,3612979,0,1.10,
P-2403-90-2026-00120,3612678,0,1.10,
P-3200-90-2026-00522,3612472,0,1.10,
P-2400-90-2026-00602,3612973,0,1.10,
P-3200-92-2026-00043,3612708,0,1.10,
P-1200-91-2026-00088,3612726,0,1.70,
P-2600-90-2026-00078,3613240,0,1.10,
P-1488-90-2026-00104,3612925,0,1.10,
P-3200-90-2026-00562,3613171,0,1.10,
P-8000-98-2026-00003,3609434,0,9.90,
P-2400-90-2026-00615,3613103,0,1.10,
P-3800-90-2026-00192,3612513,0,1.10,
P-1474-91-2026-00015,3613374,0,1.70,
P-2000-90-2026-00098,3612238,0,1.10,
P-2202-90-2026-00128,3613360,0,1.10,
P-8000-91-2026-00048,3612851,0,1.10,
P-3800-90-2026-00178,3611918,0,1.10,
P-1400-90-2026-00055,3612944,0,1.10,
P-3211-91-2026-00134,3612916,0,1.10,
P-1400-91-2026-00010,3612620,0,1.70,
P-4200-90-2026-00252,3612020,0,1.10,
P-2408-90-2026-00095,3611954,0,1.10,
P-2200-90-2026-00113,3612740,0,1.10,
P-2400-90-2026-00619,3613167,0,1.10,
P-1200-90-2025-03850,3338992,1,1.10,
P-3211-90-2026-00144,3612814,0,1.10,
P-2400-90-2026-00609,3613025,0,1.10,
P-1200-90-2026-00367,3612792,0,1.10,
P-4006-91-2026-00113,3613013,0,1.10,
P-1452-90-2026-00039,3612079,0,1.10,
P-4200-90-2026-00255,3612166,0,1.10,
P-4200-90-2026-00293,3613015,0,1.10,
P-4203-91-2026-00010,3612490,0,1.10,
P-1477-90-2026-00044,3613224,0,1.10,
P-3200-90-2026-00580,3613291,0,1.10,
P-2200-90-2026-00102,3612280,0,1.10,
P-2400-90-2026-00560,3612369,0,1.10,
P-2400-90-2026-00548,3612146,0,1.10,
P-4000-90-2026-00234,3612480,0,1.10,
P-2403-92-2026-00049,3612421,0,1.10,
P-3400-90-2026-00100,3612439,0,1.10,
P-4000-90-2026-00224,3612119,0,1.10,
P-2406-90-2026-00028,3612315,0,1.10,
P-4000-90-2026-00243,3612688,0,1.10,
P-2600-90-2026-00066,3611931,0,1.10,
P-3200-90-2026-00504,3612173,0,1.10,
P-1200-90-2026-00361,3612622,0,1.10,
P-1411-90-2026-00120,3612408,0,1.10,
P-3901-90-2026-00017,3612503,0,1.10,
P-2409-90-2026-00014,3612253,0,1.10,
P-4203-90-2026-00085,3612483,0,1.10,
P-9061-98-2025-00025,3507859,4,5.50,
P-4200-90-2026-00263,3612325,0,1.70,
P-1488-90-2026-00099,3612477,0,1.10,
P-2000-92-2026-00063,3612319,0,1.10,
P-4202-90-2026-00099,3612205,0,1.70,
P-2400-90-2026-00544,3612115,0,1.10,
P-3600-90-2026-00113,3612167,0,1.70,
P-3400-90-2026-00103,3613229,0,1.70,
P-9082-90-2026-00016,3613451,0,1.10,
P-8069-96-2025-00002,3251624,65,1.10,
P-2400-90-2026-00559,3612299,0,1.10,
P-1488-90-2026-00109,3613263,0,1.10,
P-3600-90-2026-00125,3612856,0,1.70,
P-1474-90-2026-00035,3613125,0,1.10,
P-9070-90-2026-00023,3613383,0,1.10,
P-3211-90-2026-00146,3612903,0,1.10,
P-2301-90-2026-00045,3612960,0,1.10,
P-2600-92-2026-00015,3613314,0,1.10,
P-2200-90-2026-00097,3612206,0,1.10,
P-9070-91-2026-00007,3613126,0,1.10,
P-2409-90-2026-00016,3612926,0,1.10,
P-4000-90-2026-00256,3613130,0,1.10,
P-3603-90-2026-00034,3612366,0,1.70,
P-4000-90-2026-00254,3613031,0,1.10,
P-1488-90-2026-00105,3613065,0,1.10,
P-2301-90-2026-00048,3613333,0,1.70,
P-3200-90-2026-00583,3613325,0,1.10,
P-2000-90-2026-00099,3612264,0,1.10,
P-2604-91-2026-00008,3613452,0,1.10,
P-2202-90-2026-00131,3613412,0,1.10,
P-3400-90-2026-00101,3612680,0,1.70,
P-4202-90-2026-00108,3613350,0,1.10,
P-1488-90-2026-00101,3612577,0,1.10,
P-3200-90-2026-00505,3612194,0,1.10,
P-4200-90-2026-00286,3612806,0,1.10,
P-2409-90-2026-00017,3613482,0,1.10,
P-1492-90-2026-00031,3612288,0,1.10,
P-2301-90-2026-00041,3612720,0,1.10,
P-2400-90-2026-00553,3612193,0,1.10,
P-4006-90-2026-00062,3613430,0,1.10,
P-9071-90-2026-00013,3613476,0,1.10,
P-4006-90-2026-00082,3614957,0,1.10,
P-2400-90-2026-00699,3614443,0,1.10,
P-2405-90-2026-00039,3614209,0,1.10,
P-2400-90-2026-00693,3614346,0,1.10,
P-1488-91-2026-00168,3614915,0,1.70,
P-9077-90-2026-00027,3613845,0,1.10,
P-2200-90-2026-00136,3614107,0,1.10,
P-1200-90-2026-00456,3614558,0,1.10,
P-3901-90-2026-00023,3614709,0,1.10,
P-4006-90-2026-00074,3614499,0,1.10,
P-1200-90-2026-00470,3614700,0,1.10,
P-3200-90-2026-00658,3614720,0,1.10,
P-1200-90-2026-00426,3614105,0,1.10,
P-2400-90-2026-00650,3613639,0,1.10,
P-1200-90-2026-00428,3614125,0,1.10,
P-2400-90-2026-00727,3614811,0,1.10,
P-4005-90-2026-00053,3614776,0,1.10,
P-3200-90-2026-00660,3614758,0,1.10,
P-9097-90-2026-00033,3614624,0,1.10,
P-1488-90-2026-00124,3614551,0,1.10,
P-9061-91-2026-00150,3614636,0,1.10,
P-2000-90-2026-00126,3614251,0,1.10,
P-1200-90-2026-00452,3614518,0,1.10,
P-3200-90-2026-00666,3614907,0,1.10,
P-1200-90-2026-00442,3614366,0,1.10,
P-3200-90-2026-00662,3614815,0,1.10,
P-3800-90-2026-00234,3614591,0,1.10,
P-1411-90-2026-00160,3614887,0,1.10,
P-1200-90-2026-00427,3614106,0,1.10,
P-2400-90-2026-00734,3614981,0,1.10,
P-4000-90-2026-00273,3613953,0,1.10,
P-1200-90-2026-00466,3614642,0,1.10,
P-9086-90-2026-00092,3614434,0,1.10,
P-2400-90-2026-00703,3614541,0,1.10,
P-1402-96-2026-00001,3608026,0,19.80,
P-9077-90-2026-00034,3614959,0,1.10,
P-2408-90-2026-00108,3613776,0,1.10,
P-4200-91-2026-00030,3614527,0,1.10,
P-3200-90-2026-00638,3614397,0,1.10,
P-2403-90-2026-00131,3614170,0,1.10,
P-3400-90-2026-00124,3614598,0,1.70,
P-4203-90-2026-00098,3613980,0,1.10,
P-2400-90-2026-00659,3613724,0,1.10,
P-9075-91-2026-00031,3613977,0,1.10,
P-1492-90-2026-00040,3613827,0,1.10,
P-9068-91-2026-00028,3614038,0,1.10,
P-3200-92-2026-00060,3613878,0,1.10,
P-8000-90-2026-00055,3614260,0,1.10,
P-3200-90-2026-00637,3614369,0,1.10,
P-9097-90-2026-00039,3614965,0,1.10,
P-2400-90-2026-00707,3614573,0,1.70,
P-1200-90-2026-00409,3613709,0,1.10,
P-9097-90-2026-00035,3614978,0,1.10,
P-2600-90-2026-00090,3613733,0,1.10,
P-3901-90-2026-00021,3614198,0,1.10,
P-9061-91-2026-00137,3613783,0,1.10,
P-2200-90-2026-00128,3613831,0,1.10,
P-2000-90-2026-00119,3613821,0,1.10,
P-2408-90-2026-00111,3614222,0,1.10,
P-3400-90-2026-00121,3614180,0,1.70,
P-3200-90-2026-00653,3614680,0,1.10,
P-4200-90-2026-00303,3613540,0,1.10,
P-3200-90-2026-00652,3614650,0,1.10,
P-3200-90-2026-00655,3614695,0,1.10,
P-3211-91-2026-00138,3613466,0,1.10,
P-2400-90-2026-00704,3614547,0,1.10,
P-2409-90-2026-00021,3613588,0,1.10,
P-1200-90-2026-00422,3614040,0,1.10,
P-3211-90-2026-00171,3614054,0,1.10,
P-9097-90-2026-00038,3614982,0,1.10,
P-1200-90-2026-00414,3613881,0,1.10,
P-4202-91-2026-00025,3613563,0,1.70,
P-2202-90-2026-00147,3614326,0,1.70,
P-3211-90-2026-00165,3613612,0,1.10,
P-2400-90-2026-00657,3613721,0,1.10,
P-2000-90-2026-00128,3614327,0,1.10,
P-3200-90-2026-00670,3614929,0,1.10,
P-3400-90-2026-00106,3613566,0,1.70,
P-4006-90-2026-00066,3614012,0,1.10,
P-1488-90-2026-00121,3614415,0,1.10,
P-3200-90-2026-00626,3614161,0,1.10,
P-4200-90-2026-00313,3614043,0,1.10,
P-9076-90-2026-00031,3614454,0,1.10,
P-3200-90-2026-00612,3613984,0,1.10,
P-2202-90-2026-00145,3614240,0,1.10,
P-1474-90-2026-00042,3614713,0,1.10,
P-3800-90-2026-00221,3613944,0,1.10,
P-3800-90-2026-00216,3613684,0,1.10,
P-2400-90-2026-00645,3613544,0,1.10,
P-2400-90-2026-00643,3613542,0,1.10,
P-2000-90-2026-00112,3613632,0,1.10,
P-9061-91-2026-00135,3613565,0,1.10,
P-3211-91-2026-00133,3612756,0,1.10,
P-2202-92-2026-00090,3613818,0,1.70,
P-2000-90-2026-00117,3613798,0,1.10,
P-3205-91-2026-00022,3613768,0,1.70,
P-9070-90-2026-00025,3613761,0,1.10,
P-2200-90-2026-00126,3613778,0,1.10,
P-4006-91-2026-00128,3613753,0,1.10,
P-2400-90-2026-00641,3613535,0,1.10,
P-2400-90-2026-00640,3613523,0,1.10,
P-4000-90-2026-00270,3613874,0,1.10,
P-2400-90-2026-00646,3613551,0,1.10,
P-2000-90-2026-00110,3613525,0,1.10,
P-2202-90-2026-00138,3613518,0,1.70,
P-2400-90-2026-00642,3613537,0,1.10,
P-9102-90-2026-00008,3615501,0,1.10,
P-1411-90-2026-00165,3615115,0,1.10,
P-3200-90-2026-00705,3615865,0,1.10,
P-3800-90-2026-00237,3615097,0,1.10,
P-9061-97-2025-00007,3529517,3,2.20,
P-2200-90-2026-00160,3615372,0,1.10,
P-4200-90-2026-00382,3615914,0,1.10,
P-4200-90-2026-00368,3615483,0,1.10,
P-2408-90-2026-00118,3615009,0,1.10,
P-2000-90-2026-00151,3615879,0,1.10,
P-2200-90-2026-00153,3615081,0,1.10,
P-1452-90-2026-00052,3615321,0,1.10,
P-9061-91-2026-00174,3615890,0,1.10,
P-4005-90-2026-00060,3615550,0,1.10,
P-2600-90-2026-00115,3615739,0,1.10,
P-2407-90-2026-00135,3615285,0,1.10,
P-3900-90-2026-00035,3615874,0,1.10,
P-9061-90-2026-00083,3615090,0,1.10,
P-4200-90-2026-00357,3615286,0,1.10,
P-3600-90-2026-00166,3616249,0,1.70,
P-3400-90-2026-00127,3615198,0,1.70,
P-3200-90-2026-00786,3616364,0,1.10,
P-4200-90-2026-00364,3615409,0,1.10,
P-2200-90-2026-00161,3615441,0,1.10,
P-3600-90-2026-00158,3615641,0,1.70,
P-3200-90-2026-00677,3615057,0,1.10,
P-2200-90-2026-00158,3615319,0,1.10,
P-4006-91-2026-00147,3615246,0,1.10,
P-4006-90-2026-00101,3616271,0,1.10,
P-2403-90-2026-00147,3615425,0,1.10,
P-1411-90-2026-00183,3616268,0,1.10,
P-1402-90-2026-00001,3615120,0,1.10,
P-1400-90-2026-00081,3615680,0,1.10,
P-2000-90-2026-00136,3615010,0,1.10,
P-4000-90-2026-00341,3616191,0,1.10,
P-2403-90-2026-00158,3615820,0,1.10,
P-3200-90-2026-00692,3615502,0,1.10,
P-2200-92-2026-00066,3615299,0,1.10,
P-2400-90-2026-00759,3615284,0,1.10,
P-2301-90-2026-00058,3615238,0,1.10,
P-3603-90-2026-00053,3616369,0,1.10,
P-3205-90-2026-00073,3616330,0,1.10,
P-2200-90-2026-00171,3616154,0,1.10,
P-4000-90-2026-00312,3615325,0,1.10,
P-1474-91-2026-00020,3615791,0,1.70,
P-2400-90-2026-00735,3615016,0,1.10,
P-2200-90-2026-00156,3615169,0,1.10,
P-2000-90-2026-00140,3615526,0,1.10,
P-3200-90-2026-00772,3616260,0,1.10,
P-1200-90-2026-00513,3616189,0,1.10,
P-3400-90-2026-00136,3616121,0,1.70,
P-4005-90-2026-00063,3616242,0,1.10,
P-9068-90-2026-00030,3614966,0,1.10,
P-2400-90-2026-00763,3615393,0,1.10,
P-3200-90-2026-00784,3616350,0,1.10,
P-2400-90-2026-00792,3615933,0,1.10,
P-3200-90-2026-00682,3615213,0,1.10,
P-9093-90-2026-00018,3615293,0,1.10,
P-4006-90-2026-00085,3615337,0,1.10,
P-3200-90-2026-00775,3616269,0,1.10,
P-1411-91-2026-00022,3615388,0,1.10,
P-2301-90-2026-00060,3615403,0,1.10,
P-1200-90-2026-00488,3615134,0,1.10,
P-9061-91-2026-00153,3614970,0,1.10,
P-2400-90-2026-00757,3615256,0,1.10,
P-1200-90-2026-00503,3615651,0,1.10,
P-9086-90-2026-00107,3615891,0,1.10,
P-4000-90-2026-00324,3615662,0,1.10,
P-9061-91-2026-00169,3615719,0,1.10,
P-1492-90-2026-00049,3615690,0,1.10,
P-2405-90-2026-00042,3615218,0,1.10,
P-9061-90-2026-00086,3615258,0,1.10,
P-1400-90-2026-00077,3615584,0,1.10,
P-3200-90-2026-00695,3615583,0,1.10,
P-1452-90-2026-00050,3615036,0,1.10,
P-3200-90-2026-00769,3616239,0,1.10,
P-4200-91-2026-00032,3616155,0,1.10,
P-1453-91-2026-00007,3614613,0,1.10,
P-3211-90-2026-00213,3616156,0,1.10,
P-9070-90-2026-00031,3615223,0,1.10,
P-4400-90-2026-00163,3616021,0,1.10,
P-2600-90-2026-00122,3616234,0,1.10,
P-3200-90-2026-00776,3616292,0,1.10,
P-3600-90-2026-00162,3615833,0,1.70,
P-1411-90-2026-00171,3615273,0,1.10,
P-1488-90-2026-00139,3616140,0,1.10,
P-1200-90-2026-00515,3616233,0,1.10,
P-4200-90-2026-00359,3615354,0,1.10,
P-3200-92-2026-00064,3615574,0,1.10,
P-9076-90-2026-00032,3615349,0,1.10,
P-1200-90-2026-00490,3615237,0,1.10,
P-2200-90-2026-00168,3616123,0,1.10,
P-1200-91-2026-00116,3615072,0,1.10,
P-1200-90-2026-00507,3615824,0,1.10,
P-2600-90-2026-00113,3615646,0,1.10,
P-2600-90-2026-00114,3615726,0,1.10,
P-4006-90-2026-00090,3615855,0,1.10,
P-1200-90-2026-00505,3615705,0,1.10,
P-4000-90-2026-00325,3615695,0,1.10,
P-4000-90-2026-00319,3615435,0,1.10,
P-3205-90-2026-00070,3615758,0,1.10,
P-8069-98-2026-00004,3609050,3,1.10,
P-4200-90-2026-00394,3616161,0,1.10,
P-1411-90-2026-00178,3616212,0,1.10,
P-2400-90-2026-00808,3616134,0,1.10,
P-3600-90-2026-00153,3615452,0,1.70,
P-1477-90-2026-00066,3615224,0,1.10,
P-9093-92-2026-00011,3617130,0,1.10,
P-9075-90-2026-00055,3616976,0,1.10,
P-3211-91-2026-00168,3616589,0,1.10,
P-3800-91-2026-00030,3616664,0,1.10,
P-1200-90-2026-00541,3616764,0,1.10,
P-4400-91-2026-00083,3616463,0,1.70,
P-3211-90-2026-00245,3617258,0,1.10,
P-4000-90-2026-00362,3617046,0,1.10,
P-2400-90-2026-00866,3617081,0,1.10,
P-9077-90-2026-00039,3617051,0,1.10,
P-4200-90-2026-00427,3617215,0,1.10,
P-1400-90-2026-00094,3617279,0,1.10,
P-3603-90-2026-00054,3616797,0,1.10,
P-9097-90-2026-00050,3616627,0,1.10,
P-1200-90-2026-00535,3616699,0,1.10,
P-2202-90-2026-00172,3617024,0,1.70,
P-4200-90-2026-00412,3616914,0,1.10,
P-4400-91-2026-00089,3617308,0,1.70,
P-1200-90-2026-00572,3617230,0,1.10,
P-1477-90-2026-00079,3617096,0,1.10,
P-9068-90-2026-00033,3616437,0,1.10,
P-2200-91-2026-00010,3616966,0,1.10,
P-3200-90-2026-00825,3617287,0,1.10,
P-3200-90-2026-00794,3616467,0,1.10,
P-4400-91-2026-00085,3616599,0,1.70,
P-1200-90-2026-00528,3616513,0,1.10,
P-4000-90-2026-00372,3617327,0,1.10,
P-2400-90-2026-00888,3617405,0,1.10,
P-3211-92-2026-00080,3616717,0,1.10,
P-3800-90-2026-00272,3616777,0,1.10,
P-2600-90-2026-00127,3616754,0,1.10,
P-1200-90-2026-00593,3617482,0,1.10,
P-9070-90-2026-00044,3617243,0,1.10,
P-4005-90-2026-00068,3616767,0,1.10,
P-3200-90-2026-00838,3617509,0,1.10,
P-9061-91-2026-00182,3617093,0,1.10,
P-1488-93-2026-00010,3616814,0,1.10,
P-3901-90-2026-00036,3617355,0,1.10,
P-2301-90-2026-00067,3616829,0,1.10,
P-4202-90-2026-00138,3616920,0,1.10,
P-1200-90-2026-00544,3616847,0,1.10,
P-3600-90-2026-00179,3617197,0,1.10,
P-2406-90-2026-00040,3616780,0,1.10,
P-1453-90-2026-00014,3617014,0,1.10,
P-3600-90-2026-00185,3617474,0,1.70,
P-4203-92-2026-00030,3616930,0,1.10,
P-3400-90-2026-00141,3616783,0,1.70,
P-2200-90-2026-00202,3617366,0,1.10,
P-1200-90-2026-00549,3616954,0,1.10,
P-9097-90-2026-00046,3616436,0,1.10,
P-3603-90-2026-00055,3617576,0,1.10,
P-2600-90-2026-00123,3616446,0,1.10,
P-3800-90-2026-00282,3617362,0,1.10,
P-2200-90-2026-00197,3617253,0,1.10,
P-4200-90-2026-00407,3616716,0,1.10,
P-3900-90-2026-00040,3616689,0,1.10,
P-2400-90-2026-00860,3616886,0,1.10,
P-4006-90-2026-00107,3616883,0,1.10,
P-9076-90-2026-00040,3616426,0,1.10,
P-1200-90-2026-00570,3617232,0,1.10,
P-2407-90-2026-00160,3617381,0,1.70,
P-2301-90-2026-00074,3617459,0,1.10,
P-1488-91-2026-00179,3617060,0,1.10,
P-4005-90-2026-00070,3617092,0,1.10,
P-9077-90-2026-00040,3617068,0,1.10,
P-4006-90-2026-00113,3617267,0,1.10,
P-2000-90-2026-00170,3617375,0,1.10,
P-2200-90-2026-00191,3617029,0,1.10,
P-3400-90-2026-00139,3616565,0,1.70,
P-1200-90-2026-00526,3616468,0,1.10,
P-2400-90-2026-00898,3617620,0,1.10,
P-4006-90-2026-00119,3617635,0,1.10,
P-1488-90-2026-00152,3617665,0,1.10,
P-2408-90-2026-00156,3617952,0,1.10,
P-2202-90-2026-00199,3617885,0,1.10,
P-4006-91-2026-00186,3617720,0,1.10,
P-1452-90-2026-00058,3617781,0,1.10,
P-4203-90-2026-00154,3618012,0,1.10,
P-2400-90-2026-00911,3617711,0,1.10,
P-2406-90-2026-00045,3617881,0,1.10,
P-9086-90-2026-00123,3617862,0,1.10,
P-2214-90-2026-00059,3617744,0,1.70,
P-3211-90-2026-00262,3617818,0,1.10,
P-2400-90-2026-00928,3617964,0,1.10,
P-9086-91-2026-00033,3617981,0,1.10,
P-2202-90-2026-00195,3617848,0,1.10,
P-9102-90-2026-00010,3617729,0,1.10,
P-1452-90-2026-00061,3617858,0,1.10,
P-9086-91-2026-00032,3617839,0,1.10,
P-9061-90-2026-00108,3617817,0,1.10,
P-9061-91-2026-00191,3618033,0,1.10,
P-8000-90-2026-00074,3617956,0,1.10,
P-2202-90-2026-00190,3617726,0,1.10,
P-1400-90-2026-00103,3617791,0,1.70,
P-1411-90-2026-00225,3618004,0,1.10,
P-9077-91-2026-00029,3619649,0,1.10,
P-3200-90-2026-00916,3619607,0,1.10,
P-2400-90-2026-01022,3619190,0,1.10,
P-4200-90-2026-00466,3618764,0,1.10,
P-3200-90-2026-00924,3619655,0,1.10,
P-9075-90-2026-00063,3618240,0,1.10,
P-4400-90-2026-00196,3618223,0,1.10,
P-4400-90-2026-00195,3618220,0,1.10,
P-2400-90-2026-00958,3618361,0,1.10,
P-2408-90-2026-00157,3618088,0,1.10,
P-2400-90-2026-00964,3618454,0,1.10,
P-4006-90-2026-00130,3618867,0,1.10,
P-9077-91-2026-00026,3618836,0,1.10,
P-9077-90-2026-00048,3618042,0,1.10,
P-3600-90-2026-00203,3618915,0,1.70,
P-4200-90-2026-00477,3618962,0,1.10,
P-1200-90-2026-00661,3619393,0,1.10,
P-9075-93-2026-00005,3618380,0,1.10,
P-2400-90-2026-00973,3618585,0,1.10,
P-2408-90-2026-00160,3618130,0,1.10,
P-3400-97-2025-00004,3313517,52,67.10,
P-1200-90-2026-00629,3618865,0,1.10,
P-2407-92-2026-00114,3618954,0,1.10,
P-2403-90-2026-00201,3618396,0,1.10,
P-2403-90-2026-00207,3618631,0,1.10,
P-9068-90-2026-00049,3619494,0,1.10,
P-1411-91-2026-00029,3619037,0,1.10,
P-1477-90-2026-00094,3619132,0,1.10,
P-2605-90-2026-00018,3618848,0,1.10,
P-4200-90-2026-00464,3618720,0,1.10,
P-2406-90-2026-00055,3619641,0,1.10,
P-2400-90-2026-01042,3619517,0,1.10,
P-3211-90-2026-00284,3619233,0,1.10,
P-3200-90-2026-00863,3618589,0,1.10,
P-9068-90-2026-00043,3618044,0,1.10,
P-3800-90-2026-00319,3619472,0,1.10,
P-1488-90-2026-00170,3619592,0,1.10,
P-4200-90-2026-00470,3618812,0,1.10,
P-3211-90-2026-00293,3619566,0,1.10,
P-4200-90-2026-00448,3618261,0,1.10,
P-4200-90-2026-00453,3618431,0,1.10,
P-4000-90-2026-00381,3618112,0,1.10,
P-1488-90-2026-00171,3619585,0,1.10,
P-3800-90-2026-00294,3618173,0,1.10,
P-4006-90-2026-00128,3618643,0,1.10,
P-4005-90-2026-00087,3618873,0,1.10,
P-1411-90-2026-00228,3618692,0,1.10,
P-2202-90-2026-00216,3618374,0,1.10,
P-2202-90-2026-00224,3619014,0,1.10,
P-1200-90-2026-00647,3619195,0,1.10,
P-3211-90-2026-00271,3618217,0,1.10,
P-3211-91-2026-00182,3618163,0,1.10,
P-2400-90-2026-01040,3619488,0,1.10,
P-2200-90-2026-00232,3619350,0,1.10,
P-1400-90-2026-00111,3619384,0,1.10,
P-3200-90-2026-00862,3618570,0,1.10,
P-4200-90-2026-00476,3618936,0,1.10,
P-2400-90-2026-01029,3619245,0,1.10,
P-2200-90-2026-00204,3618182,0,1.10,
P-4000-90-2026-00391,3618322,0,1.10,
P-2000-90-2026-00197,3619500,0,1.10,
P-2400-90-2026-01018,3619160,0,1.10,
P-2301-90-2026-00087,3619469,0,1.10,
P-2202-90-2026-00228,3619543,0,1.10,
P-2403-92-2026-00072,3619582,0,1.10,
P-3901-90-2026-00043,3619059,0,1.10,
P-4000-90-2026-00395,3618429,0,1.10,
P-2000-90-2026-00189,3619121,0,1.10,
P-2400-90-2026-00957,3618311,0,1.10,
P-2202-90-2026-00218,3618674,0,1.10,
P-8000-90-2026-00087,3619523,0,1.10,
P-4203-90-2026-00173,3619486,0,1.10,
P-2200-90-2026-00230,3619371,0,1.10,
P-2405-92-2026-00053,3619544,0,1.10,
P-2400-90-2026-00993,3618845,0,1.10,
P-8069-96-2026-00002,3607030,13,6.60,
P-2400-91-2026-00121,3618372,0,1.10,
P-3600-90-2026-00189,3618126,0,1.70,
P-2400-90-2026-00992,3618842,0,1.10,
P-2600-90-2026-00147,3619118,0,1.10,
P-2202-90-2026-00221,3618825,0,1.10,
P-2403-92-2026-00073,3619583,0,1.10,
P-2400-90-2026-00965,3618457,0,1.10,
P-2400-90-2026-01057,3619666,0,1.10,
P-2408-90-2026-00159,3618106,0,1.10,
P-3901-90-2026-00040,3618410,0,1.10,
P-9075-90-2026-00068,3619392,0,1.10,
P-2408-90-2026-00169,3618888,0,1.10,
P-2403-90-2026-00206,3618607,0,1.10,
P-4200-90-2026-00490,3619305,0,1.10,
P-3800-90-2026-00316,3619403,0,1.10,
P-9075-90-2026-00070,3619628,0,1.10,
P-2409-90-2026-00033,3618409,0,1.10,
P-3600-90-2026-00199,3618630,0,1.10,
P-2400-90-2026-00980,3618669,0,1.10,
P-2000-90-2026-00176,3618230,0,1.10,
P-9075-90-2026-00069,3619456,0,1.10,
P-4005-90-2026-00080,3618558,0,1.10,
P-9068-90-2026-00047,3618345,0,1.10,
P-4200-90-2026-00479,3618967,0,1.10,
P-2403-90-2026-00203,3618451,0,1.10,
P-9076-90-2026-00049,3619108,0,1.10,
P-2400-90-2026-00982,3618703,0,1.10,
P-3211-90-2026-00294,3619588,0,1.10,
P-3200-90-2026-00844,3618260,0,1.10,
P-9061-91-2026-00202,3618235,0,1.10,
P-3901-90-2026-00041,3618497,0,1.10,
P-4200-90-2026-00461,3618627,0,1.10,
P-1200-90-2026-00645,3619175,0,1.10,
P-2301-90-2026-00084,3618594,0,1.10,
P-2202-90-2026-00219,3618670,0,1.10,
P-2604-90-2026-00102,3618648,0,1.10,
P-9061-91-2026-00207,3618637,0,1.10,
P-9086-91-2026-00035,3618749,0,1.10,
P-4400-90-2026-00197,3618247,0,1.10,
P-3400-90-2026-00165,3618693,0,1.70,
P-4200-90-2026-00493,3619381,0,1.10,
P-8061-91-2026-00008,3619289,0,1.10,
P-3800-90-2026-00295,3618181,0,1.10,
P-3200-90-2026-00867,3618775,0,1.10,
P-2200-90-2026-00203,3618141,0,1.10,
P-2600-90-2026-00142,3618822,0,1.10,
P-1200-90-2026-00622,3618725,0,1.10,
P-3211-90-2026-00285,3619276,0,1.10,
P-4400-90-2026-00202,3618617,0,1.10,
P-9086-92-2026-00013,3619562,0,1.10,
P-3400-97-2025-00004,3313517,54,28.60,
P-4200-90-2026-00450,3618317,0,1.10,
P-2400-90-2026-00987,3618763,0,1.10,
P-3211-90-2026-00303,3620606,0,1.10,
P-1411-92-2026-00103,3620079,0,1.10,
P-3400-90-2026-00175,3619936,0,1.10,
P-2000-90-2026-00210,3620811,0,1.10,
P-3603-90-2026-00071,3620153,0,1.10,
P-3200-90-2026-00969,3620528,0,1.10,
P-3400-92-2026-00030,3620356,0,1.10,
P-4000-90-2026-00456,3620746,0,1.10,
P-2600-90-2026-00150,3619730,0,1.10,
P-3200-90-2026-00957,3620231,0,1.10,
P-1200-91-2026-00166,3620268,0,1.10,
P-8067-91-2026-00040,3616928,0,1.10,
P-3211-91-2026-00202,3620909,0,1.10,
P-2200-90-2026-00244,3620198,0,1.10,
P-3200-91-2026-00078,3620309,0,1.10,
P-1488-90-2026-00183,3620426,0,1.10,
P-4000-90-2026-00442,3620061,0,1.10,
P-3603-92-2026-00053,3620577,0,1.10,
P-3200-90-2026-00970,3620558,0,1.10,
P-8000-91-2026-00082,3620664,0,1.10,
P-4203-90-2026-00184,3620500,0,1.10,
P-2301-90-2026-00091,3620181,0,1.70,
P-4006-90-2026-00150,3620728,0,1.10,
P-3200-90-2026-00967,3620484,0,1.10,
P-4400-91-2026-00110,3620521,0,1.70,
P-3211-92-2026-00106,3620782,0,1.10,
P-2600-90-2026-00160,3620419,0,1.10,
P-4006-90-2026-00144,3620059,0,1.10,
P-3200-90-2026-00925,3619706,0,1.10,
P-4200-90-2026-00511,3620093,0,1.10,
P-1477-90-2026-00111,3620910,0,1.10,
P-4200-90-2026-00506,3619993,0,1.10,
P-4000-90-2026-00430,3619759,0,1.10,
P-3211-90-2026-00312,3620984,0,1.10,
P-2400-90-2026-01062,3619714,0,1.10,
P-2000-92-2026-00098,3619176,0,1.10,
P-1488-90-2026-00176,3620310,0,1.10,
P-2604-90-2026-00113,3620259,0,1.10,
P-4203-90-2026-00175,3619901,0,1.10,
P-1400-90-2026-00116,3620325,0,1.70,
P-3900-90-2026-00049,3620362,0,1.70,
P-2000-90-2026-00200,3619791,0,1.10,
P-2403-90-2026-00222,3620405,0,1.10,
P-1411-90-2026-00259,3620634,0,1.10,
P-2600-90-2026-00154,3619956,0,1.10,
P-1411-90-2026-00262,3620895,0,1.10,
P-2400-90-2026-01078,3619937,0,1.10,
P-2200-90-2026-00240,3620052,0,1.10,
P-8000-90-2026-00095,3620679,0,1.70,
P-9061-90-2026-00131,3619933,0,1.10,
P-2400-90-2026-01068,3619762,0,1.10,
P-2408-90-2026-00175,3619741,0,1.10,
P-1411-90-2026-00257,3620612,0,1.10,
P-9086-90-2026-00140,3620334,0,1.10,
P-2400-90-2026-01075,3619893,0,1.10,
P-2400-90-2026-01110,3620435,0,1.10,
P-1411-90-2026-00252,3620140,0,1.10,
P-1488-91-2026-00196,3620496,0,1.10,
P-2400-92-2026-00159,3620361,0,1.10,
P-1411-91-2026-00031,3619742,0,1.10,
P-4000-90-2026-00429,3619710,0,1.10,
P-4200-90-2026-00515,3620384,0,1.10,
P-8000-90-2026-00091,3620520,0,1.10,
P-1453-90-2026-00020,3620620,0,1.10,
P-8000-91-2025-00575,3349829,1,1.70,
P-3400-90-2026-00174,3619747,0,1.70,
P-2400-90-2026-01130,3620714,0,1.10,
P-1488-91-2026-00201,3620971,0,1.10,
P-9061-90-2026-00127,3619843,0,1.10,
P-1411-90-2026-00260,3620851,0,1.10,
P-2408-90-2026-00182,3620138,0,1.10,
P-9061-91-2026-00235,3620625,0,1.10,
P-4203-90-2026-00180,3620274,0,1.10,
P-4000-90-2026-00447,3620474,0,1.10,
P-8000-90-2026-00098,3620812,0,1.70,
P-9061-91-2026-00232,3620254,0,1.10,
P-4006-92-2026-00074,3620628,0,1.10,
P-4200-90-2026-00505,3619885,0,1.10,
P-4200-90-2026-00526,3620849,0,1.10,
P-2400-90-2026-01101,3620350,0,1.10,
P-3600-90-2026-00232,3620445,0,1.70,
P-2000-90-2026-00199,3619755,0,1.10,
P-3400-90-2026-00176,3619972,0,1.70,
P-3200-90-2026-01005,3621003,0,1.10,
P-1200-90-2026-00711,3620608,0,1.10,
P-9061-91-2026-00230,3619948,0,1.10,
P-8030-98-2025-00007,3289174,35,1.10,
P-1200-90-2026-00717,3620749,0,1.10,
P-2400-90-2026-01131,3620682,0,1.10,
P-4000-90-2026-00459,3620764,0,1.10,
P-4200-90-2026-00509,3620056,0,1.10,
P-1488-92-2026-00077,3620473,0,1.10,
P-2200-90-2026-00237,3619909,0,1.10,
P-2405-90-2026-00059,3619962,0,1.10,
P-2408-90-2026-00184,3620631,0,1.10,
P-9075-93-2026-00006,3620377,0,1.10,
P-4200-90-2026-00514,3620283,0,1.10,
P-1488-91-2026-00194,3619882,0,1.10,
P-3900-90-2026-00048,3620197,0,1.10,
P-1200-90-2026-00686,3620042,0,1.10,
P-9061-90-2026-00123,3619695,0,1.10,
P-4006-90-2026-00148,3620493,0,1.10,
P-4006-92-2026-00072,3619676,0,1.10,
P-1200-90-2026-00763,3621839,0,1.10,
P-1411-90-2026-00280,3622327,0,1.10,
P-1200-90-2026-00752,3621613,0,1.10,
P-2400-90-2026-01120,3620601,0,1.10,
P-9086-90-2026-00144,3621148,0,1.10,
P-1488-92-2026-00087,3621972,0,1.10,
P-9086-90-2026-00151,3621419,0,1.10,
P-1400-90-2026-00131,3622016,0,1.70,
P-3600-90-2026-00237,3621061,0,1.10,
P-1400-92-2026-00058,3621321,0,1.10,
P-3900-90-2026-00051,3622246,0,1.10,
P-4200-90-2026-00549,3621586,0,1.10,
P-1400-90-2026-00126,3621587,0,1.70,
P-2000-90-2026-00215,3621098,0,1.10,
P-2200-90-2026-00272,3621712,0,1.10,
P-3603-90-2026-00085,3621571,0,1.10,
P-8017-98-2025-00001,3441541,12,1.10,
P-2200-90-2026-00280,3622145,0,1.10,
P-9061-90-2026-00139,3621152,0,1.10,
P-2301-90-2026-00101,3621387,0,1.10,
P-8000-90-2026-00103,3622139,0,1.70,
P-4006-91-2026-00254,3621629,0,1.10,
P-3200-90-2026-01022,3621777,0,1.10,
P-3205-90-2026-00107,3622314,0,1.10,
P-4200-90-2026-00530,3621031,0,1.10,
P-2409-90-2026-00040,3621242,0,1.10,
P-4400-90-2026-00270,3622093,0,1.10,
P-2214-91-2026-00013,3621237,0,1.10,
P-1453-90-2026-00024,3621745,0,1.10,
P-2600-90-2026-00172,3621967,0,1.10,
P-2200-90-2026-00275,3621766,0,1.10,
P-9097-90-2026-00061,3621327,0,1.10,
P-4000-90-2026-00465,3621329,0,1.10,
P-2407-90-2026-00240,3622331,0,1.10,
P-3211-90-2026-00335,3622222,0,1.10,
P-7150-91-2026-00002,3621362,0,1.10,
P-4200-90-2026-00537,3621320,0,1.10,
P-1200-90-2026-00739,3621126,0,1.10,
P-9061-90-2026-00155,3621524,0,1.10,
P-4000-90-2026-00489,3622186,0,1.10,
P-4006-93-2026-00029,3622039,0,1.70,
P-1474-90-2026-00071,3621732,0,1.10,
P-3211-90-2026-00321,3621391,0,1.10,
P-4200-90-2026-00534,3621280,0,1.10,
P-9068-90-2026-00056,3621653,0,1.10,
P-9061-91-2026-00247,3621136,0,1.10,
P-3200-90-2026-01059,3622385,0,1.10,
P-3211-90-2026-00324,3621647,0,1.10,
P-2202-90-2026-00257,3621648,0,1.10,
P-2400-90-2026-01214,3622172,0,1.10,
P-2400-90-2026-01218,3622167,0,1.10,
P-9061-91-2026-00260,3621904,0,1.10,
P-1200-90-2026-00790,3622103,0,1.10,
P-9061-91-2026-00244,3621052,0,1.10,
P-4000-90-2026-00482,3621965,0,1.10,
P-1200-90-2026-00760,3621762,0,1.10,
P-2403-90-2026-00237,3621192,0,1.10,
P-3200-90-2026-01030,3621997,0,1.10,
P-4000-90-2026-00491,3622257,0,1.10,
P-2400-90-2026-01160,3621307,0,1.10,
P-4200-90-2026-00564,3621887,0,1.10,
P-4006-90-2026-00175,3622200,0,1.10,
P-1477-90-2026-00115,3621207,0,1.10,
P-4200-90-2026-00560,3621825,0,1.10,
P-9075-90-2026-00088,3622362,0,1.10,
P-1488-90-2026-00208,3622116,0,1.10,
P-2400-91-2026-00150,3621326,0,1.10,
P-9061-91-2026-00245,3621081,0,1.10,
P-2600-91-2026-00006,3621941,0,1.10,
P-2200-90-2026-00259,3621249,0,1.10,
P-2408-90-2026-00199,3622391,0,1.10,
P-2400-90-2026-01156,3621203,0,1.10,
P-2409-90-2026-00039,3621057,0,1.10,
P-2400-90-2026-01188,3621794,0,1.10,
P-4006-90-2026-00158,3621050,0,1.10,
P-1200-90-2026-00732,3621027,0,1.10,
P-9061-91-2026-00241,3621023,0,1.10,
P-4000-91-2026-00033,3621187,0,1.10,
P-2202-90-2026-00268,3622413,0,1.10,
P-4000-90-2026-00468,3621436,0,1.10,
P-2400-91-2026-00152,3621420,0,1.10,
P-4200-90-2026-00541,3621373,0,1.10,
P-1488-91-2026-00208,3621455,0,1.10,
P-2403-90-2026-00241,3621297,0,1.10,
P-2600-90-2026-00171,3621858,0,1.10,
P-9061-93-2026-00013,3622220,0,1.10,
P-2403-90-2026-00267,3622388,0,1.10,
P-2408-90-2026-00191,3621388,0,1.10,
P-4200-90-2026-00553,3621684,0,1.10,
P-4000-90-2026-00477,3621806,0,1.10,
P-2301-90-2026-00105,3621565,0,1.10,
P-1488-92-2026-00082,3621315,0,1.10,
P-3211-90-2026-00317,3621245,0,1.10,
P-4006-90-2026-00165,3621853,0,1.10,
P-2400-90-2026-01178,3621661,0,1.10,
P-1488-91-2026-00209,3621481,0,1.10,
P-4006-90-2026-00164,3621716,0,1.10,
P-3200-90-2026-01036,3622065,0,1.10,
P-3200-90-2026-01024,3621905,0,1.10,
P-3200-90-2026-01062,3622397,0,1.10,
P-4203-90-2026-00213,3622431,0,1.10,
P-3800-90-2026-00351,3621575,0,1.10,
P-2407-90-2026-00235,3622301,0,1.10,
P-2400-90-2026-01152,3621138,0,1.10,
P-4006-92-2026-00082,3622058,0,1.10,
P-2400-90-2026-01177,3621656,0,1.10,
P-2604-90-2026-00120,3621589,0,1.10,
P-1400-91-2026-00017,3622328,0,1.70,
P-4202-90-2026-00181,3621844,0,1.10,
P-4200-91-2026-00040,3621677,0,1.10,
P-3200-91-2026-00097,3621818,0,1.10,
P-3600-90-2026-00242,3621377,0,1.70,
P-2406-90-2026-00068,3623729,0,1.10,
P-2400-90-2026-01321,3623626,0,1.10,
P-3800-90-2026-00395,3623484,0,1.10,
P-2600-90-2026-00183,3623354,0,1.10,
P-4000-90-2026-00511,3622958,0,1.10,
P-1452-90-2026-00081,3623662,0,1.10,
P-1488-90-2026-00215,3622891,0,1.10,
P-3205-90-2026-00112,3622724,0,1.10,
P-2406-90-2026-00069,3623821,0,1.10,
P-2000-90-2026-00237,3623385,0,1.10,
P-3200-90-2026-01110,3623379,0,1.10,
P-9086-90-2026-00162,3623110,0,1.10,
P-4006-90-2026-00188,3622906,0,1.10,
P-8072-90-2026-00051,3623779,0,1.10,
P-4200-90-2026-00632,3623835,0,1.10,
P-4203-92-2026-00041,3622984,0,1.10,
P-8000-96-2025-00004,3537951,11,2.20,
P-1200-90-2026-00857,3623442,0,1.10,
P-2215-90-2026-00068,3623433,0,1.10,
P-1488-90-2026-00223,3623472,0,1.70,
P-2000-90-2026-00240,3623570,0,1.10,
P-3200-90-2026-01121,3623598,0,1.10,
P-4006-90-2026-00201,3623824,0,1.10,
P-2600-90-2026-00186,3623589,0,1.10,
P-8035-91-2026-00064,3623492,0,1.10,
P-9071-90-2026-00032,3622722,0,1.10,
P-2400-90-2026-01251,3622691,0,1.10,
P-2200-90-2026-00294,3622852,0,1.10,
P-1452-91-2026-00004,3623755,0,1.10,
P-2202-90-2026-00283,3623491,0,1.10,
P-2000-90-2026-00235,3623131,0,1.10,
P-2408-90-2026-00201,3622697,0,1.10,
P-1452-90-2026-00079,3622975,0,1.10,
P-9082-90-2026-00033,3622444,0,1.10,
P-2400-90-2026-01273,3623109,0,1.10,
P-2400-90-2026-01257,3622857,0,1.10,
P-1411-90-2026-00293,3623049,0,1.10,
P-9022-98-2025-00018,3482309,7,1.10,
P-4000-90-2026-00496,3622557,0,1.10,
P-9061-91-2026-00268,3622470,0,1.10,
P-3211-90-2026-00350,3622666,0,1.10,
P-4202-90-2026-00198,3622799,0,1.10,
P-4400-90-2026-00287,3622873,0,1.10,
P-9076-91-2026-00012,3622471,0,1.10,
P-4203-90-2026-00219,3622680,0,1.10,
P-1411-90-2026-00292,3622980,0,1.10,
P-4400-90-2026-00279,3622745,0,1.10,
P-1452-90-2026-00077,3622468,0,1.10,
P-2400-90-2026-01237,3622521,0,1.10,
P-3600-90-2026-00257,3622570,0,1.70,
P-1200-91-2026-00195,3623144,0,1.10,
P-1200-90-2026-00821,3622844,0,1.10,
P-4006-91-2026-00264,3622402,0,1.70,
P-3200-90-2026-01084,3622876,0,1.10,
P-2408-92-2026-00086,3622726,0,1.10,
P-4203-90-2026-00225,3623100,0,1.10,
P-1400-92-2026-00069,3622472,0,1.10,
P-2400-91-2026-00153,3621722,0,1.10,
P-2400-90-2026-01265,3622998,0,1.10,
P-2202-90-2026-00271,3622970,0,1.10,
P-2400-90-2026-01271,3623065,0,1.10,
P-2403-90-2026-00270,3622617,0,1.10,
P-3600-90-2026-00272,3623164,0,1.70,
P-4200-90-2026-00585,3622643,0,1.10,
P-1200-90-2026-00841,3623194,0,1.10,
P-1200-91-2026-00187,3622772,0,1.10,
P-1200-90-2026-00828,3622939,0,1.10,
P-4400-91-2026-00114,3622618,0,1.70,
P-2400-90-2026-01276,3623127,0,1.10,
P-2400-90-2026-01250,3622686,0,1.10,
P-2406-90-2026-00067,3623115,0,1.10,
P-2200-90-2026-00295,3622865,0,1.10,
P-1411-90-2026-00296,3623182,0,1.10,
P-2400-90-2026-01290,3623339,0,1.10,
P-3400-97-2026-00001,3615236,0,1.10,
P-4203-90-2026-00214,3622495,0,1.10,
P-2407-90-2026-00264,3623767,0,1.10,
P-2400-90-2026-01287,3623310,0,1.10,
P-2400-90-2026-01296,3623415,0,1.10,
P-4400-90-2026-00294,3623235,0,1.70,
P-4000-90-2026-00530,3623383,0,1.10,
P-9075-90-2026-00090,3623536,0,1.10,
P-2200-90-2026-00306,3623362,0,1.10,
P-1200-91-2026-00194,3623082,0,1.10,
P-2400-90-2026-01283,3623282,0,1.10,
P-3205-91-2026-00041,3623741,0,1.70,
P-2604-90-2026-00134,3623487,0,1.10,
P-2400-90-2026-01307,3623561,0,1.10,
P-2202-90-2026-00276,3623094,0,1.10,
P-4006-90-2026-00196,3623336,0,1.10,
P-4200-90-2026-00626,3623692,0,1.10,
P-2400-90-2026-01284,3623315,0,1.10,
P-3200-90-2026-01083,3622819,0,1.10,
P-1200-91-2026-00198,3623367,0,1.10,
P-3200-90-2026-01119,3623567,0,1.10,
P-4006-90-2026-00202,3623830,0,1.10,
P-3211-90-2026-00353,3622725,0,1.10,
P-4400-91-2026-00118,3623473,0,1.70,
P-9077-90-2026-00061,3622999,0,1.10,
P-8061-91-2026-00012,3622543,0,1.10,
P-1400-92-2026-00064,3622451,0,1.10,
P-3200-90-2026-01093,3623111,0,1.10,
P-2400-90-2026-01347,3623801,0,1.10,
P-9067-90-2026-00010,3623411,0,1.10,
P-2400-90-2026-01325,3623644,0,1.10,
P-2407-90-2026-00263,3623745,0,1.10,
P-1452-90-2026-00083,3623981,0,1.10,
P-1200-90-2026-00879,3624062,0,1.10,
P-2409-90-2026-00044,3623960,0,1.10,
P-2408-90-2026-00216,3623936,0,1.10,
P-3800-90-2026-00401,3624011,0,1.10,
P-2407-90-2026-00279,3624122,0,1.70,
P-9086-90-2026-00167,3623994,0,1.10,
P-3211-90-2026-00377,3623978,0,1.10,
P-2400-90-2026-01365,3624040,0,1.70,
P-3901-92-2026-00026,3624072,0,1.10,
P-3603-90-2026-00095,3623895,0,1.10,
P-4005-90-2026-00109,3623900,0,1.10,
P-2604-90-2026-00138,3623906,0,1.10,
P-4200-90-2026-00639,3623996,0,1.10,
P-2202-90-2026-00306,3624010,0,1.10,
P-9077-90-2026-00064,3624036,0,1.10,
P-1200-90-2026-00880,3624064,0,1.10,
P-4200-90-2026-00642,3624063,0,1.10,
P-4400-90-2026-00301,3624052,0,1.10,
P-8000-90-2026-00107,3623905,0,1.70,
P-4200-90-2026-00640,3624042,0,1.10,
P-2400-90-2026-01357,3623887,0,1.10,
P-2400-90-2026-01360,3623927,0,1.10,
P-9077-90-2026-00066,3624162,0,1.10,
P-1411-90-2026-00319,3623918,0,1.10,
P-9082-90-2026-00039,3624255,0,1.10,
P-4200-90-2026-00647,3624200,0,1.10,
P-4006-90-2026-00210,3624183,0,1.10,
P-9075-90-2026-00101,3624283,0,1.10,
P-2400-90-2026-01381,3624204,0,1.10,
P-2400-90-2026-01386,3624249,0,1.10,
P-2202-90-2026-00317,3624196,0,1.70,
P-3603-90-2026-00102,3624287,0,1.10,
P-9075-90-2026-00097,3624210,0,1.10,
P-2400-90-2026-01378,3624185,0,1.10,
P-4200-90-2026-00657,3624469,0,1.10,
P-3211-90-2026-00398,3624480,0,1.10,
P-3800-90-2026-00404,3624452,0,1.10,
P-9075-90-2026-00102,3624402,0,1.10,
P-4005-90-2026-00112,3624417,0,1.10,
P-4200-90-2026-00660,3624494,0,1.10,
P-2202-92-2026-00236,3624366,0,1.10,
P-3205-90-2026-00120,3624426,0,1.10,
P-3205-90-2026-00118,3624379,0,1.10,
P-4200-90-2026-00654,3624401,0,1.10,
P-9078-90-2026-00013,3624491,0,1.10,
P-1492-90-2026-00088,3624344,0,1.10,
P-1488-90-2026-00230,3624353,0,1.10,
P-4200-90-2026-00661,3624501,0,1.10,
P-4006-90-2026-00223,3624479,0,1.10,
P-9086-90-2026-00183,3624752,0,1.10,
P-2202-90-2026-00349,3624833,0,1.10,
P-2400-90-2026-01433,3624680,0,1.10,
P-4203-90-2026-00235,3624527,0,1.10,
P-2403-90-2026-00302,3624665,0,1.10,
P-2400-90-2026-01413,3624536,0,1.10,
P-1492-90-2026-00092,3624790,0,1.10,
P-4202-90-2026-00221,3624686,0,1.10,
P-2400-90-2026-01443,3624787,0,1.10,
P-1411-90-2026-00357,3624769,0,1.10,
P-4200-90-2026-00674,3624798,0,1.10,
P-2400-90-2026-01418,3624528,0,1.10,
P-2400-90-2026-01450,3624905,0,1.10,
P-2202-90-2026-00337,3624635,0,1.10,
P-3211-90-2026-00405,3624600,0,1.10,
P-8072-90-2026-00056,3624801,0,1.10,
P-3205-90-2026-00130,3624883,0,1.10,
P-2405-90-2026-00071,3624897,0,1.10,
P-4200-90-2026-00672,3624719,0,1.10,
P-2403-90-2026-00310,3624815,0,1.10,
P-9086-90-2026-00177,3624599,0,1.10,
P-2400-90-2026-01451,3624922,0,1.70,
P-1488-90-2026-00233,3624908,0,1.10,
P-3800-91-2026-00039,3624538,0,1.10,
P-2403-90-2026-00305,3624757,0,1.10,
P-9082-90-2026-00041,3624882,0,1.10,
P-1488-90-2026-00231,3624836,0,1.10,
P-3600-90-2026-00281,3624949,0,1.70,
P-3200-90-2026-01144,3624951,0,1.10,
P-2202-90-2026-00352,3624937,0,1.10,
P-4203-90-2026-00248,3625003,0,1.10,
P-4203-90-2026-00251,3625158,0,1.10,
P-2407-90-2026-00308,3625070,0,1.10,
P-9077-90-2026-00077,3624935,0,1.10,
P-2408-91-2026-00020,3625184,0,1.10,
P-3600-90-2026-00283,3625118,0,1.70,
P-4005-90-2026-00115,3625145,0,1.10,
P-2604-90-2026-00152,3625062,0,1.10,
P-2202-90-2026-00355,3625049,0,1.10,
P-8000-90-2026-00109,3625130,0,1.10,
P-4203-90-2026-00254,3625375,0,1.10,
P-2200-90-2026-00322,3625329,0,1.10,
P-2400-90-2026-01465,3625149,0,1.10,
P-1200-90-2026-00894,3625093,0,1.10,
P-9086-90-2026-00188,3625207,0,1.10,
P-4200-90-2026-00689,3625384,0,1.10,
P-2400-90-2026-01478,3625355,0,1.10,
P-1492-91-2026-00052,3624974,0,1.10,
P-9076-90-2026-00075,3625404,0,1.10,
P-4200-90-2026-00690,3625387,0,1.10,
P-2000-90-2026-00246,3625121,0,1.10,
P-4400-91-2026-00121,3625405,0,1.70,
P-1400-90-2026-00148,3625489,0,1.10,
P-2301-90-2026-00135,3625481,0,1.10,
P-1492-90-2026-00095,3625314,0,1.10,
P-2400-90-2026-01479,3625364,0,1.10,
P-2200-90-2026-00323,3625389,0,1.10,
P-1200-90-2026-00903,3625259,0,1.10,
P-9086-90-2026-00186,3624931,0,1.10,
P-4202-90-2026-00241,3625436,0,1.10,
P-2000-90-2026-00243,3624973,0,1.10,
P-3800-90-2026-00423,3625327,0,1.10,
P-2301-90-2026-00131,3625204,0,1.10,
P-2400-90-2026-01481,3625380,0,1.10,
P-9093-91-2026-00021,3626395,0,1.10,
P-9076-90-2026-00078,3626158,0,1.10,
P-2400-90-2026-01502,3625721,0,1.10,
P-2407-90-2026-00345,3626527,0,1.10,
P-4000-90-2026-00563,3625924,0,1.10,
P-2400-90-2026-01575,3626789,0,1.10,
P-2400-90-2026-01578,3626828,0,1.10,
P-3200-90-2026-01206,3626698,0,1.10,
P-2604-90-2026-00154,3625877,0,1.10,
P-3600-90-2026-00299,3626220,0,1.70,
P-2408-90-2026-00250,3625918,0,1.10,
P-9076-90-2026-00084,3627098,0,1.10,
P-3200-90-2026-01164,3625666,0,1.10,
P-1474-90-2026-00089,3625973,0,1.10,
P-4000-90-2026-00564,3626005,0,1.10,
P-1477-91-2026-00021,3625913,0,1.70,
P-1488-90-2026-00253,3627184,0,1.10,
P-2407-90-2026-00349,3627144,0,1.10,
P-3200-90-2026-01207,3626719,0,1.10,
P-2400-90-2026-01494,3625549,0,1.10,
P-4400-90-2026-00320,3626166,0,1.10,
P-3800-90-2026-00451,3626575,0,1.10,
P-4005-90-2026-00130,3626613,0,1.10,
P-2403-90-2026-00325,3625608,0,1.10,
P-1200-90-2026-00925,3625732,0,1.10,
P-2600-90-2026-00199,3626321,0,1.10,
P-1200-92-2026-00109,3626655,0,1.10,
P-2600-90-2026-00206,3626920,0,1.10,
P-1200-90-2026-00964,3626699,0,1.10,
P-1411-90-2026-00376,3626111,0,1.10,
P-3200-90-2026-01217,3626832,0,1.10,
P-8072-90-2026-00058,3625905,0,1.10,
P-4200-90-2026-00698,3625612,0,1.70,
P-4200-90-2026-00742,3626768,0,1.10,
P-2400-90-2026-01507,3625745,0,1.10,
P-2000-90-2026-00253,3625948,0,1.10,
P-2301-90-2026-00141,3626364,0,1.10,
P-4200-90-2026-00727,3626505,0,1.10,
P-2214-90-2026-00095,3625857,0,1.10,
P-2301-90-2026-00138,3625863,0,1.10,
P-3211-90-2026-00434,3626443,0,1.10,
P-4006-90-2026-00241,3625868,0,1.10,
P-1200-90-2026-00965,3626731,0,1.10,
P-3800-90-2026-00444,3626367,0,1.10,
P-3200-90-2026-01187,3626471,0,1.10,
P-8000-91-2026-00102,3626551,0,1.10,
P-1411-90-2026-00393,3627139,0,1.10,
P-3200-90-2026-01201,3626639,0,1.10,
P-4000-90-2026-00599,3626795,0,1.10,
P-9061-91-2026-00327,3626954,0,1.10,
P-2400-90-2026-01566,3626676,0,1.10,
P-2403-90-2026-00337,3627169,0,1.10,
P-1400-90-2026-00160,3627216,0,1.70,
P-4005-90-2026-00125,3626451,0,1.10,
P-2400-90-2026-01555,3626580,0,1.10,
P-1200-90-2026-00929,3625786,0,1.10,
P-3600-90-2026-00291,3625695,0,1.70,
P-9071-90-2026-00039,3626034,0,1.10,
P-3900-90-2026-00056,3625415,0,1.10,
P-4400-90-2026-00325,3626942,0,1.10,
P-3600-90-2026-00290,3625652,0,1.10,
P-3800-90-2026-00445,3626412,0,1.10,
P-4200-90-2026-00702,3625827,0,1.10,
P-2202-90-2026-00382,3627237,0,1.10,
P-9061-90-2026-00176,3626763,0,1.10,
P-3200-90-2026-01188,3626494,0,1.10,
P-3800-90-2026-00450,3626537,0,1.10,
P-4000-90-2026-00585,3626376,0,1.10,
P-4202-90-2026-00249,3626280,0,1.10,
P-2400-90-2026-01603,3627252,0,1.10,
P-2202-91-2026-00110,3625788,0,1.10,
P-2400-90-2026-01512,3625806,0,1.10,
P-2408-90-2026-00264,3627004,0,1.10,
P-2400-90-2026-01521,3626072,0,1.70,
P-2200-90-2026-00334,3626089,0,1.10,
P-1411-90-2026-00368,3625557,0,1.10,
P-2400-90-2026-01574,3626779,0,1.10,
P-3800-90-2026-00446,3626452,0,1.10,
P-3200-90-2026-01256,3627239,0,1.10,
P-1200-90-2026-00935,3625889,0,1.10,
P-3211-90-2026-00428,3626225,0,1.10,
P-4005-90-2026-00128,3626561,0,1.10,
P-4200-90-2026-00740,3626697,0,1.10,
P-1200-91-2026-00206,3624999,0,1.10,
P-3205-90-2026-00140,3626194,0,1.10,
P-1400-90-2026-00151,3626100,0,1.70,
P-2400-90-2026-01583,3626880,0,1.10,
P-1200-91-2026-00219,3626012,0,1.10,
P-3211-90-2026-00436,3626492,0,1.10,
P-1411-90-2026-00388,3627048,0,1.10,
P-1411-90-2026-00384,3626662,0,1.10,
P-3200-90-2026-01240,3627106,0,1.10,
P-4200-90-2026-00731,3626579,0,1.10,
P-9061-90-2026-00175,3626657,0,1.10,
P-2200-90-2026-00346,3626724,0,1.10,
P-3200-90-2026-01239,3627102,0,1.10,
P-1200-91-2026-00237,3626906,0,1.10,
P-2400-90-2026-01601,3627220,0,1.10,
P-1200-90-2026-00944,3626127,0,1.10,
P-2403-92-2026-00110,3627148,0,1.10,
P-1200-90-2026-00933,3625846,0,1.10,
P-4006-90-2026-00256,3626825,0,1.10,
P-2408-90-2026-00267,3627118,0,1.10,
P-8069-96-2026-00002,3607030,32,2.20,
P-3200-90-2026-01259,3627243,0,1.10,
P-4006-91-2026-00309,3625444,0,1.10,
P-4005-92-2026-00042,3626409,0,1.10,
P-3800-90-2026-00435,3625921,0,1.10,
P-4006-90-2026-00243,3626098,0,1.10,
P-9061-90-2026-00168,3625894,0,1.10,
P-2400-90-2026-01551,3626514,0,1.10,
P-1200-90-2026-00942,3626047,0,1.10,
P-2400-90-2026-01488,3625470,0,1.10,
P-2400-90-2026-01541,3626399,0,1.10,
P-8000-96-2026-00002,3605085,5,1.10,
P-1200-90-2026-00960,3626554,0,1.10,
P-2202-90-2026-00370,3626390,0,1.10,
P-9076-90-2026-00081,3626233,0,1.10,
P-9061-91-2026-00324,3626601,0,1.10,
P-1200-90-2026-00979,3626924,0,1.10,
P-3200-90-2026-01251,3627204,0,1.10,
P-2301-90-2026-00136,3625696,0,1.10,
P-9086-91-2026-00053,3625361,0,1.10,
P-1477-90-2026-00142,3625763,0,1.10,
P-4006-90-2026-00255,3626794,0,1.10,
P-4200-90-2026-00717,3626261,0,1.10,
P-3200-90-2026-01226,3626926,0,1.10,
P-9061-90-2026-00174,3626653,0,1.10,
P-9077-90-2026-00086,3627166,0,1.10,
P-2400-90-2026-01599,3627127,0,1.10,
P-9061-91-2026-00336,3627288,0,1.10,
P-3200-90-2026-01286,3627697,0,1.10,
P-3200-90-2026-01265,3627320,0,1.10,
P-1411-90-2026-00409,3627993,0,1.10,
P-2200-90-2026-00382,3628795,0,1.10,
P-3211-91-2026-00248,3626360,0,1.10,
P-1411-91-2026-00052,3627462,0,1.10,
P-3200-90-2026-01318,3628723,0,1.10,
P-1400-90-2026-00167,3628580,0,1.70,
P-2200-90-2026-00384,3628829,0,1.10,
P-1200-90-2026-01034,3628179,0,1.10,
P-2408-90-2026-00273,3627587,0,1.10,
P-3600-90-2026-00323,3628180,0,1.70,
P-2400-90-2026-01626,3627497,0,1.10,
P-3200-90-2026-01315,3628638,0,1.10,
P-2400-90-2026-01710,3628844,0,1.10,
P-9097-90-2026-00101,3627295,0,1.10,
P-1200-90-2026-01077,3628841,0,1.10,
P-9061-90-2026-00203,3628595,0,1.10,
P-4005-90-2026-00136,3627456,0,1.10,
P-2301-90-2026-00152,3628518,0,1.10,
P-4000-90-2026-00610,3627561,0,1.10,
P-3200-90-2026-01302,3628324,0,1.10,
P-3211-92-2026-00171,3628439,0,1.10,
P-3211-91-2026-00256,3627927,0,1.10,
P-1200-91-2026-00261,3628756,0,1.10,
P-9061-91-2026-00357,3628519,0,1.10,
P-1477-90-2026-00158,3627971,0,1.10,
P-9077-90-2026-00094,3627480,0,1.10,
P-2400-90-2026-01646,3627758,0,1.10,
P-2408-92-2026-00121,3628849,0,1.10,
P-4202-91-2026-00040,3627916,0,1.70,
P-3400-90-2026-00237,3627728,0,1.70,
P-1492-90-2026-00106,3627768,0,1.10,
P-1400-92-2026-00106,3628270,0,1.10,
P-2408-90-2026-00280,3628084,0,1.10,
P-4400-90-2026-00347,3628499,0,1.10,
P-2200-90-2026-00366,3628166,0,1.10,
P-9093-91-2026-00025,3628976,0,1.10,
P-2200-90-2026-00365,3628085,0,1.10,
P-2400-90-2026-01640,3627668,0,1.10,
P-2604-91-2026-00013,3628078,0,1.10,
P-2600-90-2026-00216,3628163,0,1.10,
P-3200-90-2026-01295,3628156,0,1.10,
P-3200-90-2026-01317,3628684,0,1.10,
P-1200-90-2026-01062,3628576,0,1.10,
P-3200-90-2026-01331,3628788,0,1.10,
P-1200-90-2026-01083,3628903,0,1.10,
P-3200-90-2026-01272,3627468,0,1.10,
P-1474-90-2026-00098,3628560,0,1.10,
P-9061-91-2026-00363,3628850,0,1.10,
P-2400-90-2026-01660,3628023,0,1.10,
P-2409-90-2026-00060,3627969,0,1.10,
P-2408-90-2026-00289,3629042,0,1.10,
P-3603-90-2026-00116,3627907,0,1.10,
P-3200-90-2026-01292,3628067,0,1.10,
P-3211-90-2026-00468,3627937,0,1.10,
P-3400-90-2026-00242,3628349,0,1.70,
P-4200-90-2026-00778,3627803,0,1.10,
P-1200-90-2026-01059,3628521,0,1.10,
P-4006-92-2026-00108,3628520,0,1.10,
P-1200-90-2026-01017,3627694,0,1.10,
P-1200-90-2026-01047,3628413,0,1.10,
P-3400-90-2026-00245,3628763,0,1.10,
P-2000-91-2026-00014,3628818,0,1.10,
P-2000-90-2026-00271,3627373,0,1.10,
P-9068-91-2026-00056,3628690,0,1.10,
P-3800-90-2026-00469,3627783,0,1.10,
P-2400-90-2026-01684,3628547,0,1.10,
P-2200-92-2026-00120,3627913,0,1.10,
P-1200-90-2026-01039,3628312,0,1.10,
P-4006-90-2026-00281,3628959,0,1.10,
P-2400-90-2026-01619,3627384,0,1.10,
P-4202-90-2026-00262,3628031,0,1.10,
P-2400-90-2026-01627,3627486,0,1.10,
P-3800-90-2026-00479,3628505,0,1.10,
P-9061-90-2026-00200,3628491,0,1.10,
P-1492-90-2026-00108,3628228,0,1.10,
P-8072-90-2026-00065,3628285,0,1.10,
P-3800-90-2026-00482,3628651,0,1.10,
P-4006-90-2026-00274,3628617,0,1.10,
P-1200-90-2026-01036,3628205,0,1.10,
P-4200-90-2026-00804,3628457,0,1.10,
P-3211-90-2026-00492,3628931,0,1.10,
P-4200-90-2026-00806,3628483,0,1.10,
P-2215-90-2026-00117,3628932,0,1.70,
P-4000-90-2026-00605,3627319,0,1.10,
P-2604-90-2026-00168,3628618,0,1.10,
P-3200-90-2026-01283,3627618,0,1.10,
P-1200-90-2026-01085,3628908,0,1.10,
P-3211-90-2026-00461,3627724,0,1.10,
P-2400-90-2026-01711,3628847,0,1.10,
P-2403-90-2026-00342,3627763,0,1.10,
P-1411-92-2026-00160,3628265,0,1.10,
P-9077-90-2026-00092,3627283,0,1.10,
P-2400-90-2026-01628,3627514,0,1.10,
P-3205-91-2026-00050,3628918,0,1.10,
P-8000-90-2026-00120,3627961,0,1.70,
P-1488-92-2026-00115,3627691,0,1.10,
P-3205-92-2026-00144,3628406,0,1.10,
P-3800-90-2026-00467,3627739,0,1.10,
P-1411-90-2026-00420,3628926,0,1.10,
P-4200-90-2026-00818,3628820,0,1.10,
P-2400-90-2026-01658,3627962,0,1.10,
P-1200-90-2026-01057,3628515,0,1.10,
P-4200-90-2026-00794,3628246,0,1.10,
P-3211-92-2026-00152,3626934,0,1.10,
P-2400-90-2026-01702,3628736,0,1.10,
P-4006-92-2026-00114,3628640,0,1.10,
P-2214-90-2026-00104,3627750,0,1.10,
P-3205-90-2026-00160,3628208,0,1.10,
P-1411-92-2026-00162,3628619,0,1.10,
P-2301-90-2026-00148,3628071,0,1.10,
P-4005-90-2026-00142,3629056,0,1.10,
P-1200-90-2026-01082,3628898,0,1.10,
P-4200-90-2026-00868,3630479,0,1.10,
P-2301-90-2026-00158,3629635,0,1.10,
P-1488-90-2026-00272,3629577,0,1.10,
P-9061-91-2026-00367,3629083,0,1.10,
P-3205-90-2026-00184,3630804,0,1.10,
P-4006-90-2026-00289,3629634,0,1.10,
P-3200-90-2026-01428,3630786,0,1.10,
P-3800-90-2026-00509,3629985,0,1.10,
P-2400-90-2026-01788,3630306,0,1.10,
P-2214-90-2026-00125,3630167,0,1.10,
P-4200-90-2026-00858,3630182,0,1.10,
P-2215-90-2026-00119,3630537,0,1.10,
P-8000-90-2026-00137,3630608,0,1.70,
P-4006-90-2026-00288,3629607,0,1.10,
P-1200-90-2026-01115,3629796,0,1.10,
P-9102-90-2026-00027,3630497,0,1.10,
P-9061-91-2026-00375,3629400,0,1.10,
P-3200-90-2026-01353,3629167,0,1.10,
P-4200-90-2026-00834,3629582,0,1.10,
P-8067-91-2026-00023,3613820,0,1.10,
P-1400-90-2026-00181,3630284,0,1.70,
P-9061-90-2026-00227,3630056,0,1.10,
P-9061-91-2026-00386,3629767,0,1.10,
P-3900-90-2026-00074,3630046,0,1.70,
P-4005-90-2026-00147,3630049,0,1.10,
P-9068-92-2026-00023,3629068,0,1.10,
P-4000-90-2026-00649,3629558,0,1.10,
P-9075-90-2026-00134,3630820,0,1.10,
P-4006-90-2026-00302,3630832,0,1.10,
P-2403-90-2026-00361,3629602,0,1.10,
P-4200-90-2026-00864,3630344,0,1.10,
P-2407-90-2026-00442,3630719,0,1.10,
P-2202-90-2026-00430,3630447,0,1.10,
P-2202-90-2026-00423,3629757,0,1.10,
P-2400-90-2026-01797,3630481,0,1.10,
P-2409-90-2026-00065,3630615,0,1.10,
P-3600-90-2026-00365,3630254,0,1.70,
P-2202-90-2026-00438,3630758,0,1.10,
P-3800-90-2026-00488,3629218,0,1.10,
P-2200-90-2026-00397,3629809,0,1.10,
P-3600-90-2026-00371,3630499,0,1.70,
P-1200-90-2026-01107,3629490,0,1.10,
P-2600-90-2026-00223,3629426,0,1.10,
P-1200-91-2026-00271,3629749,0,1.10,
P-9076-90-2026-00089,3629844,0,1.10,
P-1200-90-2026-01162,3630650,0,1.10,
P-1200-90-2026-01102,3629422,0,1.10,
P-9086-92-2026-00022,3630710,0,1.10,
P-2400-90-2026-01798,3630495,0,1.10,
P-2000-90-2026-00305,3629988,0,1.10,
P-2409-90-2026-00063,3629902,0,1.10,
P-1200-90-2026-01130,3630204,0,1.10,
P-1200-90-2026-01152,3630526,0,1.10,
P-1411-90-2026-00440,3629681,0,1.10,
P-2301-90-2026-00164,3630271,0,1.70,
P-2403-90-2026-00372,3630699,0,1.10,
P-2400-90-2026-01750,3629501,0,1.10,
P-2400-90-2026-01748,3629447,0,1.10,
P-8035-90-2026-00069,3630823,0,1.10,
P-4202-90-2026-00283,3629642,0,1.10,
P-2408-90-2026-00307,3630223,0,1.10,
P-4000-90-2026-00670,3630296,0,1.10,
P-1400-90-2026-00175,3629672,0,1.10,
P-1200-91-2026-00278,3630235,0,1.10,
P-2400-90-2026-01809,3630644,0,1.10,
P-9061-91-2026-00368,3629093,0,1.10,
P-2400-90-2026-01777,3630162,0,1.10,
P-4006-91-2026-00391,3630286,0,1.70,
P-4000-90-2026-00663,3630050,0,1.10,
P-2202-90-2026-00428,3630291,0,1.10,
P-4006-91-2026-00373,3628909,0,1.10,
P-1411-90-2026-00446,3630637,0,1.10,
P-4006-90-2026-00300,3630816,0,1.10,
P-3200-90-2026-01434,3630824,0,1.10,
P-9077-90-2026-00102,3629077,0,1.10,
P-3211-91-2026-00274,3629454,0,1.10,
P-3205-90-2026-00182,3630711,0,1.10,
P-4200-90-2026-00821,3629084,0,1.10,
P-4200-90-2026-00870,3630528,0,1.10,
P-2200-90-2026-00401,3629881,0,1.10,
P-2202-90-2026-00422,3629688,0,1.10,
P-2200-90-2026-00404,3630081,0,1.10,
P-2400-90-2026-01759,3629789,0,1.10,
P-1200-91-2026-00273,3629803,0,1.10,
P-3800-90-2026-00516,3630335,0,1.10,
P-3600-90-2026-00336,3629220,0,1.70,
P-2301-90-2026-00160,3629716,0,1.10,
P-1400-92-2026-00111,3629750,0,1.10,
P-2400-90-2026-01786,3630313,0,1.10,
P-2605-90-2026-00030,3629196,0,1.10,
P-2301-90-2026-00157,3629468,0,1.70,
P-8069-98-2026-00004,3609050,6,4.40,
P-4200-90-2026-00844,3629851,0,1.10,
P-8000-90-2026-00129,3630093,0,1.70,
P-3200-90-2026-01433,3630821,0,1.10,
P-7213-97-2026-00002,3598974,1,1.10,
P-4006-90-2026-00297,3630781,0,1.10,
P-2400-90-2026-01760,3629819,0,1.10,
P-3200-90-2026-01387,3630119,0,1.10,
P-2400-90-2026-01805,3630567,0,1.10,
P-2408-91-2026-00023,3629533,0,1.10,
P-2301-90-2026-00163,3629907,0,1.10,
P-2400-90-2026-01751,3629523,0,1.10,
P-3205-90-2026-00169,3629085,0,1.10,
P-2202-90-2026-00410,3629321,0,1.70,
P-2408-92-2026-00133,3630280,0,1.10,
P-1200-90-2026-01149,3630520,0,1.10,
P-2600-90-2026-00235,3631086,0,1.10,
P-1200-90-2026-01193,3631437,0,1.10,
P-3200-90-2026-01588,3632885,0,1.10,
P-2604-90-2026-00195,3631934,0,1.10,
P-3901-90-2026-00080,3631702,0,1.10,
P-2400-90-2026-01918,3632251,0,1.10,
P-2202-91-2026-00139,3631910,0,1.70,
P-4200-90-2026-00982,3632736,0,1.70,
P-2400-90-2026-01919,3632229,0,1.10,
P-2407-90-2026-00482,3631792,0,1.10,
P-2400-90-2026-02010,3633063,0,1.10,
P-4006-90-2026-00316,3631932,0,1.10,
P-4006-90-2026-00318,3632109,0,1.10,
P-3800-90-2026-00545,3631491,0,1.10,
P-2400-90-2026-01975,3632859,0,1.10,
P-9071-90-2026-00051,3632135,0,1.10,
P-1200-92-2026-00144,3632299,0,1.10,
P-1452-90-2026-00122,3632826,0,1.10,
P-2400-90-2026-01928,3632391,0,1.10,
P-1488-90-2026-00298,3632841,0,1.10,
P-4000-90-2026-00702,3631531,0,1.10,
P-2000-90-2026-00327,3631685,0,1.10,
P-2400-90-2026-01901,3631988,0,1.10,
P-2400-90-2026-01923,3632361,0,1.10,
P-2400-90-2026-01982,3632881,0,1.10,
P-3200-90-2026-01535,3632324,0,1.10,
P-1200-90-2026-01263,3632517,0,1.10,
P-2200-90-2026-00480,3632711,0,1.10,
P-2400-90-2026-01969,3632794,0,1.10,
P-4202-90-2026-00293,3631443,0,1.10,
P-3900-90-2026-00077,3631585,0,1.10,
P-2403-90-2026-00401,3632918,0,1.10,
P-2400-90-2026-01953,3632695,0,1.10,
P-9086-90-2026-00214,3631814,0,1.10,
P-2202-90-2026-00468,3632928,0,1.10,
P-2400-90-2026-02007,3633011,0,1.10,
P-2400-90-2026-01907,3632099,0,1.10,
P-3200-90-2026-01590,3632911,0,1.10,
P-1200-90-2026-01285,3632824,0,1.10,
P-2400-90-2026-01985,3632946,0,1.10,
P-4005-90-2026-00155,3631394,0,1.10,
P-2301-90-2026-00170,3631571,0,1.70,
P-1200-90-2026-01274,3632712,0,1.10,
P-2000-90-2026-00342,3632405,0,1.10,
P-1200-90-2026-01306,3633047,0,1.10,
P-2000-90-2026-00322,3631412,0,1.10,
P-3200-90-2026-01479,3631555,0,1.10,
P-2407-90-2026-00477,3631629,0,1.10,
P-1200-90-2026-01257,3632459,0,1.10,
P-4000-90-2026-00736,3632584,0,1.10,
P-1200-90-2026-01312,3633065,0,1.10,
P-1400-90-2026-00193,3631735,0,1.70,
P-1200-90-2026-01313,3633066,0,1.10,
P-3200-90-2026-01594,3632929,0,1.10,
P-3400-90-2026-00266,3631832,0,1.70,
P-2400-90-2026-01931,3632457,0,1.10,
P-1200-90-2026-01223,3632024,0,1.10,
P-2400-90-2026-01996,3632995,0,1.10,
P-1200-90-2026-01235,3632167,0,1.10,
P-4000-90-2026-00709,3631845,0,1.10,
P-4000-90-2026-00718,3632239,0,1.10,
P-3600-90-2026-00417,3631844,0,1.70,
P-3200-90-2026-01563,3632468,0,1.10,
P-2000-90-2026-00337,3632205,0,1.10,
P-1200-90-2026-01282,3632765,0,1.10,
P-3200-90-2026-01507,3631935,0,1.10,
P-4202-90-2026-00302,3632108,0,1.10,
P-2400-90-2026-01991,3632964,0,1.10,
P-2403-92-2026-00131,3632193,0,1.10,
P-4000-90-2026-00710,3631896,0,1.10,
P-2405-90-2026-00101,3632384,0,1.10,
P-2405-90-2026-00092,3632360,0,1.10,
P-4000-90-2026-00728,3632501,0,1.10,
P-3200-90-2026-01560,3632458,0,1.10,
P-9075-91-2026-00049,3632915,0,1.10,
P-4200-90-2026-00990,3632865,0,1.70,
P-2400-90-2026-01959,3632724,0,1.10,
P-2408-90-2026-00329,3632071,0,1.10,
P-3200-92-2026-00132,3632232,0,1.10,
P-4005-90-2026-00164,3632968,0,1.10,
P-2400-90-2026-01957,3632706,0,1.10,
P-4000-90-2026-00749,3632862,0,1.10,
P-4203-90-2026-00294,3631032,0,1.10,
P-1488-91-2026-00297,3632320,0,1.10,
P-3211-90-2026-00544,3632551,0,1.10,
P-3200-90-2026-01480,3631549,0,1.10,
P-2408-90-2026-00320,3631354,0,1.10,
P-3600-90-2026-00386,3631034,0,1.70,
P-3400-90-2026-00257,3631043,0,1.70,
P-4005-90-2026-00152,3631078,0,1.10,
P-3600-90-2026-00388,3631080,0,1.70,
P-9075-91-2026-00047,3631365,0,1.10,
P-3800-90-2026-00535,3631179,0,1.10,
P-2400-90-2026-01839,3631072,0,1.10,
P-2214-90-2026-00128,3631488,0,1.10,
P-4000-90-2026-00698,3631430,0,1.10,
P-2200-90-2026-00419,3630899,0,1.10,
P-4006-90-2026-00305,3631126,0,1.10,
P-2400-90-2026-01848,3631189,0,1.10,
P-2600-90-2026-00233,3630600,0,1.10,
P-3400-90-2026-00262,3631338,0,1.70,
P-4203-90-2026-00304,3631530,0,1.10,
P-3600-90-2026-00407,3631616,0,1.10,
P-3600-90-2026-00410,3631645,0,1.70,
P-2400-90-2026-01863,3631452,0,1.10,
P-2200-90-2026-00452,3631683,0,1.10,
P-4005-90-2026-00159,3631677,0,1.10,
P-3901-90-2026-00072,3630860,0,1.10,
P-4200-90-2026-00920,3631574,0,1.10,
P-2400-90-2026-01867,3631475,0,1.10,
P-1200-90-2026-01166,3630964,0,1.10,
P-2400-90-2026-01835,3631007,0,1.10,
P-3603-90-2026-00135,3631191,0,1.70,
P-4200-90-2026-00927,3631693,0,1.10,
P-4200-90-2026-00900,3631204,0,1.10,
P-2400-90-2026-01856,3631334,0,1.10,
P-1200-90-2026-01168,3631030,0,1.10,
P-3900-90-2026-00075,3631020,0,1.10,
P-1488-90-2026-00280,3630856,0,1.70,
P-2400-90-2026-02006,3633019,0,1.10,
P-2403-90-2026-00381,3631037,0,1.10,
P-3800-90-2026-00584,3632390,0,1.10,
P-3901-90-2026-00079,3631680,0,1.10,
P-2400-90-2026-01820,3630851,0,1.10,
P-1411-90-2026-00464,3631837,0,1.10,
P-2400-90-2026-01900,3631994,0,1.10,
P-4200-90-2026-00962,3632325,0,1.10,
P-3400-90-2026-00263,3631579,0,1.70,
P-2400-90-2026-01934,3632485,0,1.10,
P-1200-90-2026-01262,3632489,0,1.10,
P-1411-91-2026-00058,3631981,0,1.10,
P-1200-90-2026-01301,3633040,0,1.10,
P-2000-90-2026-00325,3631643,0,1.10,
P-1200-90-2026-01221,3632019,0,1.10,
P-1200-90-2026-01196,3631485,0,1.10,
P-4200-90-2026-00980,3632694,0,1.10,
P-2200-90-2026-00487,3632923,0,1.10,
P-1400-92-2026-00134,3631533,0,1.10,
P-4400-90-2026-00394,3632596,0,1.10,
P-2600-90-2026-00252,3632242,0,1.10,
P-4400-90-2026-00390,3632451,0,1.10,
P-2400-90-2026-02000,3633000,0,1.10,
P-2200-90-2026-00464,3632051,0,1.10,
P-2400-90-2026-01892,3631874,0,1.10,
P-3200-90-2026-01593,3632924,0,1.10,
P-2405-90-2026-00086,3632092,0,1.10,
P-1200-91-2026-00299,3632494,0,1.10,
P-3603-90-2026-00144,3632962,0,1.10,
P-2403-90-2026-00380,3631004,0,1.10,
P-2202-90-2026-00473,3632991,0,1.10,
P-9071-90-2026-00055,3633009,0,1.10,
P-2400-90-2026-01916,3632211,0,1.10,
P-1200-90-2026-01252,3632387,0,1.10,
P-3600-90-2026-00422,3631990,0,1.70,
P-2600-90-2026-00251,3632148,0,1.10,
P-2400-90-2026-01903,3632020,0,1.10,
P-2301-90-2026-00178,3632224,0,1.10,
P-2400-90-2026-01979,3632849,0,1.10,
P-2408-90-2026-00338,3632816,0,1.10,
P-1200-90-2026-01178,3631156,0,1.10,
P-3603-91-2026-00006,3631246,0,1.70,
P-4200-90-2026-00965,3632395,0,1.10,
P-4203-91-2026-00037,3632730,0,1.10,
P-4000-90-2026-00747,3632830,0,1.10,
P-4200-90-2026-00969,3632448,0,1.70,
P-3200-90-2026-01585,3632892,0,1.10,
P-2200-90-2026-00437,3631379,0,1.10,
P-9070-90-2026-00065,3633032,0,1.10,
P-2403-90-2026-00402,3632927,0,1.10,
P-2400-90-2026-02003,3633016,0,1.10,
P-2600-90-2026-00238,3631426,0,1.10,
P-3800-90-2026-00559,3631774,0,1.10,
P-8000-91-2026-00111,3630566,0,1.10,
P-1200-90-2026-01241,3632258,0,1.10,
P-4000-90-2026-00693,3631242,0,1.10,
P-1492-90-2026-00131,3632707,0,1.10,
P-1411-90-2026-00457,3631432,0,1.10,
P-2408-90-2026-00328,3631825,0,1.10,
P-4200-90-2026-00930,3631733,0,1.10,
P-4200-90-2026-00987,3632804,0,1.10,
P-2301-90-2026-00174,3631980,0,1.10,
P-3800-90-2026-00556,3631729,0,1.10,
P-2600-90-2026-00253,3632437,0,1.10,
P-2408-90-2026-00322,3631449,0,1.10,
P-2407-90-2026-00539,3633245,0,1.70,
P-9075-90-2026-00145,3633320,0,1.10,
P-4006-90-2026-00333,3633133,0,1.10,
P-2400-90-2026-02053,3633273,0,1.10,
P-1200-90-2026-01324,3633130,0,1.10,
P-2400-90-2026-02026,3633105,0,1.10,
P-1200-90-2026-01316,3633070,0,1.10,
P-2400-90-2026-02047,3633236,0,1.10,
P-2400-90-2026-02049,3633247,0,1.10,
P-3800-90-2026-00605,3633324,0,1.10,
P-3800-90-2026-00604,3633321,0,1.10,
P-4200-90-2026-01016,3633370,0,1.10,
P-9097-90-2026-00119,3633100,0,1.10,
P-2202-90-2026-00482,3633316,0,1.10,
P-2202-90-2026-00480,3633277,0,1.70,
P-4200-90-2026-01008,3633210,0,1.10,
P-1400-90-2026-00201,3633233,0,1.10,
P-1400-90-2026-00202,3633306,0,1.70,
P-1488-90-2026-00303,3633231,0,1.10,
P-2400-90-2026-02018,3633097,0,1.10,
P-2407-90-2026-00517,3633156,0,1.10,
P-2400-91-2026-00214,3633145,0,1.10,
P-4200-90-2026-00996,3633113,0,1.10,
P-1411-90-2026-00490,3633431,0,1.10,
P-1452-90-2026-00129,3633657,0,1.10,
P-2400-90-2026-02092,3633658,0,1.10,
P-2400-90-2026-02093,3633662,0,1.70,
P-2400-92-2026-00302,3633880,0,1.10,
P-4200-90-2026-01022,3633391,0,1.10,
P-2400-90-2026-02076,3633560,0,1.10,
P-4200-90-2026-01038,3633557,0,1.70,
P-9067-90-2026-00019,3633402,0,1.10,
P-2604-90-2026-00212,3633701,0,1.10,
P-3800-90-2026-00608,3633676,0,1.10,
P-2409-90-2026-00078,3633851,0,1.10,
P-2403-90-2026-00423,3633742,0,1.10,
P-9070-90-2026-00066,3633858,0,1.10,
P-3901-90-2026-00084,3633388,0,1.10,
P-4006-91-2026-00442,3633912,0,1.10,
P-2403-90-2026-00404,3633378,0,1.10,
P-1492-90-2026-00138,3633713,0,1.10,
P-1488-90-2026-00307,3633639,0,1.10,
P-9077-90-2026-00122,3633586,0,1.10,
P-2202-90-2026-00510,3633840,0,1.10,
P-2604-90-2026-00210,3633620,0,1.10,
P-1411-91-2026-00062,3633873,0,1.10,
P-2202-90-2026-00506,3633827,0,1.10,
P-2403-90-2026-00416,3633493,0,1.10,
P-2403-90-2026-00409,3633424,0,1.10,
P-4006-90-2026-00358,3633881,0,1.10,
P-2407-90-2026-00561,3633542,0,1.10,
P-2400-92-2026-00299,3633630,0,1.10,
P-2409-91-2026-00007,3633697,0,1.10,
P-2202-90-2026-00498,3633660,0,1.10,
P-9086-90-2026-00224,3633470,0,1.10,
P-3211-91-2026-00306,3633347,0,1.10,
P-4005-90-2026-00167,3633879,0,1.10,
P-4006-90-2026-00348,3633698,0,1.10,
P-1474-90-2026-00115,3633536,0,1.10,
P-3800-90-2026-00607,3633539,0,1.10,
P-4200-90-2026-01048,3633652,0,1.10,
P-1474-92-2026-00027,3633891,0,1.70,
P-1453-90-2026-00039,3633777,0,1.10,
P-1452-90-2026-00126,3633591,0,1.10,
P-2600-90-2026-00273,3634714,0,1.10,
P-2301-90-2026-00183,3634375,0,1.10,
P-4200-90-2026-01135,3635710,0,1.10,
P-3200-90-2026-01688,3635259,0,1.10,
P-1200-90-2026-01384,3635505,0,1.10,
P-2301-90-2026-00191,3635105,0,1.10,
P-4400-91-2026-00144,3635006,0,1.70,
P-2400-90-2026-02173,3634703,0,1.10,
P-4006-90-2026-00361,3634126,0,1.10,
P-2604-90-2026-00228,3635228,0,1.10,
P-2214-90-2026-00137,3634414,0,1.10,
P-4200-92-2026-00157,3634166,0,1.10,
P-9077-92-2026-00027,3634852,0,1.10,
P-3205-90-2026-00204,3634569,0,1.10,
P-2600-90-2026-00274,3634726,0,1.10,
P-4000-90-2026-00767,3634690,0,1.10,
P-1488-90-2026-00330,3635697,0,1.10,
P-3200-90-2026-01762,3636164,0,1.10,
P-9075-90-2026-00162,3636359,0,1.10,
P-4000-90-2026-00812,3635763,0,1.10,
P-3800-90-2026-00635,3634751,0,1.10,
P-4200-90-2026-01150,3636440,0,1.10,
P-3200-90-2026-01679,3635181,0,1.10,
P-2400-90-2026-02149,3634299,0,1.10,
P-2400-90-2026-02239,3635785,0,1.10,
P-3400-90-2026-00281,3634632,0,1.70,
P-3200-90-2026-01755,3636095,0,1.10,
P-4200-90-2026-01128,3635503,0,1.10,
P-9068-92-2026-00027,3635087,0,1.10,
P-3400-90-2026-00290,3635652,0,1.70,
P-3800-90-2026-00681,3635923,0,1.10,
P-8000-90-2026-00149,3635387,0,1.70,
P-9067-90-2026-00020,3635108,0,1.10,
P-3600-90-2026-00465,3634884,0,1.70,
P-1200-90-2026-01337,3634016,0,1.10,
P-1200-90-2026-01352,3634728,0,1.10,
P-4000-90-2026-00839,3636157,0,1.10,
P-3200-90-2026-01634,3634565,0,1.10,
P-2400-90-2026-02166,3634621,0,1.10,
P-2400-90-2026-02293,3636482,0,1.10,
P-3600-90-2026-00492,3635603,0,1.70,
P-1488-90-2026-00316,3634940,0,1.70,
P-9093-90-2026-00038,3634804,0,1.10,
P-1488-90-2026-00318,3635032,0,1.10,
P-3800-90-2026-00651,3635044,0,1.10,
P-1474-91-2026-00036,3634180,0,1.70,
P-2604-90-2026-00218,3634184,0,1.10,
P-1200-90-2026-01461,3636421,0,1.10,
P-2400-90-2026-02294,3636505,0,1.10,
P-1200-90-2026-01379,3635389,0,1.10,
P-9077-90-2026-00129,3634941,0,1.10,
P-4006-90-2026-00374,3635693,0,1.10,
P-9091-90-2026-00064,3636417,0,1.10,
P-1200-90-2026-01417,3635808,0,1.10,
P-2400-90-2026-02202,3635194,0,1.10,
P-1200-90-2026-01445,3636107,0,1.10,
P-2403-90-2026-00426,3634117,0,1.10,
P-3200-90-2026-01607,3634103,0,1.10,
P-4000-90-2026-00843,3636226,0,1.10,
P-3603-90-2026-00150,3634312,0,1.10,
P-9093-91-2026-00030,3634579,0,1.10,
P-2000-90-2026-00396,3636039,0,1.10,
P-3200-90-2026-01706,3635495,0,1.10,
P-1200-90-2026-01375,3635282,0,1.10,
P-3800-90-2026-00675,3635641,0,1.10,
P-2403-90-2026-00429,3634350,0,1.10,
P-3200-90-2026-01624,3634324,0,1.10,
P-1400-92-2026-00161,3635363,0,1.10,
P-1488-90-2026-00327,3635463,0,1.10,
P-4200-90-2026-01079,3634387,0,1.10,
P-3400-90-2026-00276,3634456,0,1.70,
P-2202-90-2026-00524,3634542,0,1.10,
P-2400-90-2026-02174,3634744,0,1.10,
P-1411-90-2026-00514,3635166,0,1.10,
P-8072-90-2026-00075,3635263,0,1.10,
P-2403-90-2026-00432,3634413,0,1.10,
P-3600-90-2026-00447,3634111,0,1.70,
P-3211-90-2026-00571,3634625,0,1.10,
P-2301-90-2026-00200,3636136,0,1.10,
P-1400-90-2026-00209,3634704,0,1.70,
P-4006-90-2026-00365,3634644,0,1.10,
P-3200-90-2026-01787,3636327,0,1.10,
P-1200-90-2026-01469,3636522,0,1.10,
P-2202-90-2026-00529,3634911,0,1.70,
P-3200-90-2026-01740,3635936,0,1.10,
P-1200-90-2026-01466,3636500,0,1.10,
P-3205-90-2026-00212,3635212,0,1.10,
P-2301-90-2026-00188,3635066,0,1.10,
P-1200-90-2026-01468,3636521,0,1.10,
P-4200-90-2026-01120,3635279,0,1.10,
P-4400-90-2026-00431,3635357,0,1.10,
P-3600-90-2026-00471,3635133,0,1.70,
P-3200-90-2026-01619,3634275,0,1.10,
P-2000-90-2026-00358,3634112,0,1.10,
P-4200-90-2026-01084,3634458,0,1.10,
P-9093-90-2026-00039,3634833,0,1.10,
P-4006-90-2026-00379,3635931,0,1.10,
P-4006-90-2026-00384,3636133,0,1.10,
P-4200-90-2026-01144,3635951,0,1.10,
P-2400-90-2026-02162,3634502,0,1.10,
P-2000-90-2026-00374,3634854,0,1.10,
P-4006-90-2026-00383,3636103,0,1.10,
P-2400-90-2026-02278,3636206,0,1.10,
P-4200-90-2026-01132,3635616,0,1.10,
P-2214-90-2026-00143,3635383,0,1.70,
P-1200-90-2026-01340,3634119,0,1.10,
P-2407-90-2026-00574,3635174,0,1.10,
P-1492-90-2026-00143,3634416,0,1.10,
P-2405-90-2026-00115,3634825,0,1.10,
P-4200-90-2026-01129,3635563,0,1.10,
P-4200-90-2026-01113,3635008,0,1.10,
P-9086-90-2026-00233,3634417,0,1.10,
P-4200-90-2026-01127,3635456,0,1.10,
P-9077-91-2026-00046,3633927,0,1.10,
P-1474-90-2026-00122,3635431,0,1.10,
P-2408-90-2026-00375,3634990,0,1.10,
P-3200-90-2026-01684,3635202,0,1.10,
P-1400-92-2026-00160,3635343,0,1.10,
P-2408-90-2026-00387,3635651,0,1.10,
P-3200-90-2026-01650,3634912,0,1.10,
P-2400-90-2026-02175,3634723,0,1.10,
P-1200-90-2026-01415,3635826,0,1.10,
P-9097-90-2026-00128,3635564,0,1.10,
P-4000-90-2026-00821,3635903,0,1.10,
P-2400-90-2026-02186,3634975,0,1.10,
P-1200-90-2026-01436,3635988,0,1.10,
P-2400-90-2026-02214,3635355,0,1.10,
P-3211-91-2026-00307,3633432,0,1.10,
P-3800-90-2026-00629,3634570,0,1.10,
P-4203-90-2026-00326,3633982,0,1.10,
P-4203-90-2026-00347,3635665,0,1.10,
P-2000-90-2026-00392,3635969,0,1.10,
P-1200-90-2026-01420,3635859,0,1.10,
P-2406-90-2026-00089,3634840,0,1.10,
P-4200-90-2026-01147,3636117,0,1.10,
P-2400-90-2026-02266,3636044,0,1.10,
P-4000-90-2026-00751,3634035,0,1.10,
P-3800-90-2026-00640,3634838,0,1.10,
P-3800-90-2026-00650,3635036,0,1.10,
P-1200-90-2026-01368,3635135,0,1.10,
P-3603-90-2026-00155,3635099,0,1.10,
P-4200-90-2026-01064,3634003,0,1.10,
P-3200-91-2026-00122,3635060,0,1.10,
P-3205-90-2026-00214,3635348,0,1.10,
P-2200-90-2026-00533,3636008,0,1.10,
P-2000-90-2026-00388,3635611,0,1.10,
P-2301-90-2026-00187,3634777,0,1.10,
P-8035-91-2026-00092,3636058,0,1.10,
P-9075-90-2026-00161,3636300,0,1.10,
P-1200-90-2026-01430,3635954,0,1.10,
P-2408-90-2026-00388,3635696,0,1.10,
P-3211-90-2026-00581,3635345,0,1.10,
P-9086-90-2026-00244,3636477,0,1.10,
P-4000-90-2026-00833,3636094,0,1.10,
P-1000-97-2026-00002,3626704,0,14.30,
P-2408-90-2026-00382,3635292,0,1.10,
P-4000-90-2026-00817,3635843,0,1.10,
P-2600-90-2026-00288,3635452,0,1.10,
P-3400-90-2026-00286,3635262,0,1.70,
P-2400-90-2026-02126,3633922,0,1.10,
P-4200-90-2026-01116,3635086,0,1.10,
P-2600-90-2026-00270,3634574,0,1.10,
P-2202-90-2026-00543,3636344,0,1.70,
P-2202-90-2026-00536,3635440,0,1.70,
P-2407-90-2026-00576,3635365,0,1.10,
P-1477-90-2026-00186,3635002,0,1.10,
P-3200-90-2026-01667,3635068,0,1.10,
P-2400-90-2026-02226,3635532,0,1.10,
P-8000-90-2026-00148,3635163,0,1.70,
P-4200-90-2026-01072,3634251,0,1.10,
P-3400-90-2026-00299,3636214,0,1.70,
P-2202-90-2026-00532,3635308,0,1.70,
P-4200-90-2026-01158,3636703,0,1.10,
P-1492-91-2026-00082,3636818,0,1.10,
P-1200-90-2026-01495,3636932,0,1.10,
P-9086-90-2026-00247,3636572,0,1.10,
P-2400-90-2026-02320,3636757,0,1.10,
P-1477-90-2026-00202,3636940,0,1.10,
P-1400-90-2026-00227,3636979,0,1.70,
P-4200-90-2026-01152,3636592,0,1.10,
P-1200-90-2026-01497,3636965,0,1.10,
P-9068-90-2026-00092,3636950,0,1.10,
P-3800-90-2026-00732,3637566,0,1.10,
P-1200-90-2026-01524,3637575,0,1.10,
P-2000-90-2026-00413,3637076,0,1.10,
P-9076-90-2026-00119,3637155,0,1.10,
P-3800-90-2026-00721,3637192,0,1.10,
P-4006-90-2026-00400,3637350,0,1.10,
P-1200-92-2026-00157,3636571,0,1.10,
P-2407-90-2026-00597,3636768,0,1.10,
P-3600-90-2026-00524,3637089,0,1.70,
P-2400-90-2026-02375,3637501,0,1.10,
P-1400-90-2026-00224,3636540,0,1.70,
P-3800-90-2026-00715,3637045,0,1.10,
P-2400-90-2026-02386,3637683,0,1.10,
P-2400-90-2026-02327,3636806,0,1.10,
P-4203-90-2026-00365,3637088,0,1.10,
P-3600-90-2026-00525,3637347,0,1.70,
P-2400-90-2026-02318,3636691,0,1.10,
P-3600-90-2026-00521,3637041,0,1.10,
P-3200-90-2026-01833,3637429,0,1.10,
P-2400-90-2026-02357,3637333,0,1.10,
P-2400-90-2026-02344,3637156,0,1.10,
P-2301-90-2026-00207,3637574,0,1.70,
P-4200-90-2026-01175,3637064,0,1.10,
P-2604-90-2026-00247,3637675,0,1.10,
P-9061-91-2026-00503,3637637,0,1.10,
P-9061-90-2026-00290,3637093,0,1.10,
P-1411-90-2026-00552,3637686,0,1.10,
P-4000-90-2026-00869,3637087,0,1.10,
P-4200-90-2026-01172,3636934,0,1.10,
P-9076-90-2026-00117,3636545,0,1.10,
P-2400-90-2026-02307,3636581,0,1.10,
P-1200-90-2026-01482,3636698,0,1.10,
P-2600-90-2026-00293,3636625,0,1.10,
P-3800-90-2026-00717,3637111,0,1.10,
P-3200-90-2026-01809,3636873,0,1.10,
P-1200-90-2026-01489,3636754,0,1.10,
P-3200-90-2026-01811,3636966,0,1.10,
P-2604-90-2026-00245,3637170,0,1.10,
P-4202-90-2026-00318,3637011,0,1.10,
P-2408-92-2026-00166,3636674,0,1.10,
P-2400-90-2026-02333,3636993,0,1.10,
P-3600-90-2026-00517,3636880,0,1.10,
P-2400-90-2026-02342,3637116,0,1.10,
P-4006-90-2026-00397,3637274,0,1.10,
P-2000-92-2026-00186,3637197,0,1.10,
P-9086-91-2026-00080,3637003,0,1.10,
P-2200-90-2026-00545,3637026,0,1.10,
P-2301-90-2026-00206,3637466,0,1.10,
P-3600-90-2026-00518,3636938,0,1.70,
P-2301-90-2026-00204,3637286,0,1.70,
P-3600-90-2026-00523,3637051,0,1.70,
P-1200-90-2026-01519,3637498,0,1.10,
P-3900-90-2026-00090,3636994,0,1.10,
P-9061-92-2026-00114,3637417,0,1.10,
P-2000-90-2026-00415,3637310,0,1.10,
P-3900-90-2026-00092,3637490,0,1.10,
P-4200-90-2026-01197,3637425,0,1.10,
P-8067-91-2026-00095,3637255,0,1.10,
P-4200-90-2026-01153,3636596,0,1.10,
P-2400-90-2026-02334,3636978,0,1.10,
P-4200-90-2026-01170,3636856,0,1.10,
P-2409-90-2026-00085,3637202,0,1.10,
P-2202-90-2026-00558,3637248,0,1.10,
P-3800-90-2026-00744,3638107,0,1.10,
P-3800-90-2026-00726,3637359,0,1.10,
P-4200-90-2026-01219,3637997,0,1.10,
P-4200-90-2026-01226,3638189,0,1.10,
P-2202-90-2026-00556,3637148,0,1.10,
P-1200-90-2026-01531,3637617,0,1.10,
P-1200-90-2026-01538,3637792,0,1.10,
P-1200-90-2026-01522,3637557,0,1.10,
P-4400-90-2026-00449,3636921,0,1.10,
P-3600-90-2026-00533,3637623,0,1.70,
P-4200-90-2026-01222,3638164,0,1.10,
P-8000-90-2026-00165,3637884,0,1.10,
P-2000-90-2026-00424,3637967,0,1.10,
P-2202-90-2026-00550,3636836,0,1.10,
P-4200-90-2026-01203,3637577,0,1.10,
P-3200-90-2026-01879,3638115,0,1.10,
P-3800-90-2026-00743,3638116,0,1.10,
P-2400-90-2026-02359,3637336,0,1.10,
P-3200-90-2026-01832,3637413,0,1.10,
P-3800-90-2026-00706,3636729,0,1.10,
P-2000-91-2026-00022,3637989,0,1.10,
P-3200-90-2026-01850,3637768,0,1.10,
P-3600-90-2026-00538,3638211,0,1.70,
P-9061-91-2026-00496,3636548,0,1.10,
P-4000-90-2026-00878,3637351,0,1.10,
P-3211-90-2026-00607,3637580,0,1.10,
P-9076-90-2026-00129,3638611,0,1.10,
P-9097-90-2026-00136,3637823,0,1.10,
P-1200-90-2026-01542,3637899,0,1.10,
P-1200-90-2026-01596,3638562,0,1.10,
P-9082-90-2026-00069,3637767,0,1.10,
P-9061-90-2026-00303,3638036,0,1.10,
P-1400-90-2026-00233,3638201,0,1.10,
P-3400-90-2026-00315,3638154,0,1.70,
P-3200-90-2026-01900,3638434,0,1.10,
P-1200-90-2026-01549,3638010,0,1.10,
P-3800-90-2026-00745,3638139,0,1.10,
P-1400-90-2026-00235,3638221,0,1.70,
P-3200-90-2026-01884,3638194,0,1.10,
P-3211-90-2026-00623,3638432,0,1.10,
P-9097-90-2026-00148,3638625,0,1.10,
P-1200-91-2026-00352,3638362,0,1.10,
P-4000-90-2026-00901,3638024,0,1.10,
P-4200-90-2026-01239,3638405,0,1.10,
P-4200-90-2026-01228,3638206,0,1.70,
P-9076-90-2026-00126,3638197,0,1.10,
P-3200-90-2026-01904,3638450,0,1.10,
P-4200-90-2026-01240,3638624,0,1.10,
P-3200-90-2026-01840,3637642,0,1.10,
P-3200-90-2026-01907,3638462,0,1.10,
P-3600-90-2026-00539,3638246,0,1.70,
P-3200-90-2026-01923,3638544,0,1.10,
P-4006-92-2026-00145,3638027,0,1.10,
P-1411-90-2026-00563,3638551,0,1.10,
P-2408-90-2026-00418,3638429,0,1.10,
P-2406-90-2026-00098,3638493,0,1.10,
P-1200-90-2026-01576,3638300,0,1.10,
P-4400-90-2026-00472,3638365,0,1.10,
P-1400-90-2026-00232,3638217,0,1.10,
P-2400-90-2026-02430,3638106,0,1.70,
P-2400-90-2026-02445,3638407,0,1.10,
P-3200-90-2026-01906,3638457,0,1.10,
P-3200-90-2026-01921,3638555,0,1.10,
P-1411-90-2026-00560,3638428,0,1.10,
P-1200-90-2026-01577,3638301,0,1.10,
P-2400-90-2026-02438,3638229,0,1.10,
P-1200-90-2026-01601,3638606,0,1.10,
P-4000-91-2026-00058,3637292,0,1.10,
P-2200-90-2026-00571,3638268,0,1.10,
P-4200-90-2026-01241,3638650,0,1.10,
P-2408-90-2026-00417,3638396,0,1.10,
P-3800-90-2026-00739,3637850,0,1.10,
P-1200-90-2026-01563,3638128,0,1.10,
P-1200-90-2026-01581,3638355,0,1.10,
P-2202-90-2026-00561,3637773,0,1.10,
P-1200-90-2026-01562,3638125,0,1.10,
P-1200-90-2026-01598,3638570,0,1.10,
P-2400-90-2026-02459,3638617,0,1.10,
P-1477-90-2026-00203,3637073,0,1.10,
P-2403-90-2026-00497,3638511,0,1.10,
P-1452-90-2026-00148,3638411,0,1.10,
P-1488-90-2026-00348,3638219,0,1.10,
P-4000-90-2026-00911,3638249,0,1.10,
P-2403-90-2026-00493,3638478,0,1.10,
P-2400-90-2026-02437,3638202,0,1.10,
P-9082-90-2026-00070,3637815,0,1.10,
P-1200-90-2026-01589,3638387,0,1.10,
P-4005-90-2026-00187,3638138,0,1.10,
P-3205-90-2026-00242,3638427,0,1.10,
P-4006-90-2026-00417,3638882,0,1.10,
P-4000-90-2026-00949,3639621,0,1.10,
P-2405-90-2026-00149,3638715,0,1.10,
P-9077-90-2026-00147,3639429,0,1.10,
P-2400-90-2026-02521,3639598,0,1.10,
P-3800-90-2026-00789,3639771,0,1.10,
P-4006-91-2026-00523,3639745,0,1.70,
P-1474-90-2026-00134,3640157,0,1.10,
P-8072-90-2026-00080,3638995,0,1.10,
P-2400-90-2026-02531,3639790,0,1.10,
P-1477-90-2026-00217,3640275,0,1.10,
P-4200-90-2026-01316,3640330,0,1.10,
P-2202-90-2026-00604,3640329,0,1.10,
P-2200-90-2026-00590,3639464,0,1.10,
P-9061-91-2026-00579,3639904,0,1.10,
P-4200-90-2026-01305,3639943,0,1.10,
P-2400-90-2026-02530,3639810,0,1.10,
P-2400-90-2026-02534,3639874,0,1.10,
P-3400-90-2026-00323,3639125,0,1.70,
P-1200-90-2026-01608,3638780,0,1.10,
P-1411-90-2026-00575,3639521,0,1.10,
P-9076-90-2026-00136,3638893,0,1.10,
P-1200-90-2026-01638,3639410,0,1.10,
P-2406-90-2026-00107,3640321,0,1.10,
P-2400-90-2026-02544,3639925,0,1.10,
P-1411-90-2026-00580,3639811,0,1.10,
P-3400-90-2026-00334,3639589,0,1.70,
P-2604-90-2026-00262,3639940,0,1.10,
P-2214-90-2026-00178,3639636,0,1.10,
P-2200-90-2026-00593,3639675,0,1.10,
P-3200-90-2026-01994,3639867,0,1.10,
P-2400-90-2026-02480,3638919,0,1.10,
P-1200-90-2026-01612,3638821,0,1.10,
P-3800-90-2026-00759,3638704,0,1.10,
P-3800-90-2026-00757,3638666,0,1.10,
P-2400-90-2026-02478,3638877,0,1.10,
P-2202-90-2025-01762,3343654,3,1.10,
P-3200-90-2026-01945,3638930,0,1.10,
P-4400-90-2026-00477,3639268,0,1.10,
P-2400-90-2026-02489,3639043,0,1.10,
P-9061-91-2026-00553,3638228,0,1.10,
P-1488-90-2026-00362,3639808,0,1.10,
P-4000-90-2026-00936,3639206,0,1.10,
P-8000-90-2026-00174,3639129,0,1.70,
P-3600-90-2026-00552,3639286,0,1.70,
P-2200-90-2026-00579,3638776,0,1.10,
P-9075-90-2026-00173,3638973,0,1.10,
P-4000-91-2026-00062,3638335,0,1.10,
P-4203-92-2026-00084,3639285,0,1.10,
P-2403-90-2026-00503,3639008,0,1.10,
P-4000-90-2026-00935,3639183,0,1.10,
P-3603-90-2026-00176,3639236,0,1.10,
P-2400-90-2026-02506,3639346,0,1.10,
P-2400-90-2026-02490,3639051,0,1.10,
P-3900-90-2026-00097,3638804,0,1.10,
P-1200-90-2026-01675,3639975,0,1.10,
P-8000-90-2026-00171,3638716,0,1.10,
P-1411-90-2026-00574,3639503,0,1.10,
P-2408-92-2026-00181,3639233,0,1.10,
P-1200-90-2026-01671,3639916,0,1.10,
P-1411-91-2026-00071,3638602,0,1.70,
P-8000-91-2026-00133,3639388,0,1.70,
P-9082-90-2026-00074,3639136,0,1.10,
P-1488-91-2026-00352,3639752,0,1.10,
P-1200-90-2026-01634,3639340,0,1.10,
P-1200-90-2026-01688,3640038,0,1.10,
P-4203-90-2026-00387,3638962,0,1.10,
P-4200-90-2026-01315,3640298,0,1.10,
P-2202-90-2026-00587,3639135,0,1.70,
P-4006-91-2026-00506,3638454,0,1.10,
P-4005-90-2026-00193,3639415,0,1.10,
P-3600-90-2026-00568,3639926,0,1.70,
P-3200-90-2026-01998,3639927,0,1.10,
P-3800-90-2026-00780,3639320,0,1.10,
P-1200-90-2026-01661,3639799,0,1.10,
P-4006-90-2026-00421,3639421,0,1.10,
P-1200-90-2026-01662,3639800,0,1.10,
P-2202-90-2026-00597,3640164,0,1.10,
P-9077-90-2026-00145,3639158,0,1.10,
P-3200-90-2026-01958,3639203,0,1.10,
P-2604-90-2026-00261,3639505,0,1.10,
P-2214-90-2026-00174,3639436,0,1.10,
P-3200-90-2026-01986,3639772,0,1.10,
P-3400-90-2026-00327,3639384,0,1.70,
P-1200-90-2026-01663,3639812,0,1.10,
P-1200-90-2026-01640,3639459,0,1.10,
P-1200-90-2026-01693,3640066,0,1.10,
P-2400-90-2026-02520,3639581,0,1.10,
P-2200-90-2026-00594,3639684,0,1.10,
P-1452-90-2026-00153,3639111,0,1.10,
P-3901-90-2026-00096,3638682,0,1.10,
P-3200-90-2026-01937,3638810,0,1.10,
P-3400-97-2025-00004,3313517,63,15.40,
P-3200-90-2026-01954,3639170,0,1.10,
P-2200-91-2026-00024,3639633,0,1.10,
P-8000-90-2026-00175,3639131,0,1.70,
P-1200-90-2026-01611,3638806,0,1.10,
P-3600-90-2026-00567,3639911,0,1.70,
P-1200-90-2026-01636,3639357,0,1.10,
P-4000-90-2026-00918,3638706,0,1.10,
P-4203-90-2026-00388,3639015,0,1.10,
P-1488-90-2026-00368,3640030,0,1.10,
P-4203-90-2026-00400,3640053,0,1.10,
P-3603-90-2026-00178,3639350,0,1.10,
P-3200-91-2026-00143,3640186,0,1.10,
P-1200-90-2026-01673,3639949,0,1.10,
P-8072-90-2026-00084,3639649,0,1.10,
P-2400-90-2026-02545,3639960,0,1.10,
P-3800-90-2026-00765,3638809,0,1.10,
P-2400-90-2026-02472,3638742,0,1.10,
P-3800-90-2026-00777,3639106,0,1.10,
P-2407-90-2026-00634,3639195,0,1.10,
P-2407-90-2026-00646,3639439,0,1.10,
P-9091-90-2026-00089,3639667,0,1.10,
P-1200-90-2026-01687,3640020,0,1.10,
P-3600-90-2026-00546,3638957,0,1.70,
P-2403-90-2026-00506,3639095,0,1.10,
P-1200-90-2026-01660,3639777,0,1.10,
P-3800-90-2026-00802,3640228,0,1.10,
P-4000-91-2026-00064,3639846,0,1.10,
P-4000-90-2026-00937,3639260,0,1.10,
P-1477-90-2026-00213,3639570,0,1.10,
P-2200-90-2026-00598,3640054,0,1.10,
P-8040-98-2026-00001,3603897,0,12.10,
P-2214-90-2026-00162,3638969,0,1.10,
P-1488-90-2026-00361,3639805,0,1.10,
P-4200-90-2026-01262,3639168,0,1.10,
P-8072-90-2026-00083,3639430,0,1.10,
P-9061-90-2026-00325,3640119,0,1.10,
P-2403-90-2026-00518,3640203,0,1.10,
P-9093-91-2026-00033,3638610,0,1.10,
P-2400-90-2026-02496,3639134,0,1.10,
P-3200-90-2026-02009,3640021,0,1.10,
P-1400-90-2026-00247,3640263,0,1.10,
P-9075-90-2026-00179,3640226,0,1.10,
P-2403-90-2026-00510,3639401,0,1.10,
P-2409-90-2026-00099,3641846,0,1.10,
P-2400-90-2026-02567,3640464,0,1.10,
P-3200-90-2026-02114,3641930,0,1.10,
P-2400-90-2026-02591,3640793,0,1.10,
P-3600-90-2026-00603,3641585,0,1.70,
P-2400-90-2026-02671,3641621,0,1.10,
P-3800-90-2026-00812,3640717,0,1.10,
P-4200-90-2026-01338,3640743,0,1.10,
P-4203-90-2026-00417,3641669,0,1.10,
P-1488-90-2026-00384,3641511,0,1.10,
P-1477-90-2026-00228,3641028,0,1.10,
P-3211-92-2026-00246,3641812,0,1.10,
P-9077-90-2026-00163,3641406,0,1.10,
P-8000-98-2025-00013,3582573,2,1.10,
P-8061-91-2026-00016,3640628,0,1.10,
P-3211-90-2026-00666,3641398,0,1.10,
P-9097-90-2026-00152,3640433,0,1.10,
P-2408-90-2026-00453,3641013,0,1.10,
P-4000-90-2026-01003,3641626,0,1.10,
P-1492-92-2026-00176,3641670,0,1.10,
P-2400-90-2026-02582,3640645,0,1.10,
P-1411-90-2026-00594,3640766,0,1.10,
P-2400-90-2026-02573,3640528,0,1.10,
P-4200-90-2026-01322,3640405,0,1.10,
P-4000-90-2026-00976,3640925,0,1.10,
P-4200-90-2026-01333,3640686,0,1.10,
P-2400-90-2026-02595,3640787,0,1.10,
P-1453-90-2026-00053,3640675,0,1.10,
P-1200-90-2026-01709,3640525,0,1.10,
P-1200-90-2026-01723,3640944,0,1.10,
P-4000-90-2026-00981,3641047,0,1.10,
P-2000-91-2026-00026,3640492,0,1.10,
P-3200-90-2026-02031,3640436,0,1.10,
P-9061-91-2026-00618,3640679,0,1.10,
P-3901-90-2026-00104,3640669,0,1.10,
P-1477-90-2026-00220,3640472,0,1.10,
P-9068-90-2026-00113,3640577,0,1.10,
P-2400-90-2026-02601,3640869,0,1.10,
P-1200-90-2026-01727,3641022,0,1.10,
P-2000-90-2026-00444,3640380,0,1.10,
P-1453-90-2026-00054,3640795,0,1.10,
P-4400-90-2026-00494,3640623,0,1.10,
P-2301-90-2026-00226,3640429,0,1.10,
P-2600-90-2026-00318,3640582,0,1.10,
P-1452-90-2026-00159,3640440,0,1.10,
P-3211-90-2026-00657,3640744,0,1.10,
P-1411-90-2026-00589,3640457,0,1.10,
P-1492-90-2026-00170,3641120,0,1.10,
P-2400-91-2026-00254,3641021,0,1.10,
P-3800-92-2026-00153,3641239,0,1.10,
P-9061-91-2026-00638,3641296,0,1.10,
P-1453-90-2026-00060,3641956,0,1.10,
P-3200-90-2026-02037,3640576,0,1.10,
P-1200-91-2026-00380,3640454,0,1.10,
P-3200-90-2026-02043,3640852,0,1.10,
P-3200-90-2026-02093,3641709,0,1.10,
P-2400-90-2026-02602,3640894,0,1.10,
P-3400-90-2026-00353,3641330,0,1.70,
P-1200-90-2026-01712,3640557,0,1.10,
P-3200-90-2026-02116,3641946,0,1.10,
P-4006-90-2026-00453,3641816,0,1.10,
P-4000-90-2026-01002,3641584,0,1.10,
P-1200-91-2026-00392,3641606,0,1.10,
P-1200-90-2026-01759,3641568,0,1.10,
P-4000-90-2026-00967,3640701,0,1.10,
P-2400-90-2026-02693,3641967,0,1.10,
P-3205-90-2026-00258,3640915,0,1.10,
P-2400-90-2026-02680,3641715,0,1.10,
P-1488-91-2026-00372,3641558,0,1.10,
P-4400-91-2026-00158,3640729,0,1.70,
P-4203-90-2026-00416,3641657,0,1.10,
P-4400-90-2026-00502,3641343,0,1.10,
P-9075-90-2026-00184,3640542,0,1.10,
P-1411-90-2026-00613,3641937,0,1.10,
P-2301-90-2026-00237,3641650,0,1.10,
P-1411-91-2026-00077,3641849,0,1.10,
P-2400-90-2026-02603,3640906,0,1.10,
P-1400-90-2026-00254,3640695,0,1.10,
P-1400-90-2026-00265,3641865,0,1.10,
P-2408-90-2026-00459,3641767,0,1.10,
P-9068-90-2026-00115,3641919,0,1.10,
P-2403-90-2026-00535,3641027,0,1.10,
P-1200-90-2026-01775,3641877,0,1.10,
P-3603-90-2026-00182,3640533,0,1.10,
P-3600-90-2026-00586,3640613,0,1.70,
P-1400-92-2026-00189,3641071,0,1.10,
P-2400-90-2026-02606,3640943,0,1.10,
P-4000-90-2026-00990,3641281,0,1.10,
P-4200-90-2026-01364,3641412,0,1.10,
P-2400-90-2026-02694,3641969,0,1.10,
P-3211-90-2026-00656,3640677,0,1.10,
P-4200-90-2026-01332,3640678,0,1.10,
P-4203-92-2026-00087,3640769,0,1.10,
P-3800-90-2026-00831,3641510,0,1.10,
P-1492-90-2026-00169,3640962,0,1.10,
P-4000-90-2026-01012,3641797,0,1.10,
P-3200-90-2026-02101,3641848,0,1.10,
P-1453-90-2026-00057,3641446,0,1.10,
P-9061-90-2026-00330,3641648,0,1.10,
P-3200-90-2026-02103,3641894,0,1.10,
P-3600-90-2026-00597,3641244,0,1.70,
P-8000-90-2026-00192,3641773,0,1.70,
P-1200-90-2026-01746,3641347,0,1.10,
P-1200-90-2026-01756,3641536,0,1.10,
P-2400-90-2026-02655,3641533,0,1.10,
P-2400-90-2026-02678,3641685,0,1.10,
P-1200-90-2026-01730,3641158,0,1.10,
P-3200-90-2026-02075,3641569,0,1.10,
P-1400-92-2026-00191,3641260,0,1.10,
P-1400-90-2026-00258,3641178,0,1.10,
P-2408-90-2026-00462,3641867,0,1.10,
P-2407-91-2026-00112,3641875,0,1.10,
P-1492-90-2026-00178,3641677,0,1.10,
P-2604-90-2026-00273,3641396,0,1.10,
P-1200-90-2026-01749,3641463,0,1.10,
P-2600-90-2026-00325,3641582,0,1.10,
P-2604-92-2026-00097,3641502,0,1.10,
P-2400-90-2026-02637,3641408,0,1.10,
P-1400-92-2026-00194,3641364,0,1.10,
P-2202-90-2026-00625,3641530,0,1.70,
P-2400-91-2026-00246,3639472,0,1.10,
P-1200-90-2026-01758,3641564,0,1.10,
P-8000-90-2026-00191,3641738,0,1.70,
P-4203-90-2026-00414,3641188,0,1.10,
P-1200-91-2026-00387,3641324,0,1.10,
P-2400-90-2026-02642,3641438,0,1.10,
P-2400-90-2026-02632,3641329,0,1.10,
P-3600-90-2026-00596,3641181,0,1.70,
P-3205-90-2026-00262,3641179,0,1.10,
P-4200-90-2026-01389,3641998,0,1.10,
P-1200-90-2026-01780,3641994,0,1.10,
P-2301-90-2026-00238,3641814,0,1.10,
P-3600-90-2026-00604,3641644,0,1.70,
P-3800-90-2026-00813,3640789,0,1.10,
P-4400-90-2026-00503,3641429,0,1.10,
P-2400-90-2026-02669,3641614,0,1.10,
P-2400-90-2026-02587,3640712,0,1.10,
P-9077-90-2026-00166,3642723,0,1.10,
P-4006-90-2026-00463,3642410,0,1.10,
P-4200-90-2026-01396,3642069,0,1.10,
P-3800-90-2026-00866,3642910,0,1.10,
P-1488-92-2026-00171,3643007,0,1.10,
P-4203-90-2026-00423,3642257,0,1.10,
P-1200-90-2026-01804,3642470,0,1.10,
P-2400-90-2026-02740,3642711,0,1.10,
P-2200-90-2026-00627,3642527,0,1.10,
P-9075-90-2026-00194,3642310,0,1.10,
P-9061-91-2026-00672,3642551,0,1.10,
P-3600-90-2026-00623,3642565,0,1.70,
P-2400-90-2026-02741,3642744,0,1.10,
P-2200-90-2026-00634,3642789,0,1.10,
P-2400-90-2026-02778,3643188,0,1.10,
P-2301-90-2026-00250,3643460,0,1.10,
P-9061-90-2026-00332,3642411,0,1.10,
P-1200-90-2026-01793,3642341,0,1.10,
P-9061-91-2026-00635,3641109,0,1.10,
P-2408-90-2026-00477,3642797,0,1.10,
P-2400-90-2026-02714,3642234,0,1.10,
P-3200-90-2026-02158,3642818,0,1.10,
P-9086-90-2026-00278,3643064,0,1.10,
P-1200-90-2026-01806,3642539,0,1.10,
P-3800-90-2026-00859,3642729,0,1.10,
P-3211-91-2026-00361,3642439,0,1.10,
P-2400-90-2026-02717,3642258,0,1.10,
P-9082-90-2026-00083,3643022,0,1.10,
P-3200-90-2026-02206,3643384,0,1.10,
P-3603-90-2026-00206,3643537,0,1.10,
P-2400-90-2026-02744,3642794,0,1.10,
P-4200-90-2026-01407,3642321,0,1.10,
P-1411-90-2026-00632,3643536,0,1.10,
P-2408-90-2026-00484,3643481,0,1.10,
P-9068-90-2026-00118,3643089,0,1.10,
P-9061-91-2026-00663,3642070,0,1.10,
P-4000-92-2026-00127,3642446,0,1.10,
P-2604-90-2026-00287,3642913,0,1.10,
P-2400-90-2026-02721,3642395,0,1.10,
P-3800-90-2026-00847,3642416,0,1.10,
P-3211-90-2026-00688,3642821,0,1.10,
P-4203-90-2026-00433,3643173,0,1.10,
P-1400-90-2026-00266,3642480,0,1.70,
P-3200-90-2026-02189,3643208,0,1.10,
P-9075-90-2026-00195,3642413,0,1.10,
P-9093-90-2026-00046,3642765,0,1.10,
P-1488-90-2026-00400,3643413,0,1.10,
P-4006-90-2026-00480,3643589,0,1.10,
P-2600-90-2026-00335,3643114,0,1.10,
P-9061-91-2026-00660,3642032,0,1.10,
P-3200-90-2026-02149,3642583,0,1.10,
P-3211-91-2026-00365,3642842,0,1.10,
P-3211-90-2026-00682,3642313,0,1.10,
P-2200-90-2026-00635,3642833,0,1.10,
P-3600-90-2026-00637,3643106,0,1.10,
P-1000-96-2025-00007,3376675,23,1.10,
P-2407-90-2026-00753,3643622,0,1.70,
P-9076-90-2026-00150,3642014,0,1.10,
P-3600-90-2026-00611,3642087,0,1.70,
P-3800-90-2026-00840,3642243,0,1.10,
P-2400-90-2026-02719,3642384,0,1.10,
P-4202-90-2026-00359,3642823,0,1.70,
P-1492-91-2026-00091,3642260,0,1.10,
P-4005-90-2026-00206,3642337,0,1.10,
P-2301-90-2026-00252,3643601,0,1.10,
P-3200-90-2026-02128,3642266,0,1.10,
P-2400-90-2026-02711,3642165,0,1.10,
P-3200-90-2026-02161,3642856,0,1.10,
P-4400-90-2026-00512,3642130,0,1.10,
P-3200-90-2026-02145,3642509,0,1.10,
P-4000-90-2026-01028,3642475,0,1.10,
P-3600-90-2026-00620,3642440,0,1.70,
P-1492-91-2026-00092,3642285,0,1.10,
P-2200-90-2026-00624,3642325,0,1.10,
P-3600-90-2026-00618,3642338,0,1.70,
P-2202-90-2026-00653,3642925,0,1.10,
P-3600-90-2026-00643,3643396,0,1.70,
P-9102-90-2026-00045,3643620,0,1.70,
P-1411-90-2026-00611,3641854,0,1.10,
P-9075-91-2026-00055,3643184,0,1.10,
P-4203-90-2026-00430,3642803,0,1.10,
P-2000-93-2026-00023,3641540,0,1.10,
P-3200-90-2026-02205,3643367,0,1.10,
P-1200-91-2026-00408,3643257,0,1.10,
P-3211-90-2026-00708,3643590,0,1.10,
P-4000-90-2026-01040,3642827,0,1.10,
P-3600-90-2026-00626,3642615,0,1.70,
P-2600-90-2026-00328,3642076,0,1.10,
P-1200-90-2026-01847,3643254,0,1.10,
P-2202-90-2026-00654,3642940,0,1.10,
P-4200-90-2026-01401,3642134,0,1.10,
P-4200-90-2026-01439,3643091,0,1.10,
P-3800-90-2026-00837,3642127,0,1.10,
P-8072-90-2026-00092,3643039,0,1.10,
P-2200-90-2026-00629,3642653,0,1.10,
P-4200-90-2026-01422,3642739,0,1.10,
P-2000-90-2026-00475,3643392,0,1.10,
P-4200-90-2026-01404,3642171,0,1.10,
P-4200-90-2026-01424,3642816,0,1.10,
P-4000-90-2026-01019,3642230,0,1.10,
P-3211-90-2026-00683,3642574,0,1.10,
P-9061-91-2026-00674,3642757,0,1.10,
P-9076-90-2026-00151,3642017,0,1.10,
P-3200-90-2026-02156,3642705,0,1.10,
P-1477-90-2026-00234,3642264,0,1.10,
P-3600-90-2026-00631,3642918,0,1.70,
P-2400-90-2026-02780,3643238,0,1.10,
P-1200-90-2026-01837,3643105,0,1.10,
P-2407-90-2026-00704,3643036,0,1.10,
P-3205-90-2026-00267,3642060,0,1.10,
P-3211-91-2026-00371,3643503,0,1.10,
P-3200-90-2026-02231,3643580,0,1.10,
P-1200-90-2026-01862,3643469,0,1.10,
P-9061-90-2026-00335,3643311,0,1.10,
P-4000-92-2026-00129,3642949,0,1.10,
P-1200-90-2026-01813,3642782,0,1.10,
P-1200-90-2026-01829,3642990,0,1.10,
P-2405-90-2026-00167,3642968,0,1.10,
P-1400-92-2026-00214,3642425,0,1.10,
P-3600-90-2026-00625,3642606,0,1.70,
P-2408-91-2026-00032,3642018,0,1.10,
P-2403-90-2026-00554,3643074,0,1.70,
P-4006-91-2026-00568,3643021,0,1.70,
P-4400-90-2026-00533,3643446,0,1.10,
P-2400-90-2026-02718,3642351,0,1.10,
P-2200-90-2026-00640,3642987,0,1.10,
P-2408-90-2026-00478,3642844,0,1.10,
P-3400-90-2026-00372,3642755,0,1.70,
P-3800-90-2026-00846,3642389,0,1.10,
P-2400-91-2026-00263,3642356,0,1.10,
P-9086-90-2026-00281,3643618,0,1.10,
P-2400-90-2026-02791,3643269,0,1.10,
P-1200-90-2026-01864,3643549,0,1.10,
P-1200-90-2026-01805,3642471,0,1.10,
P-2200-90-2026-00628,3642570,0,1.10,
P-1477-90-2026-00239,3642660,0,1.10,
P-4000-90-2026-01052,3643420,0,1.10,
P-1200-90-2026-01781,3642031,0,1.10,
P-3200-90-2026-02175,3643096,0,1.10,
P-3600-90-2026-00622,3642520,0,1.70,
P-2400-90-2026-02753,3642867,0,1.10,
P-4006-90-2026-00484,3643617,0,1.10,
P-3800-90-2026-00872,3643427,0,1.10,
P-1453-90-2026-00064,3643424,0,1.10,
P-2600-90-2026-00329,3642119,0,1.10,
P-4200-90-2026-01453,3643674,0,1.10,
P-2400-90-2026-02819,3643775,0,1.10,
P-9086-90-2026-00284,3643715,0,1.10,
P-3901-90-2026-00114,3643627,0,1.10,
P-2202-90-2026-00669,3643724,0,1.10,
P-9075-90-2026-00206,3643736,0,1.10,
P-2400-90-2026-02807,3643631,0,1.10,
P-3211-90-2026-00718,3643669,0,1.10,
P-2400-90-2026-02814,3643692,0,1.10,
P-9068-91-2026-00087,3643747,0,1.10,
P-2400-90-2026-02816,3643683,0,1.10,
P-2409-90-2026-00106,3643647,0,1.10,
P-2604-90-2026-00296,3643792,0,1.10,
P-2409-90-2026-00107,3643808,0,1.10,
P-2202-90-2026-00681,3643905,0,1.10,
P-2400-90-2026-02822,3643800,0,1.10,
P-1488-90-2026-00412,3644150,0,1.10,
P-2400-90-2026-02845,3644107,0,1.10,
P-1411-90-2026-00648,3643916,0,1.10,
P-1411-90-2026-00658,3644105,0,1.10,
P-2214-90-2026-00194,3644145,0,1.10,
P-2400-90-2026-02853,3644196,0,1.10,
P-2301-90-2026-00256,3644148,0,1.10,
P-1411-90-2026-00644,3643866,0,1.10,
P-2202-90-2026-00689,3644070,0,1.10,
P-2400-90-2026-02833,3643948,0,1.10,
P-3211-90-2026-00737,3644121,0,1.10,
P-4200-90-2026-01468,3643920,0,1.10,
P-2400-90-2026-02835,3643926,0,1.10,
P-2408-90-2026-00494,3643826,0,1.10,
P-2403-90-2026-00560,3643836,0,1.10,
P-2202-90-2026-00682,3643936,0,1.10,
P-4203-90-2026-00436,3643840,0,1.10,
P-2403-90-2026-00565,3644054,0,1.10,
P-1400-90-2026-00274,3644048,0,1.70,
P-2408-90-2026-00497,3643994,0,1.10,
P-1400-90-2026-00273,3643978,0,1.10,
P-2403-90-2026-00564,3643989,0,1.10,
P-2400-90-2026-02844,3643965,0,1.10,
P-9097-90-2026-00169,3644114,0,1.10,
P-2604-90-2026-00298,3644077,0,1.10,
P-4200-90-2026-01465,3643884,0,1.10,
P-3211-90-2026-00725,3643913,0,1.10,
P-3211-92-2026-00264,3644157,0,1.10,
P-4200-90-2026-01482,3644104,0,1.10,
P-4200-90-2026-01461,3643872,0,1.10,
P-2406-90-2026-00116,3643811,0,1.10,
P-4203-90-2026-00438,3644128,0,1.10,
P-2407-90-2026-00763,3643961,0,1.10,
P-1488-90-2026-00411,3644119,0,1.10,
P-2400-90-2026-02847,3644146,0,1.10,
P-1488-90-2026-00413,3644151,0,1.10,
P-2202-90-2026-00692,3644141,0,1.70,
P-2202-90-2026-00673,3643819,0,1.10,
P-3800-90-2026-00124,3609342,0,1.10,
P-9068-90-2026-00012,3608327,0,1.10,
P-2200-90-2026-00052,3608223,0,1.10,
P-1200-90-2026-00203,3609022,0,1.10,
P-2400-90-2026-00321,3608444,0,1.10,
P-2407-90-2026-00068,3608926,0,1.10,
P-2403-90-2026-00055,3608729,0,1.10,
P-2400-90-2026-00349,3608898,0,1.10,
P-4202-90-2026-00046,3609090,0,1.10,
P-2405-90-2026-00015,3608576,0,1.10,
P-3800-90-2026-00105,3608875,0,1.10,
P-9082-92-2026-00002,3609025,0,1.10,
P-4200-90-2026-00183,3609092,0,1.10,
P-1411-90-2026-00041,3608197,0,1.10,
P-3211-90-2026-00051,3608366,0,1.10,
P-3603-90-2026-00016,3608777,0,1.70,
P-3200-90-2026-00354,3609268,0,1.10,
P-8035-90-2026-00014,3609062,0,1.10,
P-2200-90-2026-00067,3609276,0,1.10,
P-4000-90-2026-00163,3609219,0,1.10,
P-3603-90-2026-00018,3609077,0,1.10,
P-2400-90-2026-00336,3608768,0,1.10,
P-1411-90-2026-00050,3608677,0,1.10,
P-4000-90-2026-00122,3608368,0,1.10,
P-1200-90-2026-00230,3609241,0,1.10,
P-3205-90-2026-00027,3609028,0,1.10,
P-3600-90-2026-00076,3608786,0,1.70,
P-3200-90-2026-00338,3608769,0,1.10,
P-3200-90-2026-00360,3609392,0,1.10,
P-2400-90-2026-00300,3608196,0,1.10,
P-4200-90-2026-00171,3608843,0,1.10,
P-1411-90-2026-00066,3609400,0,1.10,
P-2405-90-2026-00018,3608899,0,1.10,
P-4006-92-2026-00016,3608673,0,1.10,
P-9070-90-2026-00003,3608838,0,1.10,
P-3200-90-2026-00291,3608477,0,1.10,
P-2200-90-2026-00063,3609041,0,1.10,
P-3200-90-2026-00352,3609202,0,1.10,
P-2604-90-2026-00015,3608394,0,1.10,
P-2400-90-2026-00365,3609154,0,1.10,
P-1200-90-2026-00193,3608876,0,1.10,
P-1411-90-2026-00044,3608318,0,1.10,
P-2200-90-2026-00057,3608585,0,1.10,
P-4400-91-2026-00031,3608637,0,1.70,
P-8067-91-2026-00008,3608280,0,1.10,
P-4200-90-2026-00182,3609072,0,1.70,
P-3800-90-2026-00094,3608335,0,1.10,
P-3400-90-2026-00043,3609207,0,1.70,
P-3800-90-2026-00125,3609362,0,1.10,
P-9086-90-2026-00025,3608282,0,1.10,
P-1400-92-2026-00003,3608109,0,1.70,
P-3600-90-2026-00069,3608312,0,1.70,
P-2000-90-2026-00050,3608800,0,1.10,
P-4006-91-2025-04803,3608074,0,1.10,
P-9071-90-2026-00004,3609003,0,1.10,
P-9022-90-2026-00003,3609033,0,1.10,
P-2400-90-2026-00305,3608254,0,1.10,
P-1200-91-2026-00057,3608157,0,1.10,
P-9086-90-2026-00026,3608344,0,1.10,
P-3200-90-2026-00283,3608184,0,1.10,
P-3600-90-2026-00066,3608249,0,1.70,
P-2407-90-2026-00061,3608611,0,1.10,
P-1200-90-2026-00192,3608852,0,1.10,
P-4203-90-2026-00042,3608975,0,1.10,
P-3200-92-2026-00013,3608462,0,1.10,
P-3800-90-2026-00092,3608208,0,1.10,
P-3901-90-2026-00006,3608626,0,1.10,
P-1200-90-2026-00187,3608597,0,1.10,
P-4000-90-2026-00133,3608624,0,1.10,
P-2403-90-2026-00060,3609442,0,1.10,
P-4006-90-2026-00010,3608294,0,1.10,
P-4200-91-2026-00010,3608574,0,1.10,
P-4200-90-2026-00196,3609397,0,1.10,
P-9068-90-2026-00013,3609086,0,1.10,
P-3200-91-2026-00038,3609356,0,1.10,
P-2403-90-2026-00047,3608271,0,1.10,
P-3211-90-2026-00066,3608868,0,1.10,
P-3200-90-2026-00287,3608276,0,1.10,
P-2400-90-2026-00313,3608402,0,1.10,
P-9061-91-2026-00077,3609433,0,1.10,
P-4000-90-2026-00125,3608443,0,1.10,
P-2407-90-2026-00075,3609387,0,1.70,
P-3600-90-2026-00084,3608965,0,1.70,
P-3200-90-2026-00350,3609162,0,1.10,
P-2000-90-2026-00040,3608278,0,1.10,
P-9022-90-2026-00004,3609236,0,1.10,
P-4203-90-2026-00044,3609138,0,1.10,
P-4000-90-2026-00138,3608727,0,1.10,
P-3205-90-2026-00026,3608882,0,1.10,
P-1000-98-2026-00010,3606625,0,67.10,
P-2400-90-2026-00372,3609264,0,1.10,
P-1200-90-2026-00232,3609315,0,1.10,
P-2400-90-2026-00303,3608211,0,1.10,
P-2202-90-2026-00068,3609522,0,1.10,
P-1411-90-2026-00043,3608285,0,1.10,
P-3200-90-2026-00344,3609029,0,1.10,
P-2604-90-2026-00014,3608145,0,1.10,
P-4200-90-2026-00158,3608424,0,1.10,
P-4202-92-2026-00027,3608666,0,1.10,
P-2400-90-2026-00378,3609436,0,1.10,
P-4203-90-2026-00034,3608654,0,1.10,
P-4203-92-2026-00012,3608714,0,1.10,
P-9082-90-2026-00009,3609577,0,1.10,
P-2400-90-2026-00382,3609556,0,1.10,
P-1400-90-2026-00032,3609621,0,1.70,
P-2400-90-2026-00387,3609588,0,1.10,
P-1411-90-2026-00076,3609660,0,1.10,
P-1488-90-2026-00059,3609629,0,1.10,
P-9093-90-2026-00009,3609635,0,1.10,
P-9068-91-2026-00019,3609653,0,1.10,
P-1411-90-2026-00075,3609651,0,1.10,
P-2400-90-2026-00425,3609943,0,1.10,
P-1411-90-2026-00089,3609950,0,1.10,
P-9086-90-2026-00047,3609957,0,1.10,
P-2400-90-2026-00409,3609824,0,1.10,
P-2202-90-2026-00093,3609959,0,1.10,
P-2408-90-2026-00063,3609796,0,1.10,
P-9086-90-2026-00038,3609768,0,1.10,
P-2407-90-2026-00090,3609734,0,1.70,
P-3800-90-2026-00135,3609811,0,1.10,
P-1411-90-2026-00085,3609917,0,1.10,
P-4006-90-2026-00027,3609867,0,1.10,
P-2403-90-2026-00082,3609893,0,1.10,
P-9086-91-2026-00017,3609685,0,1.10,
P-2403-90-2026-00069,3609687,0,1.10,
P-2406-91-2026-00002,3609715,0,1.10,
P-2400-90-2026-00394,3609699,0,1.10,
P-1492-90-2026-00017,3609912,0,1.10,
P-2403-90-2026-00077,3609771,0,1.10,
P-2403-90-2026-00075,3609757,0,1.10,
P-2301-90-2026-00022,3609862,0,1.70,
P-9077-90-2026-00015,3609750,0,1.10,
P-2403-90-2026-00066,3609668,0,1.10,
P-2406-90-2026-00020,3609732,0,1.10,
P-3603-90-2026-00024,3609979,0,1.10,
P-3603-90-2026-00021,3609721,0,1.10,
P-2403-92-2026-00029,3609896,0,1.10,
P-2202-90-2026-00084,3609707,0,1.10,
P-9086-90-2026-00041,3609887,0,1.10,
P-3800-90-2026-00158,3610931,0,1.10,
P-9070-90-2026-00018,3610840,0,1.10,
P-3800-90-2026-00162,3611076,0,1.10,
P-2400-90-2026-00412,3609843,0,1.10,
P-1411-92-2026-00037,3611089,0,1.10,
P-3800-90-2026-00166,3611280,0,1.10,
P-4203-92-2026-00013,3610070,0,1.10,
P-1200-90-2026-00302,3611358,0,1.10,
P-3200-90-2026-00377,3610077,0,1.10,
P-2403-91-2026-00024,3610329,0,1.10,
P-1400-92-2026-00011,3610040,0,1.70,
P-3200-90-2026-00387,3610495,0,1.10,
P-3900-92-2026-00012,3610808,0,1.10,
P-3211-90-2026-00098,3610156,0,1.10,
P-4000-90-2026-00170,3610141,0,1.10,
P-3901-90-2026-00009,3610133,0,1.10,
P-2400-90-2026-00444,3610137,0,1.10,
P-2406-90-2026-00022,3610323,0,1.10,
P-1200-90-2026-00254,3610413,0,1.10,
P-3205-92-2026-00023,3610392,0,1.10,
P-9061-91-2026-00110,3610619,0,1.10,
P-2400-90-2026-00470,3610836,0,1.70,
P-9022-90-2026-00005,3610444,0,1.10,
P-2408-90-2026-00075,3610380,0,1.10,
P-3600-90-2026-00101,3610844,0,1.10,
P-2400-90-2026-00472,3610868,0,1.10,
P-3600-90-2026-00104,3610964,0,1.70,
P-3211-90-2026-00105,3610655,0,1.10,
P-4006-90-2026-00030,3610083,0,1.10,
P-2400-90-2026-00463,3610627,0,1.10,
P-3205-90-2026-00037,3610318,0,1.10,
P-2408-90-2026-00074,3610324,0,1.10,
P-2604-90-2026-00039,3610834,0,1.10,
P-3600-90-2026-00099,3610725,0,1.10,
P-2600-90-2026-00058,3610716,0,1.10,
P-9075-90-2026-00026,3610936,0,1.10,
P-3211-90-2026-00117,3611257,0,1.10,
P-4200-90-2026-00236,3611049,0,1.10,
P-4203-90-2026-00066,3610977,0,1.10,
P-2604-90-2026-00032,3610541,0,1.10,
P-2605-90-2026-00010,3611015,0,1.10,
P-1200-90-2026-00267,3610694,0,1.10,
P-3800-90-2026-00157,3610862,0,1.10,
P-2400-91-2026-00053,3610242,0,1.10,
P-3211-92-2026-00038,3610812,0,1.10,
P-4006-90-2026-00028,3610044,0,1.10,
P-2400-90-2026-00484,3611062,0,1.10,
P-2407-90-2026-00094,3610332,0,1.10,
P-1488-90-2026-00071,3610717,0,1.10,
P-9061-90-2026-00059,3611296,0,1.10,
P-3200-90-2026-00440,3611241,0,1.10,
P-8000-91-2026-00036,3610608,0,1.10,
P-2200-90-2026-00083,3610731,0,1.10,
P-4006-90-2026-00029,3610098,0,1.10,
P-3600-90-2026-00093,3610369,0,1.70,
P-1400-92-2026-00014,3610490,0,1.10,
P-4000-90-2026-00189,3610735,0,1.10,
P-4202-90-2026-00084,3611170,0,1.10,
P-8069-98-2026-00002,3606190,0,29.70,
P-3200-90-2026-00445,3611308,0,1.10,
P-2604-90-2026-00038,3610753,0,1.10,
P-2400-90-2026-00495,3611307,0,1.10,
P-3200-90-2026-00473,3611591,0,1.10,
P-1200-90-2026-00258,3610539,0,1.10,
P-2301-90-2026-00029,3610867,0,1.70,
P-9082-90-2026-00013,3611405,0,1.10,
P-4000-90-2026-00216,3611616,0,1.10,
P-1411-90-2026-00115,3611802,0,1.10,
P-9061-90-2026-00057,3611122,0,1.10,
P-2200-90-2026-00070,3610110,0,1.10,
P-1488-90-2026-00069,3610622,0,1.10,
P-1200-90-2026-00313,3611457,0,1.10,
P-4006-91-2026-00094,3611568,0,1.10,
P-4400-90-2026-00077,3610979,0,1.10,
P-8000-91-2026-00040,3611187,0,1.10,
P-3600-90-2026-00110,3611625,0,1.70,
P-2214-90-2026-00042,3611772,0,1.10,
P-3400-90-2026-00053,3610172,0,1.70,
P-1200-90-2026-00281,3611052,0,1.10,
P-1488-90-2026-00088,3611679,0,1.10,
P-2400-91-2026-00059,3611454,0,1.10,
P-2202-90-2026-00107,3611792,0,1.10,
P-3400-90-2026-00054,3610344,0,1.70,
P-3200-90-2026-00407,3610789,0,1.10,
P-2400-98-2026-00001,3606929,0,19.80,
P-1488-91-2026-00072,3611824,0,1.70,
P-9077-92-2026-00003,3611668,0,1.10,
P-9070-90-2026-00020,3611756,0,1.70,
P-4000-90-2026-00201,3611078,0,1.10,
P-2400-90-2026-00532,3611885,0,1.10,
P-3200-90-2026-00484,3611725,0,1.10,
P-3211-90-2026-00132,3611767,0,1.10,
P-3200-90-2026-00489,3611776,0,1.10,
P-1200-90-2026-00320,3611584,0,1.10,
P-3211-90-2026-00130,3611757,0,1.10,
P-4006-90-2026-00044,3611780,0,1.10,
P-1200-90-2026-00251,3610359,0,1.10,
P-8035-90-2026-00019,3610029,0,1.10,
P-2400-97-2026-00001,3607673,0,25.30,
P-1477-91-2026-00014,3611786,0,1.10,
P-1488-90-2026-00090,3611828,0,1.10,
P-3603-90-2026-00027,3610783,0,1.10,
P-2200-90-2026-00080,3610606,0,1.10,
P-2214-90-2026-00032,3610336,0,1.10,
P-2000-90-2026-00073,3611065,0,1.10,
P-4203-90-2026-00060,3610685,0,1.10,
P-1488-90-2026-00087,3611621,0,1.10,
P-3205-90-2026-00039,3610797,0,1.10,
P-1411-90-2026-00110,3611492,0,1.10,
P-1492-91-2026-00016,3611437,0,1.10,
P-1200-90-2026-00293,3611238,0,1.10,
P-3211-90-2026-00133,3611781,0,1.10,
P-9061-91-2026-00109,3610512,0,1.10,
P-4006-90-2026-00031,3610261,0,1.10,
P-2408-91-2026-00008,3611736,0,1.10,
P-9075-90-2026-00028,3611843,0,1.10,
P-2301-90-2026-00028,3610852,0,1.70,
P-4200-90-2026-00230,3610899,0,1.10,
P-1200-90-2026-00291,3611210,0,1.10,
P-3800-90-2026-00145,3610475,0,1.10,
P-1200-90-2026-00247,3610250,0,1.10,
P-4006-90-2026-00037,3611068,0,1.10,
P-9076-90-2026-00016,3610244,0,1.10,
P-4203-90-2026-00063,3610775,0,1.10,
P-3200-91-2026-00042,3611391,0,1.10,
P-2400-90-2026-00518,3611696,0,1.10,
P-9061-90-2026-00050,3610434,0,1.10,
P-2214-90-2026-00037,3610681,0,1.10,
P-2408-92-2026-00033,3611283,0,1.10,
P-1492-90-2026-00028,3611811,0,1.10,
P-1492-90-2026-00020,3610276,0,1.10,
P-2202-90-2026-00097,3610442,0,1.10,
P-1400-90-2026-00040,3610469,0,1.70,
P-2301-90-2026-00024,3610437,0,1.10,
P-4400-90-2026-00086,3611362,0,1.10,
P-2600-90-2026-00063,3611374,0,1.10,
P-2400-90-2026-00506,3611407,0,1.10,
P-4200-90-2026-00250,3611704,0,1.10,
P-4006-90-2026-00032,3610578,0,1.10,
P-2400-90-2026-00503,3611349,0,1.10,
P-1411-92-2026-00045,3611807,0,1.10,
P-3211-90-2026-00157,3613405,0,1.10,
P-3205-91-2026-00021,3613483,0,1.10,
P-1200-90-2026-00372,3612962,0,1.10,
P-4200-90-2026-00299,3613269,0,1.10,
P-2301-90-2026-00047,3613312,0,1.70,
P-3600-90-2026-00123,3612750,0,1.70,
P-8000-91-2026-00052,3613039,0,1.10,
P-2400-90-2026-00633,3613356,0,1.10,
P-2202-90-2026-00117,3611911,0,1.10,
P-1488-90-2026-00103,3612778,0,1.10,
P-4000-90-2026-00239,3612617,0,1.10,
P-4200-90-2026-00280,3612634,0,1.70,
P-3800-90-2026-00203,3612974,0,1.10,
P-2400-90-2026-00630,3613287,0,1.10,
P-4200-90-2026-00276,3612548,0,1.10,
P-4006-90-2026-00058,3613119,0,1.10,
P-2400-90-2026-00601,3612946,0,1.10,
P-1400-92-2026-00020,3612654,0,1.70,
P-4203-90-2026-00087,3612582,0,1.10,
P-2200-90-2026-00096,3612181,0,1.10,
P-2301-90-2026-00043,3612881,0,1.70,
P-4200-90-2026-00261,3612296,0,1.10,
P-4006-90-2026-00050,3612268,0,1.10,
P-3200-92-2026-00030,3612441,0,1.10,
P-3800-90-2026-00207,3613234,0,1.10,
P-4400-91-2026-00039,3612251,0,1.10,
P-1200-90-2026-00375,3612971,0,1.10,
P-2400-90-2026-00542,3612067,0,1.10,
P-3800-90-2026-00202,3612945,0,1.10,
P-1411-90-2026-00126,3612669,0,1.10,
P-2400-90-2026-00590,3612795,0,1.10,
P-2202-90-2026-00125,3612816,0,1.10,
P-2604-90-2026-00050,3612399,0,1.10,
P-1200-90-2026-00336,3612032,0,1.10,
P-2403-92-2026-00046,3612396,0,1.10,
P-2400-90-2026-00620,3613201,0,1.10,
P-4000-90-2026-00227,3612224,0,1.10,
P-2200-90-2026-00093,3612063,0,1.10,
P-4000-90-2026-00225,3612150,0,1.10,
P-4200-90-2026-00295,3613239,0,1.10,
P-8072-90-2026-00021,3612904,0,1.10,
P-2400-90-2026-00586,3612737,0,1.10,
P-9061-91-2026-00120,3612182,0,1.10,
P-4005-90-2026-00043,3612348,0,1.10,
P-3211-91-2026-00136,3613066,0,1.10,
P-4200-90-2026-00264,3612344,0,1.10,
P-3800-90-2026-00189,3612414,0,1.10,
P-1200-90-2026-00387,3613192,0,1.10,
P-4400-90-2026-00118,3612544,0,1.10,
P-2600-90-2026-00069,3612218,0,1.10,
P-2400-90-2026-00545,3612118,0,1.10,
P-4203-90-2026-00075,3611948,0,1.10,
P-9086-90-2026-00076,3612589,0,1.10,
P-4006-90-2026-00053,3612676,0,1.10,
P-4000-90-2026-00231,3612367,0,1.10,
P-4202-90-2026-00095,3611930,0,1.70,
P-1488-90-2026-00098,3612442,0,1.10,
P-3211-90-2026-00110,3610997,0,1.10,
P-1200-90-2026-00358,3612592,0,1.10,
P-2000-90-2026-00090,3611953,0,1.10,
P-2400-90-2026-00541,3612049,0,1.10,
P-4200-90-2026-00253,3612081,0,1.10,
P-3800-90-2026-00183,3612100,0,1.10,
P-2000-91-2026-00003,3612512,0,1.10,
P-3205-91-2026-00020,3612003,0,1.10,
P-4400-90-2026-00111,3612452,0,1.10,
P-2000-90-2026-00091,3611938,0,1.10,
P-2000-90-2026-00093,3612005,0,1.10,
P-2400-90-2026-00575,3612542,0,1.10,
P-3205-90-2026-00049,3612263,0,1.10,
P-4000-90-2026-00220,3611998,0,1.10,
P-1200-90-2026-00350,3612350,0,1.10,
P-1411-92-2026-00054,3612383,0,1.10,
P-2200-90-2026-00103,3612289,0,1.10,
P-4200-90-2026-00260,3612278,0,1.10,
P-9061-90-2026-00066,3612324,0,1.10,
P-2202-90-2026-00132,3613435,0,1.10,
P-2400-90-2026-00592,3612805,0,1.10,
P-1477-90-2026-00042,3612583,0,1.10,
P-2202-90-2026-00135,3613429,0,1.10,
P-4000-90-2026-00251,3612977,0,1.10,
P-1488-92-2026-00046,3612108,0,1.10,
P-9022-90-2026-00008,3613176,0,1.10,
P-3200-90-2026-00529,3612762,0,1.10,
P-9061-90-2026-00068,3613060,0,1.10,
P-3200-90-2026-00592,3613474,0,1.10,
P-4400-90-2026-00126,3612983,0,1.10,
P-3200-90-2026-00551,3612978,0,1.10,
P-4200-90-2026-00284,3612734,0,1.10,
P-8035-91-2026-00034,3613394,0,1.10,
P-2400-90-2026-00579,3612639,0,1.10,
P-4200-90-2026-00300,3613321,0,1.10,
P-2405-90-2026-00031,3612395,0,1.10,
P-3211-91-2026-00129,3612069,0,1.10,
P-9086-90-2026-00074,3612594,0,1.10,
P-3205-90-2026-00055,3613421,0,1.10,
P-2000-90-2026-00105,3612930,0,1.10,
P-3200-90-2026-00535,3612808,0,1.10,
P-1492-90-2026-00036,3613372,0,1.10,
P-1477-90-2026-00048,3613365,0,1.10,
P-1488-90-2026-00108,3613252,0,1.10,
P-2403-92-2026-00058,3614888,0,1.10,
P-2200-90-2026-00134,3614084,0,1.10,
P-3800-90-2026-00231,3614432,0,1.10,
P-1200-90-2026-00464,3614631,0,1.10,
P-1488-90-2026-00112,3613961,0,1.10,
P-9075-90-2026-00042,3614983,0,1.10,
P-2400-90-2026-00714,3614621,0,1.10,
P-4200-90-2026-00314,3614098,0,1.10,
P-9086-90-2026-00093,3614671,0,1.10,
P-1474-90-2026-00041,3614675,0,1.10,
P-9077-90-2026-00028,3613900,0,1.10,
P-1200-91-2026-00107,3614239,0,1.10,
P-2400-90-2026-00692,3614330,0,1.10,
P-9086-90-2026-00084,3613817,0,1.10,
P-4400-90-2026-00139,3614333,0,1.10,
P-3211-90-2026-00197,3614891,0,1.10,
P-2600-90-2026-00094,3613988,0,1.10,
P-4006-90-2026-00072,3614367,0,1.10,
P-2400-90-2026-00669,3613906,0,1.10,
P-2400-90-2026-00679,3614124,0,1.10,
P-3200-90-2026-00657,3614712,0,1.10,
P-1411-90-2026-00158,3614885,0,1.10,
P-4400-90-2026-00140,3614466,0,1.10,
P-9061-91-2026-00136,3613713,0,1.10,
P-4200-90-2026-00330,3614498,0,1.10,
P-4000-90-2026-00269,3613840,0,1.10,
P-4005-90-2026-00051,3614275,0,1.10,
P-8000-91-2026-00058,3614375,0,1.70,
P-8004-91-2026-00009,3613316,0,1.70,
P-4203-90-2026-00102,3614237,0,1.10,
P-2600-90-2026-00100,3614543,0,1.10,
P-2400-90-2026-00689,3614302,0,1.10,
P-3200-90-2026-00656,3614697,0,1.10,
P-3200-90-2026-00649,3614492,0,1.10,
P-3211-90-2026-00162,3613494,0,1.10,
P-2200-90-2026-00148,3614719,0,1.10,
P-1200-90-2026-00438,3614298,0,1.10,
P-3200-90-2026-00675,3614954,0,1.10,
P-3600-90-2026-00145,3614309,0,1.70,
P-3211-92-2026-00059,3613902,0,1.10,
P-3211-90-2026-00193,3614858,0,1.10,
P-3205-90-2026-00059,3614884,0,1.10,
P-4000-90-2026-00262,3613646,0,1.10,
P-2600-90-2026-00097,3614154,0,1.10,
P-1477-90-2026-00050,3613555,0,1.10,
P-2200-90-2026-00149,3614777,0,1.10,
P-1411-91-2026-00018,3614784,0,1.10,
P-2400-90-2026-00691,3614311,0,1.10,
P-4200-90-2026-00327,3614433,0,1.10,
P-2408-90-2026-00110,3614093,0,1.10,
P-2202-90-2026-00146,3614259,0,1.10,
P-1411-90-2026-00137,3613651,0,1.10,
P-1411-90-2026-00162,3614956,0,1.10,
P-3211-92-2026-00066,3614894,0,1.10,
P-3200-90-2026-00609,3613959,0,1.10,
P-3900-90-2026-00031,3614882,0,1.10,
P-3205-90-2026-00057,3613681,0,1.10,
P-9086-90-2026-00085,3613862,0,1.10,
P-4203-90-2026-00100,3614153,0,1.10,
P-9076-91-2026-00006,3614263,0,1.10,
P-4203-90-2026-00096,3613923,0,1.10,
P-1200-90-2026-00418,3613964,0,1.10,
P-2403-90-2026-00129,3614101,0,1.10,
P-9022-91-2026-00001,3614248,0,1.10,
P-3200-90-2026-00635,3614337,0,1.10,
P-1452-90-2026-00046,3614290,0,1.10,
P-8066-90-2026-00002,3614710,0,1.10,
P-3603-90-2026-00045,3614411,0,1.10,
P-4006-90-2026-00083,3614986,0,1.10,
P-1477-92-2026-00009,3614122,0,1.10,
P-4006-90-2026-00064,3613608,0,1.10,
P-3603-90-2026-00043,3613965,0,1.10,
P-4000-91-2026-00022,3614223,0,1.10,
P-4006-90-2026-00081,3614926,0,1.10,
P-3200-90-2026-00616,3614048,0,1.10,
P-2202-90-2026-00140,3613888,0,1.70,
P-1200-90-2026-00458,3614575,0,1.10,
P-4006-90-2026-00068,3614136,0,1.10,
P-3600-90-2026-00147,3614449,0,1.70,
P-1400-90-2026-00064,3614942,0,1.70,
P-3200-90-2026-00650,3614526,0,1.10,
P-2409-90-2026-00024,3614795,0,1.10,
P-8000-90-2026-00056,3614349,0,1.70,
P-2600-90-2026-00103,3614696,0,1.10,
P-9076-92-2026-00004,3614781,0,1.10,
P-1200-91-2026-00110,3614403,0,1.10,
P-3200-90-2026-00665,3614904,0,1.10,
P-4006-91-2026-00122,3613550,0,1.10,
P-2000-90-2026-00111,3613528,0,1.10,
P-2200-90-2026-00129,3613905,0,1.10,
P-9077-90-2026-00029,3613916,0,1.10,
P-1200-90-2026-00407,3613683,0,1.10,
P-9086-90-2026-00081,3613587,0,1.10,
P-4203-90-2026-00093,3613695,0,1.10,
P-1200-90-2026-00408,3613707,0,1.10,
P-9093-90-2026-00015,3613750,0,1.10,
P-1200-90-2026-00415,3613894,0,1.10,
P-4006-90-2026-00063,3613584,0,1.10,
P-3800-90-2026-00212,3613592,0,1.10,
P-9061-91-2026-00129,3613519,0,1.10,
P-3800-90-2026-00209,3613509,0,1.10,
P-2202-90-2026-00166,3616399,0,1.10,
P-2403-90-2026-00144,3615350,0,1.10,
P-3205-90-2026-00069,3615723,0,1.10,
P-8061-91-2026-00006,3615229,0,1.10,
P-2400-90-2026-00755,3615161,0,1.10,
P-1400-90-2026-00084,3615702,0,1.70,
P-1200-91-2026-00119,3615364,0,1.10,
P-4005-90-2026-00062,3615647,0,1.10,
P-9061-91-2026-00166,3615670,0,1.10,
P-1200-90-2026-00517,3616240,0,1.10,
P-4006-92-2026-00053,3615250,0,1.10,
P-4200-90-2026-00356,3615260,0,1.70,
P-4000-90-2026-00309,3615063,0,1.10,
P-1200-90-2026-00489,3615116,0,1.10,
P-3211-90-2026-00212,3616111,0,1.10,
P-2403-90-2026-00152,3615564,0,1.10,
P-9102-90-2026-00007,3615013,0,1.10,
P-2600-90-2026-00108,3615047,0,1.10,
P-2000-90-2026-00138,3615231,0,1.10,
P-2400-90-2026-00773,3615553,0,1.10,
P-2400-90-2026-00809,3616159,0,1.10,
P-3600-90-2026-00154,3615457,0,1.70,
P-1411-90-2026-00175,3615533,0,1.10,
P-2000-90-2026-00146,3615732,0,1.10,
P-2000-90-2026-00147,3615755,0,1.10,
P-9061-90-2026-00092,3616184,0,1.10,
P-8000-96-2026-00001,3605083,0,441.10,
P-3200-90-2026-00773,3616284,0,1.10,
P-2000-90-2026-00137,3615177,0,1.10,
P-9091-90-2026-00034,3615093,0,1.10,
P-4000-90-2026-00328,3615785,0,1.10,
P-4000-90-2026-00337,3615966,0,1.10,
P-1488-91-2026-00175,3616037,0,1.10,
P-9077-91-2026-00006,3614732,0,1.10,
P-4006-90-2026-00095,3616014,0,1.10,
P-1488-90-2026-00143,3616407,0,1.10,
P-4005-91-2026-00008,3615094,0,1.10,
P-2200-90-2026-00172,3616173,0,1.10,
P-1411-90-2026-00172,3615271,0,1.10,
P-3211-90-2026-00217,3616301,0,1.10,
P-1492-90-2026-00054,3616302,0,1.10,
P-9077-90-2026-00035,3614987,0,1.10,
P-3200-90-2026-00790,3616395,0,1.10,
P-4203-90-2026-00116,3615408,0,1.10,
P-1411-90-2026-00187,3616304,0,1.10,
P-2000-90-2026-00156,3616210,0,1.10,
P-3200-91-2026-00061,3615889,0,1.10,
P-9075-90-2026-00045,3615197,0,1.10,
P-4400-90-2026-00146,3615174,0,1.10,
P-1452-90-2026-00054,3615674,0,1.10,
P-3200-90-2026-00678,3615049,0,1.10,
P-1400-92-2026-00025,3614968,0,1.10,
P-2400-90-2026-00749,3615067,0,1.10,
P-2400-90-2026-00774,3615572,0,1.10,
P-1488-91-2026-00172,3615788,0,1.10,
P-2400-90-2026-00761,3615327,0,1.10,
P-1200-90-2026-00511,3616179,0,1.10,
P-3600-90-2026-00165,3616186,0,1.70,
P-8035-91-2026-00039,3616117,0,1.10,
P-1400-90-2026-00075,3615558,0,1.10,
P-2400-90-2026-00776,3615661,0,1.10,
P-2202-90-2026-00156,3615279,0,1.10,
P-2400-90-2026-00736,3615002,0,1.10,
P-2403-90-2026-00140,3615141,0,1.10,
P-1474-90-2026-00044,3615109,0,1.10,
P-3200-90-2026-00774,3616265,0,1.10,
P-4200-90-2026-00378,3615789,0,1.10,
P-4006-90-2026-00086,3615339,0,1.10,
P-9061-91-2026-00159,3615277,0,1.10,
P-1400-90-2026-00080,3615601,0,1.70,
P-2200-90-2026-00165,3615740,0,1.10,
P-3400-90-2026-00126,3615130,0,1.70,
P-1411-90-2026-00176,3615539,0,1.10,
P-2600-90-2026-00121,3615921,0,1.10,
P-2400-90-2026-00802,3616063,0,1.10,
P-3211-90-2026-00199,3615149,0,1.10,
P-4200-90-2026-00395,3616232,0,1.10,
P-4200-90-2026-00389,3616012,0,1.10,
P-9086-90-2026-00094,3615092,0,1.10,
P-3600-90-2026-00159,3615706,0,1.70,
P-3211-90-2026-00204,3615455,0,1.10,
P-2600-90-2026-00117,3615780,0,1.10,
P-9061-90-2026-00082,3614999,0,1.10,
P-8069-96-2026-00002,3607030,8,3.30,
P-3211-90-2026-00200,3615168,0,1.10,
P-1492-90-2026-00051,3616190,0,1.10,
P-3211-91-2026-00155,3615419,0,1.10,
P-4000-90-2026-00308,3615040,0,1.10,
P-4005-90-2026-00064,3616290,0,1.10,
P-2406-90-2026-00036,3615193,0,1.10,
P-7150-91-2026-00001,3615691,0,1.10,
P-9061-90-2026-00099,3617021,0,1.10,
P-9086-90-2026-00111,3616568,0,1.10,
P-2400-90-2026-00854,3616821,0,1.10,
P-3800-92-2026-00057,3617426,0,1.10,
P-4203-92-2026-00031,3617163,0,1.10,
P-2600-90-2026-00132,3617146,0,1.10,
P-1492-90-2026-00061,3617538,0,1.10,
P-2200-90-2026-00184,3616808,0,1.10,
P-3211-90-2026-00232,3616658,0,1.10,
P-2406-90-2026-00041,3616859,0,1.10,
P-9061-93-2026-00007,3616862,0,1.10,
P-2000-90-2026-00163,3616587,0,1.10,
P-3200-90-2026-00826,3617298,0,1.10,
P-3211-90-2026-00231,3616642,0,1.10,
P-3200-90-2026-00807,3616781,0,1.10,
P-2214-90-2026-00058,3617552,0,1.10,
P-3211-90-2026-00240,3617160,0,1.10,
P-4006-90-2026-00109,3617022,0,1.10,
P-4200-90-2026-00411,3616845,0,1.10,
P-2400-90-2026-00836,3616531,0,1.10,
P-2400-91-2026-00113,3616895,0,1.10,
P-3600-90-2026-00184,3617448,0,1.70,
P-2202-90-2026-00174,3617470,0,1.10,
P-2400-90-2026-00855,3616811,0,1.10,
P-2200-90-2026-00181,3616773,0,1.10,
P-2400-90-2026-00839,3616600,0,1.10,
P-1488-91-2026-00178,3617031,0,1.10,
P-3400-90-2026-00153,3616958,0,1.70,
P-2604-90-2026-00077,3616474,0,1.10,
P-2400-90-2026-00837,3616540,0,1.10,
P-4200-90-2026-00422,3617090,0,1.10,
P-4200-90-2026-00423,3617107,0,1.10,
P-1488-91-2026-00184,3617516,0,1.10,
P-2000-90-2026-00160,3616455,0,1.10,
P-1200-90-2026-00578,3617277,0,1.10,
P-3800-90-2026-00266,3616431,0,1.10,
P-4200-90-2026-00431,3617386,0,1.10,
P-3200-90-2026-00839,3617537,0,1.10,
P-2600-92-2026-00019,3616893,0,1.10,
P-1200-92-2026-00054,3617009,0,1.10,
P-4200-90-2026-00415,3616973,0,1.10,
P-4203-90-2026-00132,3616712,0,1.10,
P-4200-90-2026-00430,3617318,0,1.10,
P-2400-90-2026-00841,3616668,0,1.10,
P-4202-90-2026-00140,3617439,0,1.10,
P-4000-90-2026-00375,3617442,0,1.10,
P-1200-90-2026-00557,3617082,0,1.10,
P-3205-90-2026-00074,3616534,0,1.10,
P-2400-90-2026-00852,3616778,0,1.10,
P-2408-90-2026-00136,3616486,0,1.10,
P-8000-91-2026-00068,3616768,0,1.10,
P-2301-90-2026-00070,3617091,0,1.10,
P-3211-91-2026-00169,3616620,0,1.10,
P-2604-90-2026-00081,3616785,0,1.10,
P-1200-91-2026-00138,3617239,0,1.10,
P-3200-90-2026-00823,3617223,0,1.10,
P-2400-90-2026-00861,3616923,0,1.10,
P-2214-90-2026-00055,3617495,0,1.10,
P-1474-90-2026-00053,3617479,0,1.10,
P-4200-90-2026-00408,3616704,0,1.10,
P-1453-90-2026-00015,3617545,0,1.10,
P-3800-90-2026-00276,3617209,0,1.10,
P-4203-90-2026-00129,3616597,0,1.10,
P-2600-90-2026-00128,3616784,0,1.10,
P-4200-90-2026-00428,3617242,0,1.10,
P-2301-90-2026-00069,3617095,0,1.10,
P-3200-90-2026-00813,3616936,0,1.10,
P-2403-90-2026-00179,3617525,0,1.10,
P-9076-90-2026-00039,3616425,0,1.10,
P-4200-90-2026-00425,3617176,0,1.10,
P-3600-90-2026-00183,3617300,0,1.70,
P-2000-90-2026-00165,3616763,0,1.10,
P-4000-90-2026-00350,3616617,0,1.10,
P-3200-90-2026-00831,3617465,0,1.10,
P-2400-90-2026-00834,3616518,0,1.10,
P-1200-90-2026-00540,3616748,0,1.10,
P-1488-90-2026-00147,3617118,0,1.70,
P-8035-90-2026-00032,3617586,0,1.10,
P-2400-90-2026-00905,3617609,0,1.10,
P-9075-90-2026-00060,3617596,0,1.10,
P-9075-90-2026-00059,3617595,0,1.10,
P-2400-90-2026-00906,3617629,0,1.10,
P-1488-90-2026-00153,3617668,0,1.10,
P-4006-90-2026-00118,3617634,0,1.10,
P-4006-90-2026-00116,3617579,0,1.10,
P-2202-90-2026-00184,3617660,0,1.10,
P-9071-90-2026-00026,3617667,0,1.10,
P-2407-90-2026-00172,3617688,0,1.70,
P-9082-90-2026-00023,3617860,0,1.10,
P-1452-90-2026-00059,3617783,0,1.10,
P-1400-90-2026-00102,3617764,0,1.10,
P-2408-90-2026-00152,3617732,0,1.10,
P-3211-91-2026-00179,3617951,0,1.10,
P-1411-90-2026-00222,3617910,0,1.10,
P-2202-90-2026-00186,3617675,0,1.10,
P-2400-90-2026-00919,3617934,0,1.10,
P-4006-90-2026-00125,3618000,0,1.10,
P-2406-90-2026-00046,3617919,0,1.10,
P-4203-90-2026-00140,3617825,0,1.10,
P-2400-90-2026-00930,3617999,0,1.10,
P-3205-90-2026-00083,3617717,0,1.10,
P-2202-90-2026-00204,3617978,0,1.10,
P-1411-90-2026-00220,3617851,0,1.10,
P-1411-90-2026-00223,3617944,0,1.10,
P-9086-90-2026-00122,3617779,0,1.10,
P-3211-90-2026-00265,3617850,0,1.10,
P-4005-90-2026-00073,3617741,0,1.10,
P-2202-91-2026-00048,3617782,0,1.70,
P-2407-90-2026-00173,3617789,0,1.10,
P-3211-90-2026-00270,3618037,0,1.10,
P-2403-92-2026-00069,3617931,0,1.10,
P-4006-90-2026-00122,3617958,0,1.10,
P-2407-90-2026-00175,3617959,0,1.70,
P-4000-90-2026-00380,3618099,0,1.10,
P-2000-90-2026-00177,3618270,0,1.10,
P-3600-90-2026-00196,3618438,0,1.70,
P-2202-90-2026-00220,3618821,0,1.10,
P-2400-90-2026-01006,3619012,0,1.10,
P-2200-90-2026-00213,3618713,0,1.10,
P-4000-90-2026-00407,3618652,0,1.10,
P-3211-90-2026-00287,3619335,0,1.10,
P-4200-90-2026-00441,3618148,0,1.10,
P-2400-90-2026-00942,3618144,0,1.10,
P-4200-90-2026-00494,3619437,0,1.10,
P-2301-90-2026-00083,3618571,0,1.10,
P-3800-90-2026-00299,3618404,0,1.10,
P-3600-90-2026-00191,3618256,0,1.70,
P-3200-90-2026-00852,3618375,0,1.10,
P-2405-90-2026-00052,3618107,0,1.10,
P-3211-90-2026-00282,3619193,0,1.10,
P-2400-90-2026-01016,3619157,0,1.10,
P-1200-90-2026-00648,3619213,0,1.10,
P-3200-90-2026-00891,3619369,0,1.10,
P-4006-90-2026-00134,3619068,0,1.10,
P-1200-90-2026-00649,3619217,0,1.10,
P-3400-90-2026-00170,3618956,0,1.70,
P-9061-91-2026-00217,3619115,0,1.10,
P-3200-90-2026-00918,3619642,0,1.10,
P-2200-90-2026-00217,3618819,0,1.10,
P-8067-91-2026-00042,3617487,0,1.10,
P-4200-90-2026-00475,3618906,0,1.10,
P-1200-90-2026-00651,3619236,0,1.10,
P-3200-90-2026-00841,3618174,0,1.10,
P-3200-90-2026-00856,3618442,0,1.10,
P-9075-90-2026-00067,3618992,0,1.10,
P-1488-90-2026-00163,3618902,0,1.10,
P-3200-90-2026-00864,3618654,0,1.10,
P-1200-90-2026-00637,3619020,0,1.10,
P-1200-90-2026-00623,3618811,0,1.10,
P-4400-90-2026-00230,3619497,0,1.10,
P-2406-90-2026-00049,3618445,0,1.10,
P-2403-90-2026-00205,3618515,0,1.10,
P-1411-90-2026-00242,3619581,0,1.10,
P-2400-90-2026-01036,3619452,0,1.10,
P-2605-90-2026-00017,3618780,0,1.10,
P-4200-90-2026-00452,3618412,0,1.10,
P-2400-90-2026-01051,3619654,0,1.10,
P-8067-91-2026-00043,3618233,0,1.10,
P-2400-90-2026-00991,3618817,0,1.10,
P-4200-90-2026-00495,3619430,0,1.10,
P-4005-90-2026-00088,3618899,0,1.10,
P-1200-91-2026-00151,3618841,0,1.10,
P-1200-90-2026-00639,3619029,0,1.10,
P-4200-90-2026-00458,3618600,0,1.10,
P-1200-90-2026-00611,3618448,0,1.10,
P-3211-91-2026-00183,3618359,0,1.10,
P-9061-91-2026-00220,3619365,0,1.10,
P-2200-90-2026-00223,3619080,0,1.10,
P-2604-90-2026-00097,3618205,0,1.10,
P-3600-90-2026-00202,3618859,0,1.70,
P-4203-90-2026-00156,3618092,0,1.10,
P-2202-90-2026-00234,3619620,0,1.10,
P-3200-92-2026-00082,3618408,0,1.10,
P-4203-90-2026-00158,3618154,0,1.10,
P-9097-90-2026-00054,3618464,0,1.10,
P-2400-90-2026-00949,3618237,0,1.10,
P-4200-90-2026-00485,3619129,0,1.10,
P-2400-90-2026-01045,3619524,0,1.10,
P-9075-91-2026-00035,3618495,0,1.10,
P-2408-90-2026-00163,3618323,0,1.10,
P-4200-90-2026-00492,3619349,0,1.10,
P-2400-90-2026-01053,3619657,0,1.10,
P-4000-90-2026-00398,3618485,0,1.10,
P-3200-90-2026-00871,3618823,0,1.10,
P-4203-90-2026-00157,3618115,0,1.10,
P-3211-90-2026-00280,3619103,0,1.10,
P-3200-92-2026-00088,3619495,0,1.10,
P-2605-90-2026-00020,3619095,0,1.10,
P-4203-90-2026-00162,3618599,0,1.10,
P-3200-90-2026-00908,3619531,0,1.10,
P-2301-90-2026-00088,3619479,0,1.10,
P-3200-90-2026-00875,3619011,0,1.10,
P-4203-90-2026-00169,3618877,0,1.10,
P-2400-90-2026-01054,3619651,0,1.10,
P-9067-91-2026-00003,3619561,0,1.10,
P-4006-90-2026-00133,3619046,0,1.10,
P-2202-92-2026-00153,3619274,0,1.10,
P-1477-90-2026-00095,3619454,0,1.10,
P-2000-90-2026-00179,3618416,0,1.10,
P-2000-90-2026-00178,3618353,0,1.10,
P-3200-90-2026-00902,3619509,0,1.10,
P-3600-90-2026-00186,3618065,0,1.70,
P-2000-90-2026-00188,3618929,0,1.10,
P-2400-90-2026-01043,3619520,0,1.10,
P-9086-90-2026-00132,3619630,0,1.10,
P-9061-91-2026-00201,3618116,0,1.10,
P-3603-90-2026-00067,3618564,0,1.10,
P-1200-90-2026-00621,3618734,0,1.10,
P-8000-90-2026-00079,3618937,0,1.70,
P-2202-90-2026-00223,3619006,0,1.10,
P-3200-90-2026-00886,3619313,0,1.10,
P-1411-90-2026-00238,3619522,0,1.10,
P-3800-90-2026-00306,3618839,0,1.10,
P-1200-90-2026-00641,3619102,0,1.10,
P-4200-90-2026-00474,3618922,0,1.10,
P-1200-90-2026-00667,3619440,0,1.10,
P-2604-90-2026-00104,3618919,0,1.10,
P-4200-90-2026-00491,3619306,0,1.10,
P-4400-90-2026-00229,3619446,0,1.10,
P-1488-90-2026-00166,3619271,0,1.10,
P-4000-90-2026-00408,3618651,0,1.10,
P-4203-92-2026-00035,3618788,0,1.10,
P-1477-90-2026-00086,3618557,0,1.10,
P-1492-91-2026-00034,3618428,0,1.10,
P-3800-90-2026-00292,3618138,0,1.10,
P-2200-90-2026-00211,3618640,0,1.10,
P-3600-90-2026-00211,3619184,0,1.70,
P-1488-90-2026-00158,3618341,0,1.10,
P-4000-90-2026-00386,3618183,0,1.10,
P-3200-90-2026-00859,3618533,0,1.10,
P-2000-97-2025-00011,3559163,3,1.10,
P-2200-90-2026-00205,3618231,0,1.10,
P-2400-90-2026-00985,3618742,0,1.10,
P-9061-91-2026-00214,3618809,0,1.10,
P-3200-90-2026-00912,3619564,0,1.10,
P-1411-90-2026-00243,3619589,0,1.10,
P-3800-92-2026-00059,3618076,0,1.10,
P-1452-90-2026-00066,3618896,0,1.10,
P-8000-90-2026-00083,3619366,0,1.70,
P-2301-90-2026-00082,3618496,0,1.10,
P-3200-90-2026-00984,3620813,0,1.10,
P-2301-90-2026-00093,3620543,0,1.10,
P-1411-90-2026-00264,3620962,0,1.10,
P-1200-90-2026-00709,3620491,0,1.10,
P-1411-90-2026-00249,3619900,0,1.10,
P-2202-90-2026-00242,3620409,0,1.10,
P-1200-90-2026-00727,3620863,0,1.10,
P-1488-92-2026-00078,3620969,0,1.10,
P-2600-90-2026-00159,3620335,0,1.10,
P-1400-90-2026-00119,3620451,0,1.10,
P-3200-90-2026-00978,3620687,0,1.10,
P-3800-90-2026-00320,3619775,0,1.10,
P-1200-90-2026-00689,3620147,0,1.10,
P-4202-92-2026-00067,3619941,0,1.10,
P-1200-90-2026-00704,3620406,0,1.10,
P-2407-90-2026-00232,3620929,0,1.70,
P-8000-90-2026-00099,3620835,0,1.70,
P-1488-90-2026-00173,3619995,0,1.10,
P-1200-90-2026-00710,3620569,0,1.10,
P-2301-90-2026-00092,3620227,0,1.70,
P-1200-91-2026-00167,3620439,0,1.10,
P-2000-90-2026-00203,3620385,0,1.10,
P-2605-90-2026-00021,3620348,0,1.10,
P-3200-90-2026-00961,3620330,0,1.10,
P-9061-91-2026-00233,3620381,0,1.10,
P-9061-91-2026-00224,3619682,0,1.10,
P-3200-90-2026-00943,3620003,0,1.10,
P-9086-90-2026-00137,3620028,0,1.10,
P-2400-90-2026-01132,3620797,0,1.10,
P-1200-92-2026-00076,3620639,0,1.10,
P-3205-90-2026-00100,3620507,0,1.10,
P-2400-90-2026-01128,3620692,0,1.10,
P-9075-90-2026-00076,3620308,0,1.10,
P-3400-90-2026-00178,3620210,0,1.70,
P-2600-90-2026-00162,3620544,0,1.10,
P-2400-90-2026-01066,3619723,0,1.10,
P-1200-91-2026-00163,3620123,0,1.10,
P-2200-90-2026-00243,3620172,0,1.10,
P-3200-90-2026-00960,3620282,0,1.10,
P-9075-90-2026-00078,3620382,0,1.10,
P-3901-90-2026-00048,3620344,0,1.10,
P-2403-90-2026-00225,3620494,0,1.10,
P-1477-90-2026-00110,3620859,0,1.10,
P-4000-90-2026-00445,3620235,0,1.10,
P-1200-92-2026-00075,3620605,0,1.10,
P-3200-91-2026-00074,3619248,0,1.10,
P-2400-90-2026-01126,3620670,0,1.10,
P-1200-90-2026-00724,3620839,0,1.10,
P-1000-98-2025-00014,3264371,11,2.20,
P-1477-90-2026-00104,3620376,0,1.10,
P-8069-96-2026-00002,3607030,19,4.40,
P-4006-90-2026-00152,3620879,0,1.10,
P-3603-90-2026-00069,3620010,0,1.70,
P-2407-90-2026-00233,3620985,0,1.10,
P-1452-90-2026-00071,3620560,0,1.10,
P-1488-90-2026-00193,3620874,0,1.70,
P-3200-90-2026-00944,3620015,0,1.10,
P-1411-91-2026-00036,3620392,0,1.70,
P-1477-90-2026-00112,3620934,0,1.10,
P-1400-90-2026-00117,3620346,0,1.70,
P-3205-90-2026-00095,3619846,0,1.10,
P-2400-90-2026-01104,3620399,0,1.10,
P-9061-90-2026-00136,3620513,0,1.10,
P-3205-91-2026-00036,3620922,0,1.70,
P-8000-90-2026-00092,3620695,0,1.70,
P-3400-90-2026-00185,3620626,0,1.10,
P-2400-90-2026-01136,3620959,0,1.10,
P-4200-90-2026-00510,3620050,0,1.10,
P-1488-90-2026-00172,3619934,0,1.10,
P-3200-91-2026-00086,3620809,0,1.10,
P-1200-90-2026-00679,3619892,0,1.10,
P-8040-98-2025-00003,3451894,5,1.10,
P-8000-91-2026-00081,3620627,0,1.10,
P-3600-90-2026-00219,3619691,0,1.10,
P-2600-90-2026-00161,3620441,0,1.10,
P-9075-90-2026-00083,3621012,0,1.10,
P-1411-90-2026-00256,3620566,0,1.10,
P-3211-90-2026-00297,3619857,0,1.10,
P-4006-91-2026-00233,3620194,0,1.70,
P-2301-90-2026-00090,3620103,0,1.10,
P-3211-90-2026-00301,3620396,0,1.10,
P-1474-90-2026-00066,3620758,0,1.10,
P-3400-90-2026-00180,3620281,0,1.70,
P-9061-90-2026-00134,3620280,0,1.10,
P-9061-90-2026-00126,3619713,0,1.10,
P-9082-90-2026-00027,3619503,0,1.10,
P-2000-98-2026-00002,3619088,0,15.40,
P-4006-92-2026-00077,3620956,0,1.10,
P-2407-90-2026-00217,3620501,0,1.70,
P-3200-90-2026-00975,3620662,0,1.10,
P-4006-90-2026-00142,3619697,0,1.10,
P-2000-91-2026-00011,3621535,0,1.10,
P-2200-90-2026-00255,3621094,0,1.10,
P-4006-90-2026-00162,3621501,0,1.10,
P-9061-91-2026-00252,3621404,0,1.10,
P-2600-90-2026-00173,3622047,0,1.10,
P-4400-92-2026-00143,3621922,0,1.10,
P-3200-90-2026-01009,3621087,0,1.10,
P-4400-91-2026-00112,3621074,0,1.70,
P-1200-90-2026-00736,3621113,0,1.10,
P-4203-90-2026-00193,3621056,0,1.10,
P-4006-93-2026-00025,3621338,0,1.70,
P-4200-90-2026-00535,3621300,0,1.70,
P-4400-90-2026-00271,3622168,0,1.10,
P-4005-90-2026-00104,3622319,0,1.10,
P-2406-90-2026-00061,3621198,0,1.10,
P-1411-90-2026-00281,3622366,0,1.10,
P-4000-90-2026-00463,3621238,0,1.10,
P-2400-90-2026-01230,3622436,0,1.70,
P-2202-90-2026-00251,3621025,0,1.70,
P-1492-90-2026-00076,3621685,0,1.10,
P-2400-90-2026-01189,3621798,0,1.10,
P-9061-91-2026-00246,3621091,0,1.10,
P-1400-90-2026-00124,3621441,0,1.70,
P-9068-90-2026-00055,3621471,0,1.10,
P-3211-91-2026-00216,3622343,0,1.10,
P-9061-98-2026-00004,3621484,0,11.00,
P-1200-90-2026-00786,3622025,0,1.10,
P-4200-90-2026-00536,3621314,0,1.10,
P-1400-90-2026-00132,3622202,0,1.70,
P-4200-90-2026-00529,3621026,0,1.10,
P-2400-90-2026-01217,3622164,0,1.10,
P-2400-90-2026-01220,3622204,0,1.10,
P-4000-90-2026-00466,3621364,0,1.10,
P-4202-90-2026-00180,3621788,0,1.10,
P-2400-90-2026-01228,3622376,0,1.10,
P-2403-90-2026-00243,3621465,0,1.10,
P-2403-90-2026-00244,3621497,0,1.10,
P-9086-90-2026-00154,3621975,0,1.10,
P-2400-90-2026-01219,3622189,0,1.10,
P-2400-90-2026-01162,3621376,0,1.10,
P-3211-90-2026-00341,3622333,0,1.10,
P-8000-91-2026-00089,3621736,0,1.10,
P-1200-90-2026-00743,3621266,0,1.10,
P-3211-90-2026-00327,3621780,0,1.10,
P-1200-90-2026-00738,3621122,0,1.10,
P-2200-90-2026-00269,3621550,0,1.10,
P-2403-90-2026-00253,3621923,0,1.10,
P-1200-92-2026-00082,3621262,0,1.10,
P-4000-90-2026-00472,3621671,0,1.10,
P-1200-90-2026-00796,3622184,0,1.10,
P-9061-92-2026-00039,3621104,0,1.10,
P-9082-90-2026-00029,3622045,0,1.10,
P-2400-90-2026-01221,3622232,0,1.10,
P-3901-90-2026-00051,3621621,0,1.10,
P-4200-90-2026-00567,3621970,0,1.10,
P-1200-90-2026-00762,3621819,0,1.10,
P-4000-90-2026-00479,3621829,0,1.10,
P-2301-91-2026-00030,3621108,0,1.10,
P-3211-91-2026-00214,3622270,0,1.10,
P-3200-90-2026-01016,3621345,0,1.10,
P-1400-90-2026-00130,3621930,0,1.10,
P-3200-90-2025-04000,3336169,2,1.10,
P-3211-90-2026-00336,3622261,0,1.10,
P-9061-91-2026-00253,3621453,0,1.10,
P-8000-91-2026-00090,3621768,0,1.10,
P-3200-90-2026-01015,3621294,0,1.10,
P-2406-90-2026-00063,3621748,0,1.10,
P-3200-90-2026-01055,3622309,0,1.10,
P-2202-90-2026-00255,3621370,0,1.10,
P-2400-90-2026-01184,3621719,0,1.10,
P-3200-90-2026-01028,3621950,0,1.10,
P-3400-97-2025-00004,3313517,57,2.20,
P-1200-90-2026-00795,3622179,0,1.10,
P-2202-90-2026-00263,3622209,0,1.70,
P-3200-90-2026-01019,3621463,0,1.10,
P-2604-90-2026-00127,3622457,0,1.10,
P-2200-90-2026-00268,3621534,0,1.10,
P-3211-90-2026-00328,3621845,0,1.10,
P-1411-90-2026-00284,3622418,0,1.10,
P-8000-91-2026-00086,3621231,0,1.70,
P-1411-90-2026-00282,3622392,0,1.10,
P-3200-90-2026-01017,3621368,0,1.10,
P-1492-90-2026-00083,3622269,0,1.10,
P-2400-90-2026-01211,3622138,0,1.10,
P-2202-90-2026-00266,3622348,0,1.10,
P-1200-90-2026-00755,3621693,0,1.10,
P-1492-90-2026-00079,3621852,0,1.10,
P-9061-91-2026-00242,3621039,0,1.10,
P-2202-90-2026-00269,3622414,0,1.10,
P-9075-90-2026-00086,3621426,0,1.10,
P-2604-90-2026-00125,3622337,0,1.10,
P-9097-90-2026-00070,3622094,0,1.10,
P-1411-90-2026-00276,3622315,0,1.10,
P-1488-90-2026-00212,3622284,0,1.10,
P-2200-90-2026-00265,3621352,0,1.10,
P-2605-90-2026-00022,3621750,0,1.10,
P-1488-90-2026-00202,3621698,0,1.10,
P-1477-90-2026-00119,3621375,0,1.10,
P-3901-90-2026-00052,3622629,0,1.10,
P-2301-90-2026-00114,3622681,0,1.70,
P-2200-90-2026-00314,3623622,0,1.10,
P-3600-90-2026-00261,3622774,0,1.70,
P-9086-90-2026-00164,3623340,0,1.10,
P-1488-90-2026-00216,3622974,0,1.10,
P-2200-90-2026-00301,3623108,0,1.10,
P-4200-90-2026-00630,3623794,0,1.10,
P-3800-92-2026-00070,3622195,0,1.10,
P-4000-90-2026-00527,3623309,0,1.10,
P-2400-90-2026-01272,3623118,0,1.10,
P-2403-90-2026-00280,3623363,0,1.10,
P-2604-90-2026-00133,3622924,0,1.10,
P-9077-90-2026-00062,3623853,0,1.10,
P-2202-90-2026-00293,3623851,0,1.10,
P-3603-90-2026-00094,3623882,0,1.10,
P-1488-90-2026-00228,3623790,0,1.10,
P-1411-90-2026-00310,3623762,0,1.10,
P-8072-90-2026-00046,3623139,0,1.10,
P-3200-90-2026-01103,3623217,0,1.10,
P-3200-90-2026-01067,3622482,0,1.10,
P-1400-90-2026-00136,3623799,0,1.70,
P-2407-90-2026-00248,3622587,0,1.10,
P-2301-90-2026-00112,3622489,0,1.10,
P-1200-92-2026-00093,3622977,0,1.10,
P-2400-90-2026-01289,3623334,0,1.10,
P-2400-90-2026-01261,3622917,0,1.10,
P-3800-90-2026-00382,3623016,0,1.10,
P-9061-91-2026-00271,3622735,0,1.10,
P-1488-90-2026-00225,3623672,0,1.10,
P-4200-90-2026-00631,3623783,0,1.10,
P-3200-90-2026-01111,3623405,0,1.10,
P-9075-90-2026-00091,3623730,0,1.10,
P-2202-90-2026-00287,3623701,0,1.10,
P-2400-90-2026-01312,3623592,0,1.10,
P-4202-90-2026-00219,3623716,0,1.10,
P-9093-90-2026-00024,3623480,0,1.10,
P-1452-90-2026-00082,3623717,0,1.10,
P-2202-90-2026-00288,3623736,0,1.10,
P-1400-91-2026-00019,3623431,0,1.70,
P-4200-90-2026-00604,3623107,0,1.10,
P-2301-90-2026-00113,3622639,0,1.10,
P-3211-90-2026-00356,3622956,0,1.10,
P-2200-90-2026-00287,3622656,0,1.10,
P-3200-90-2026-01073,3622606,0,1.10,
P-1400-92-2026-00068,3622467,0,1.10,
P-4200-92-2026-00093,3622559,0,1.10,
P-3800-90-2026-00377,3622828,0,1.10,
P-1400-91-2026-00015,3621337,0,1.10,
P-3800-90-2026-00376,3622728,0,1.10,
P-1200-90-2026-00809,3622490,0,1.10,
P-1411-90-2026-00297,3623218,0,1.10,
P-2400-90-2026-01245,3622627,0,1.10,
P-9061-90-2026-00161,3622589,0,1.10,
P-4200-90-2026-00607,3623222,0,1.10,
P-2405-90-2026-00066,3622613,0,1.10,
P-3200-90-2026-01090,3623047,0,1.10,
P-2403-90-2026-00278,3623238,0,1.10,
P-2408-90-2026-00202,3622718,0,1.10,
P-1200-90-2026-00847,3623289,0,1.10,
P-1200-90-2026-00825,3622897,0,1.10,
P-4000-90-2026-00523,3623211,0,1.10,
P-2408-90-2026-00209,3623249,0,1.10,
P-1200-90-2026-00840,3623176,0,1.10,
P-2400-90-2026-01241,3622594,0,1.10,
P-2400-90-2026-01278,3623155,0,1.10,
P-3800-90-2026-00373,3622645,0,1.10,
P-1200-90-2026-00839,3623158,0,1.10,
P-2403-90-2026-00279,3623252,0,1.10,
P-3211-90-2026-00352,3622715,0,1.10,
P-2403-92-2026-00087,3622641,0,1.10,
P-3200-90-2026-01086,3622960,0,1.10,
P-4200-90-2026-00578,3622523,0,1.10,
P-2403-90-2026-00274,3622789,0,1.10,
P-2400-90-2026-01304,3623504,0,1.10,
P-3211-90-2026-00375,3623806,0,1.10,
P-7183-91-2026-00001,3623554,0,1.10,
P-4200-90-2026-00595,3622831,0,1.10,
P-3600-90-2026-00256,3622502,0,1.70,
P-4000-90-2026-00518,3623117,0,1.10,
P-3800-90-2026-00390,3623273,0,1.10,
P-2400-90-2026-01236,3622510,0,1.10,
P-1200-90-2026-00836,3623073,0,1.10,
P-2400-90-2026-01310,3623573,0,1.10,
P-4203-90-2026-00217,3622579,0,1.10,
P-4006-91-2026-00269,3622758,0,1.10,
P-4200-90-2026-00584,3622638,0,1.10,
P-3200-90-2026-01130,3623766,0,1.10,
P-1200-90-2026-00868,3623560,0,1.10,
P-3800-90-2026-00396,3623508,0,1.10,
P-1492-90-2026-00087,3623027,0,1.10,
P-3205-90-2026-00114,3623101,0,1.10,
P-1200-90-2026-00812,3622542,0,1.10,
P-1488-90-2026-00221,3623455,0,1.70,
P-1200-91-2026-00203,3623666,0,1.10,
P-4006-90-2026-00200,3623467,0,1.10,
P-1411-91-2026-00042,3623756,0,1.10,
P-3200-90-2026-01075,3622647,0,1.10,
P-1200-90-2026-00855,3623414,0,1.10,
P-4200-90-2026-00581,3622609,0,1.10,
P-2202-90-2026-00285,3623600,0,1.10,
P-2202-90-2026-00291,3623784,0,1.10,
P-3200-90-2026-01140,3623826,0,1.10,
P-3400-90-2026-00207,3622995,0,1.70,
P-8072-90-2026-00045,3622910,0,1.10,
P-4006-90-2026-00192,3623224,0,1.10,
P-3211-92-2026-00122,3623070,0,1.10,
P-2202-90-2026-00296,3623888,0,1.10,
P-9086-91-2026-00052,3624129,0,1.10,
P-1411-90-2026-00326,3624090,0,1.10,
P-2400-90-2026-01359,3623914,0,1.10,
P-2400-90-2026-01363,3624022,0,1.10,
P-2202-90-2026-00303,3623954,0,1.10,
P-2301-90-2026-00124,3624134,0,1.10,
P-2408-90-2026-00219,3623975,0,1.10,
P-1411-90-2026-00330,3624111,0,1.10,
P-2400-91-2026-00168,3623911,0,1.10,
P-1411-90-2026-00331,3624131,0,1.10,
P-3603-90-2026-00096,3623955,0,1.10,
P-1452-90-2026-00087,3623989,0,1.10,
P-2400-90-2026-01362,3624038,0,1.10,
P-2301-90-2026-00125,3624152,0,1.10,
P-4203-90-2026-00234,3624292,0,1.10,
P-1400-90-2026-00143,3624270,0,1.10,
P-9097-90-2026-00080,3624164,0,1.10,
P-1400-90-2026-00142,3624282,0,1.70,
P-9061-91-2026-00291,3624228,0,1.10,
P-9068-90-2026-00062,3624147,0,1.10,
P-4203-90-2026-00232,3624265,0,1.10,
P-9077-90-2026-00068,3624274,0,1.10,
P-3211-90-2026-00391,3624263,0,1.10,
P-3211-90-2026-00386,3624171,0,1.10,
P-3603-90-2026-00100,3624222,0,1.10,
P-9086-90-2026-00171,3624227,0,1.10,
P-4200-90-2025-01823,3294324,2,1.10,
P-3603-90-2026-00099,3624237,0,1.10,
P-1400-90-2026-00139,3624143,0,1.70,
P-2301-90-2026-00126,3624470,0,1.10,
P-9068-91-2026-00050,3624471,0,1.10,
P-9077-90-2026-00072,3624412,0,1.10,
P-2400-90-2026-01395,3624406,0,1.10,
P-2400-90-2026-01408,3624506,0,1.10,
P-2400-90-2026-01407,3624484,0,1.10,
P-9102-90-2026-00018,3624440,0,1.10,
P-9097-90-2026-00082,3624296,0,1.10,
P-3205-91-2026-00043,3624232,0,1.70,
P-1411-90-2026-00339,3624415,0,1.10,
P-2400-90-2026-01399,3624434,0,1.10,
P-3205-90-2026-00121,3624443,0,1.10,
P-4006-90-2026-00221,3624475,0,1.10,
P-3211-90-2026-00395,3624367,0,1.10,
P-4006-90-2026-00222,3624478,0,1.10,
P-9097-90-2026-00083,3624297,0,1.10,
P-4200-90-2026-00678,3624809,0,1.10,
P-4005-90-2026-00114,3624885,0,1.10,
P-3211-90-2026-00402,3624546,0,1.10,
P-2405-90-2026-00070,3624740,0,1.10,
P-2400-90-2026-01426,3624627,0,1.10,
P-2408-90-2026-00228,3624554,0,1.10,
P-9075-90-2026-00107,3624659,0,1.10,
P-2407-90-2026-00301,3624668,0,1.10,
P-2202-90-2026-00334,3624589,0,1.10,
P-1400-90-2026-00145,3624718,0,1.10,
P-4200-90-2026-00671,3624716,0,1.10,
P-1400-90-2026-00146,3624810,0,1.70,
P-3800-90-2026-00408,3624703,0,1.10,
P-9086-90-2026-00176,3624596,0,1.10,
P-2403-90-2026-00311,3624800,0,1.10,
P-2403-92-2026-00097,3624648,0,1.10,
P-2403-90-2026-00315,3624872,0,1.10,
P-1411-92-2026-00128,3624539,0,1.10,
P-4200-90-2026-00676,3624830,0,1.10,
P-9086-90-2026-00181,3624733,0,1.10,
P-1452-91-2026-00006,3624695,0,1.10,
P-1411-90-2026-00346,3624519,0,1.10,
P-9082-90-2026-00040,3624761,0,1.10,
P-2202-90-2026-00347,3624821,0,1.70,
P-4200-90-2026-00679,3624852,0,1.10,
P-1411-90-2026-00359,3624863,0,1.10,
P-2407-90-2026-00300,3624607,0,1.10,
P-4200-90-2026-00667,3624669,0,1.10,
P-3800-90-2026-00410,3624877,0,1.10,
P-3205-90-2026-00126,3624682,0,1.10,
P-9086-90-2026-00182,3624749,0,1.10,
P-2408-90-2026-00230,3624614,0,1.10,
P-1411-90-2026-00353,3624651,0,1.10,
P-1411-90-2026-00345,3624533,0,1.10,
P-9076-90-2026-00065,3624518,0,1.10,
P-1492-90-2026-00091,3624584,0,1.10,
P-2403-90-2026-00300,3624608,0,1.10,
P-3211-90-2026-00407,3624727,0,1.10,
P-2604-90-2026-00148,3624819,0,1.10,
P-9061-91-2026-00302,3624953,0,1.10,
P-1200-90-2026-00888,3624994,0,1.10,
P-9061-91-2026-00306,3624955,0,1.10,
P-3205-90-2026-00131,3624957,0,1.10,
P-9068-91-2026-00053,3624934,0,1.10,
P-1411-90-2026-00364,3625056,0,1.10,
P-3600-90-2026-00282,3624979,0,1.70,
P-1200-90-2026-00891,3625079,0,1.10,
P-1488-90-2026-00234,3624911,0,1.10,
P-4200-90-2026-00684,3625164,0,1.10,
P-9068-91-2026-00052,3624926,0,1.10,
P-3800-90-2026-00414,3625034,0,1.10,
P-2409-90-2026-00055,3625240,0,1.10,
P-2400-90-2026-01474,3625241,0,1.10,
P-1474-90-2026-00086,3625191,0,1.10,
P-1492-90-2026-00093,3625060,0,1.10,
P-1452-90-2026-00094,3625244,0,1.10,
P-9061-91-2026-00310,3625348,0,1.10,
P-2403-90-2026-00323,3625334,0,1.10,
P-2200-90-2026-00316,3625057,0,1.10,
P-3600-90-2026-00284,3625175,0,1.70,
P-3205-90-2026-00132,3624997,0,1.10,
P-2400-90-2026-01453,3624968,0,1.10,
P-2407-90-2026-00317,3625360,0,1.10,
P-4200-90-2026-00682,3625125,0,1.70,
P-4203-90-2026-00250,3625028,0,1.10,
P-4000-90-2026-00538,3624989,0,1.10,
P-1477-90-2026-00138,3625008,0,1.10,
P-1452-90-2026-00095,3625535,0,1.10,
P-2200-90-2026-00325,3625556,0,1.10,
P-3603-90-2026-00106,3625171,0,1.70,
P-4203-90-2026-00252,3625198,0,1.10,
P-2403-90-2026-00324,3625534,0,1.10,
P-2400-90-2026-01466,3625173,0,1.10,
P-2400-90-2026-01487,3625467,0,1.10,
P-4203-90-2026-00249,3625041,0,1.10,
P-4200-90-2026-00725,3626456,0,1.10,
P-4000-91-2026-00036,3626529,0,1.10,
P-9022-97-2025-00025,3513474,3,1.10,
P-1452-90-2026-00098,3626432,0,1.10,
P-1200-91-2026-00215,3625783,0,1.10,
P-3800-90-2026-00438,3626024,0,1.10,
P-2405-90-2026-00080,3627116,0,1.10,
P-2301-90-2026-00142,3626441,0,1.70,
P-1200-90-2026-00978,3626923,0,1.10,
P-2202-90-2026-00374,3626685,0,1.10,
P-3800-90-2026-00429,3625572,0,1.10,
P-3603-90-2026-00109,3625896,0,1.10,
P-1488-90-2026-00242,3626257,0,1.10,
P-2000-90-2026-00264,3626735,0,1.10,
P-2000-90-2026-00254,3625961,0,1.10,
P-4005-90-2026-00126,3626496,0,1.10,
P-1411-90-2026-00380,3626361,0,1.10,
P-4000-90-2026-00573,3626162,0,1.10,
P-2200-90-2026-00329,3625816,0,1.10,
P-3200-90-2026-01255,3627236,0,1.10,
P-3211-90-2026-00437,3626495,0,1.10,
P-2408-90-2026-00253,3626230,0,1.10,
P-9075-90-2026-00117,3626618,0,1.10,
P-4000-90-2026-00589,3626501,0,1.10,
P-1200-90-2026-00983,3626977,0,1.10,
P-3200-90-2026-01236,3627060,0,1.10,
P-2202-90-2026-00363,3625826,0,1.70,
P-4203-90-2026-00263,3626049,0,1.10,
P-1411-90-2026-00369,3625642,0,1.10,
P-4000-90-2026-00581,3626264,0,1.10,
P-1200-90-2026-00955,3626416,0,1.10,
P-1488-90-2026-00236,3625576,0,1.10,
P-1411-90-2026-00373,3626022,0,1.10,
P-2202-90-2026-00360,3625603,0,1.10,
P-2400-90-2026-01596,3627040,0,1.10,
P-3200-90-2026-01178,3626250,0,1.10,
P-2403-92-2026-00106,3625969,0,1.10,
P-2407-90-2026-00332,3625878,0,1.10,
P-2403-90-2026-00326,3625675,0,1.10,
P-4006-90-2026-00253,3626547,0,1.10,
P-1488-90-2026-00244,3626560,0,1.10,
P-2403-90-2026-00327,3625812,0,1.10,
P-4200-90-2026-00734,3626605,0,1.10,
P-2214-90-2026-00094,3625671,0,1.10,
P-3800-90-2026-00452,3626812,0,1.10,
P-2202-90-2026-00376,3627075,0,1.10,
P-3600-90-2026-00293,3625765,0,1.70,
P-4200-90-2026-00723,3626413,0,1.10,
P-4006-90-2026-00237,3625731,0,1.10,
P-4200-90-2026-00707,3626002,0,1.70,
P-4200-90-2026-00714,3626177,0,1.10,
P-2400-90-2026-01540,3626397,0,1.10,
P-3900-90-2026-00061,3625874,0,1.10,
P-1411-90-2026-00385,3626663,0,1.10,
P-2200-90-2026-00326,3625619,0,1.10,
P-2202-90-2026-00379,3627133,0,1.10,
P-9076-90-2026-00083,3627089,0,1.10,
P-2200-90-2026-00337,3626249,0,1.10,
P-1400-90-2026-00154,3626569,0,1.10,
P-4005-90-2026-00131,3626718,0,1.10,
P-1452-90-2026-00100,3626946,0,1.10,
P-4005-90-2026-00133,3626810,0,1.10,
P-2400-90-2026-01591,3627015,0,1.10,
P-4000-90-2026-00575,3626183,0,1.10,
P-4000-90-2026-00570,3626115,0,1.10,
P-4200-90-2026-00744,3626849,0,1.10,
P-3205-91-2026-00049,3627092,0,1.10,
P-4000-90-2026-00594,3626665,0,1.10,
P-2409-90-2026-00056,3625665,0,1.10,
P-4202-90-2026-00243,3625692,0,1.10,
P-8072-90-2026-00060,3626624,0,1.10,
P-2400-90-2026-01565,3626664,0,1.10,
P-2400-90-2026-01576,3626809,0,1.10,
P-4000-90-2026-00551,3625476,0,1.10,
P-3400-90-2026-00228,3625950,0,1.70,
P-2000-90-2026-00256,3626219,0,1.10,
P-4000-90-2026-00577,3626200,0,1.10,
P-2000-90-2026-00260,3626591,0,1.10,
P-9061-90-2026-00171,3625993,0,1.10,
P-3600-90-2026-00303,3626487,0,1.10,
P-8000-91-2026-00103,3626585,0,1.10,
P-4000-90-2026-00600,3626811,0,1.10,
P-2400-90-2026-01514,3625955,0,1.10,
P-2400-90-2026-01600,3627194,0,1.10,
P-4200-90-2026-00728,3626556,0,1.70,
P-1200-90-2026-00972,3626858,0,1.10,
P-8072-90-2026-00062,3627120,0,1.10,
P-4200-90-2026-00737,3626611,0,1.10,
P-3200-90-2026-01218,3626823,0,1.10,
P-1488-90-2026-00249,3626997,0,1.10,
P-2400-90-2026-01610,3627292,0,1.10,
P-4200-90-2026-00745,3626876,0,1.10,
P-9075-90-2026-00113,3625632,0,1.10,
P-1452-91-2026-00007,3626979,0,1.10,
P-4006-91-2026-00323,3626045,0,1.10,
P-9102-90-2026-00022,3626383,0,1.10,
P-2403-90-2026-00328,3625838,0,1.10,
P-2408-90-2026-00244,3625622,0,1.10,
P-9071-91-2026-00005,3626945,0,1.10,
P-2200-90-2026-00328,3625750,0,1.10,
P-4200-91-2026-00048,3626770,0,1.10,
P-3400-91-2026-00012,3626338,0,1.70,
P-2400-90-2026-01564,3626674,0,1.10,
P-4006-90-2026-00263,3627209,0,1.10,
P-1411-90-2026-00398,3627260,0,1.10,
P-2400-90-2026-01556,3626584,0,1.10,
P-3211-90-2026-00417,3625766,0,1.10,
P-1488-90-2026-00256,3627255,0,1.10,
P-2408-90-2026-00252,3625930,0,1.10,
P-3200-90-2026-01165,3625748,0,1.10,
P-3800-90-2026-00432,3625681,0,1.10,
P-2400-90-2026-01520,3626040,0,1.10,
P-3200-90-2026-01202,3626645,0,1.10,
P-1477-90-2026-00153,3627151,0,1.10,
P-9075-91-2026-00041,3627158,0,1.10,
P-1400-90-2026-00150,3625587,0,1.10,
P-2301-90-2026-00134,3625435,0,1.10,
P-2600-90-2026-00195,3625988,0,1.10,
P-4203-91-2026-00020,3625693,0,1.10,
P-3200-90-2026-01185,3626391,0,1.10,
P-4200-90-2026-00699,3625679,0,1.10,
P-1411-90-2026-00387,3626733,0,1.10,
P-3800-90-2026-00441,3626123,0,1.10,
P-2400-90-2026-01577,3626840,0,1.10,
P-1400-90-2026-00159,3627067,0,1.70,
P-3900-90-2026-00062,3626486,0,1.10,
P-1411-90-2026-00395,3627201,0,1.10,
P-2407-90-2026-00352,3627203,0,1.10,
P-2000-90-2026-00283,3628243,0,1.10,
P-4006-92-2026-00103,3627463,0,1.10,
P-3200-90-2026-01297,3628189,0,1.10,
P-9067-90-2026-00016,3628622,0,1.10,
P-3200-90-2026-01278,3627542,0,1.10,
P-3205-90-2026-00153,3627765,0,1.10,
P-2202-90-2026-00391,3627946,0,1.10,
P-9061-91-2026-00361,3628724,0,1.10,
P-4400-91-2026-00131,3628739,0,1.70,
P-3200-90-2026-01306,3628341,0,1.10,
P-1452-90-2026-00106,3627541,0,1.10,
P-2200-90-2026-00380,3628732,0,1.10,
P-4005-90-2026-00138,3627652,0,1.10,
P-2408-90-2026-00290,3629045,0,1.10,
P-2400-90-2026-01656,3627947,0,1.10,
P-3211-90-2026-00497,3629006,0,1.10,
P-9061-90-2026-00190,3628361,0,1.10,
P-3200-90-2026-01343,3629029,0,1.10,
P-1474-91-2026-00031,3628184,0,1.70,
P-2400-90-2026-01724,3629050,0,1.10,
P-3200-90-2026-01329,3628792,0,1.10,
P-2400-90-2026-01683,3628537,0,1.10,
P-1200-91-2026-00244,3627555,0,1.10,
P-2400-90-2026-01708,3628802,0,1.10,
P-4000-90-2026-00637,3628778,0,1.10,
P-3800-90-2026-00478,3628512,0,1.10,
P-3600-90-2026-00314,3627585,0,1.70,
P-9077-90-2026-00099,3628837,0,1.10,
P-4202-90-2026-00260,3627584,0,1.10,
P-2202-90-2026-00403,3629002,0,1.10,
P-2403-91-2026-00037,3627699,0,1.10,
P-9071-90-2026-00042,3629043,0,1.10,
P-4005-90-2026-00135,3627414,0,1.10,
P-3600-90-2026-00328,3628438,0,1.70,
P-4000-90-2026-00631,3628428,0,1.10,
P-2400-91-2026-00190,3627315,0,1.10,
P-3900-90-2026-00064,3627498,0,1.10,
P-1400-90-2026-00166,3628577,0,1.10,
P-4200-90-2026-00784,3627958,0,1.10,
P-4200-90-2026-00797,3628303,0,1.10,
P-3200-90-2026-01277,3627536,0,1.10,
P-4400-90-2026-00354,3628721,0,1.10,
P-1200-90-2026-01044,3628393,0,1.10,
P-3600-90-2026-00330,3628493,0,1.70,
P-4000-90-2026-00622,3628059,0,1.10,
P-1411-90-2026-00400,3627426,0,1.10,
P-2400-90-2026-01631,3627531,0,1.10,
P-4000-91-2026-00039,3627318,0,1.10,
P-3205-90-2026-00154,3627824,0,1.10,
P-2408-90-2026-00278,3628039,0,1.10,
P-4203-90-2026-00278,3629038,0,1.10,
P-4200-90-2026-00788,3628043,0,1.10,
P-3800-90-2026-00474,3628328,0,1.10,
P-1411-90-2026-00425,3629039,0,1.10,
P-2202-90-2026-00396,3628230,0,1.10,
P-1200-90-2026-01051,3628459,0,1.10,
P-2604-90-2026-00159,3627805,0,1.10,
P-4203-90-2026-00268,3627465,0,1.10,
P-2000-90-2026-00278,3627586,0,1.10,
P-3200-90-2026-01280,3627578,0,1.10,
P-4200-90-2026-00772,3627736,0,1.10,
P-2400-90-2026-01720,3628996,0,1.10,
P-2408-90-2026-00285,3628527,0,1.10,
P-2000-90-2026-00289,3628704,0,1.10,
P-2400-90-2026-01672,3628238,0,1.10,
P-3200-90-2026-01294,3628142,0,1.10,
P-1200-90-2026-01075,3628806,0,1.10,
P-2400-91-2026-00194,3628210,0,1.10,
P-3205-90-2026-00164,3628969,0,1.10,
P-3200-90-2026-01269,3627395,0,1.10,
P-2400-90-2026-01723,3629001,0,1.10,
P-9075-90-2026-00121,3627687,0,1.10,
P-4400-90-2026-00336,3627748,0,1.10,
P-2000-90-2026-00261,3626637,0,1.10,
P-1411-90-2026-00427,3629055,0,1.10,
P-2200-90-2026-00363,3628033,0,1.10,
P-4006-90-2026-00270,3628176,0,1.10,
P-3800-90-2026-00465,3627701,0,1.10,
P-3211-90-2026-00470,3628038,0,1.10,
P-4202-90-2026-00255,3627417,0,1.10,
P-2400-90-2026-01676,3628332,0,1.10,
P-1492-90-2026-00104,3627543,0,1.10,
P-3400-90-2026-00236,3627526,0,1.70,
P-9102-91-2026-00014,3626546,0,1.10,
P-4000-90-2026-00638,3628796,0,1.10,
P-1200-90-2026-01056,3628513,0,1.10,
P-9086-90-2026-00194,3627298,0,1.10,
P-9022-90-2026-00016,3628717,0,1.10,
P-2200-90-2026-00358,3627570,0,1.10,
P-1492-90-2026-00112,3628615,0,1.10,
P-1200-90-2026-01008,3627478,0,1.10,
P-3211-90-2026-00459,3627714,0,1.10,
P-3205-90-2026-00156,3627888,0,1.10,
P-2407-90-2026-00399,3628884,0,1.10,
P-3603-90-2026-00114,3627467,0,1.10,
P-4200-90-2026-00802,3628408,0,1.10,
P-3200-90-2026-01332,3628816,0,1.10,
P-2600-92-2026-00055,3628435,0,1.10,
P-4200-90-2026-00785,3627995,0,1.10,
P-2600-90-2026-00218,3628496,0,1.10,
P-3200-91-2026-00109,3627435,0,1.10,
P-4000-90-2026-00621,3628008,0,1.10,
P-3800-90-2026-00480,3628525,0,1.10,
P-4400-91-2026-00126,3628052,0,1.10,
P-9061-91-2026-00342,3627291,0,1.10,
P-2301-90-2026-00154,3628865,0,1.10,
P-3800-90-2026-00477,3628472,0,1.10,
P-2604-90-2026-00164,3628340,0,1.10,
P-9091-90-2026-00047,3628899,0,1.70,
P-4203-90-2026-00276,3628886,0,1.10,
P-3211-90-2026-00480,3628729,0,1.10,
P-2400-90-2026-01621,3627422,0,1.10,
P-1200-90-2026-01020,3627705,0,1.10,
P-4400-90-2026-00337,3627875,0,1.10,
P-9075-90-2026-00125,3629062,0,1.10,
P-4200-90-2026-00814,3628711,0,1.10,
P-1200-90-2026-01084,3628920,0,1.10,
P-4200-90-2026-00769,3627654,0,1.10,
P-3211-90-2026-00511,3629879,0,1.10,
P-3211-90-2026-00518,3630470,0,1.10,
P-2400-90-2026-01756,3629617,0,1.10,
P-9086-90-2026-00204,3629382,0,1.10,
P-3800-90-2026-00500,3629632,0,1.10,
P-3205-90-2026-00170,3629614,0,1.10,
P-2600-90-2026-00222,3629310,0,1.10,
P-3600-90-2026-00350,3629682,0,1.70,
P-2403-91-2026-00041,3629984,0,1.10,
P-1200-90-2026-01123,3629963,0,1.10,
P-4006-91-2026-00392,3630354,0,1.10,
P-3901-90-2026-00068,3629850,0,1.10,
P-4200-90-2026-00826,3629176,0,1.10,
P-2408-90-2026-00295,3629413,0,1.10,
P-2200-90-2026-00392,3629432,0,1.10,
P-9082-90-2026-00051,3630706,0,1.10,
P-4200-90-2026-00847,3629957,0,1.10,
P-1411-90-2026-00439,3629648,0,1.10,
P-2408-90-2026-00291,3629145,0,1.10,
P-3211-90-2026-00508,3629766,0,1.10,
P-3211-91-2026-00277,3629563,0,1.10,
P-3600-90-2026-00348,3629649,0,1.70,
P-1200-90-2026-01161,3630646,0,1.10,
P-2400-90-2026-01726,3629078,0,1.10,
P-2301-90-2026-00156,3629429,0,1.10,
P-2400-90-2026-01734,3629241,0,1.10,
P-3400-90-2026-00247,3629483,0,1.10,
P-9075-90-2026-00130,3630529,0,1.10,
P-3603-90-2026-00127,3630709,0,1.10,
P-2408-90-2026-00303,3630070,0,1.10,
P-4006-91-2026-00386,3630121,0,1.70,
P-1492-90-2026-00120,3630159,0,1.10,
P-4200-90-2026-00867,3630439,0,1.10,
P-1200-90-2026-01096,3629246,0,1.10,
P-2600-90-2026-00229,3629889,0,1.10,
P-1200-90-2026-01157,3630584,0,1.10,
P-2200-90-2026-00391,3629259,0,1.10,
P-3600-90-2026-00359,3630015,0,1.70,
P-4200-90-2026-00860,3630253,0,1.10,
P-1411-90-2026-00448,3630696,0,1.10,
P-3211-90-2026-00499,3629414,0,1.10,
P-2000-90-2026-00307,3630074,0,1.10,
P-2400-90-2026-01790,3630332,0,1.10,
P-2000-90-2026-00301,3629562,0,1.10,
P-9076-90-2026-00096,3630808,0,1.10,
P-2604-90-2026-00176,3629492,0,1.10,
P-4000-90-2026-00672,3630364,0,1.10,
P-1200-90-2026-01118,3629873,0,1.10,
P-4400-90-2026-00356,3629200,0,1.10,
P-1200-90-2026-01155,3630561,0,1.10,
P-2400-90-2026-01816,3630830,0,1.10,
P-2403-90-2026-00376,3630774,0,1.10,
P-4200-90-2026-00832,3629542,0,1.10,
P-2400-90-2026-01815,3630829,0,1.10,
P-2301-91-2026-00041,3629549,0,1.10,
P-4200-90-2026-00835,3629616,0,1.10,
P-3800-90-2026-00487,3629116,0,1.10,
P-3901-90-2026-00066,3629198,0,1.10,
P-3205-90-2026-00180,3630720,0,1.10,
P-3800-90-2026-00498,3629600,0,1.10,
P-1200-90-2026-01129,3630216,0,1.10,
P-2408-90-2026-00300,3629646,0,1.10,
P-1452-90-2026-00110,3629095,0,1.10,
P-2202-90-2026-00408,3629272,0,1.10,
P-2200-90-2026-00415,3630556,0,1.10,
P-2604-90-2026-00186,3630731,0,1.10,
P-4000-90-2026-00656,3629730,0,1.10,
P-4000-90-2026-00655,3629699,0,1.10,
P-2400-91-2026-00197,3629121,0,1.10,
P-4200-90-2026-00848,3629993,0,1.10,
P-4000-90-2026-00648,3629479,0,1.10,
P-2400-90-2026-01793,3630358,0,1.10,
P-1411-90-2026-00428,3629185,0,1.10,
P-3600-90-2026-00373,3630599,0,1.70,
P-3200-90-2026-01367,3629519,0,1.10,
P-4200-90-2026-00853,3630063,0,1.10,
P-2407-90-2026-00443,3630724,0,1.10,
P-2400-90-2026-01794,3630381,0,1.10,
P-2400-90-2026-01801,3630509,0,1.10,
P-4005-90-2026-00149,3630496,0,1.10,
P-2600-90-2026-00221,3629110,0,1.10,
P-4000-90-2026-00642,3629256,0,1.10,
P-3200-90-2026-01363,3629350,0,1.10,
P-3200-90-2026-01365,3629460,0,1.10,
P-2406-92-2026-00040,3629698,0,1.10,
P-1477-90-2026-00171,3630007,0,1.10,
P-9071-90-2026-00047,3630730,0,1.10,
P-4000-90-2026-00679,3630582,0,1.10,
P-3600-90-2026-00346,3629553,0,1.70,
P-2409-90-2026-00062,3629828,0,1.10,
P-2604-90-2026-00173,3629296,0,1.10,
P-9093-90-2026-00032,3630174,0,1.10,
P-4000-90-2026-00669,3630217,0,1.10,
P-9061-90-2026-00249,3630362,0,1.10,
P-9076-90-2026-00094,3630825,0,1.10,
P-8050-98-2026-00002,3623332,0,27.50,
P-3800-90-2026-00492,3629417,0,1.10,
P-1452-90-2026-00111,3629098,0,1.10,
P-1411-90-2026-00429,3629214,0,1.10,
P-2403-90-2026-00366,3630117,0,1.10,
P-3211-91-2026-00282,3630180,0,1.10,
P-1200-90-2026-01119,3629892,0,1.10,
P-1200-90-2026-01145,3630455,0,1.10,
P-2400-90-2026-01729,3629184,0,1.10,
P-3211-90-2026-00504,3629609,0,1.10,
P-3603-90-2026-00131,3630799,0,1.10,
P-1400-92-2026-00126,3630767,0,1.10,
P-3200-90-2026-01352,3629178,0,1.10,
P-9061-90-2026-00244,3630320,0,1.10,
P-3211-91-2026-00291,3630734,0,1.10,
P-3600-90-2026-00363,3630170,0,1.70,
P-4006-90-2026-00296,3630687,0,1.10,
P-1200-90-2026-01101,3629408,0,1.10,
P-3400-91-2026-00014,3629940,0,1.70,
P-3800-90-2026-00513,3630295,0,1.10,
P-3800-90-2026-00501,3629685,0,1.10,
P-3600-90-2026-00358,3629979,0,1.70,
P-2000-90-2026-00300,3629514,0,1.10,
P-4400-90-2026-00386,3632095,0,1.10,
P-8000-90-2026-00143,3632456,0,1.70,
P-1200-90-2026-01208,3631694,0,1.10,
P-4203-90-2026-00308,3631750,0,1.10,
P-4005-90-2026-00162,3632761,0,1.10,
P-9076-90-2026-00100,3631877,0,1.10,
P-3600-90-2026-00423,3632017,0,1.70,
P-2400-92-2026-00291,3632332,0,1.10,
P-4203-90-2026-00306,3631668,0,1.10,
P-2400-90-2026-01920,3632288,0,1.10,
P-2000-90-2026-00350,3632838,0,1.10,
P-1200-90-2026-01194,3631467,0,1.10,
P-3200-90-2026-01541,3632394,0,1.10,
P-4200-90-2026-00954,3632189,0,1.10,
P-1200-90-2026-01247,3632345,0,1.10,
P-3200-90-2026-01534,3632289,0,1.10,
P-1200-90-2026-01169,3631057,0,1.10,
P-4200-90-2026-00966,3632406,0,1.10,
P-1200-90-2026-01267,3632540,0,1.10,
P-4200-90-2026-00933,3631811,0,1.10,
P-4000-90-2026-00719,3632252,0,1.10,
P-4400-90-2026-00389,3632359,0,1.10,
P-2301-90-2026-00173,3631731,0,1.70,
P-2214-90-2026-00129,3631599,0,1.10,
P-9093-90-2026-00033,3632040,0,1.10,
P-2400-90-2026-01968,3632788,0,1.10,
P-2403-90-2026-00400,3632883,0,1.10,
P-2200-90-2026-00469,3632183,0,1.10,
P-2000-90-2026-00328,3631777,0,1.10,
P-3600-90-2026-00431,3632227,0,1.70,
P-2604-90-2026-00190,3631247,0,1.10,
P-3600-90-2026-00389,3631109,0,1.70,
P-4000-90-2026-00696,3631343,0,1.10,
P-3205-91-2026-00052,3630795,0,1.10,
P-2400-90-2026-01945,3632589,0,1.10,
P-4200-90-2026-00952,3632164,0,1.10,
P-2000-90-2026-00324,3631564,0,1.10,
P-9091-90-2026-00051,3631404,0,1.10,
P-2202-90-2026-00458,3632046,0,1.10,
P-1200-90-2026-01231,3632130,0,1.10,
P-4400-90-2026-00388,3632158,0,1.10,
P-9077-90-2026-00115,3633023,0,1.10,
P-2400-90-2026-01987,3632957,0,1.10,
P-3600-90-2026-00442,3632792,0,1.70,
P-2202-90-2026-00464,3632889,0,1.10,
P-4006-90-2026-00310,3631410,0,1.10,
P-9086-91-2026-00057,3631320,0,1.10,
P-2407-90-2026-00446,3631100,0,1.10,
P-2408-90-2026-00321,3631402,0,1.10,
P-3800-90-2026-00538,3631258,0,1.10,
P-2408-90-2026-00331,3632178,0,1.10,
P-2400-90-2026-01893,3631863,0,1.10,
P-4000-90-2026-00724,3632410,0,1.10,
P-4200-90-2026-00947,3632137,0,1.10,
P-2407-90-2026-00504,3632888,0,1.10,
P-1200-90-2026-01248,3632348,0,1.10,
P-2200-90-2026-00457,3631809,0,1.10,
P-4400-90-2026-00383,3631870,0,1.10,
P-3200-90-2026-01524,3632128,0,1.10,
P-9075-90-2026-00141,3632418,0,1.10,
P-1200-90-2026-01299,3633027,0,1.10,
P-3800-90-2026-00597,3632834,0,1.10,
P-3200-90-2026-01518,3632086,0,1.10,
P-2200-90-2026-00474,3632497,0,1.10,
P-1200-90-2026-01214,3631834,0,1.10,
P-9086-90-2026-00219,3632341,0,1.10,
P-1200-90-2026-01281,3632759,0,1.10,
P-2400-90-2026-01935,3632491,0,1.10,
P-3800-90-2026-00573,3632200,0,1.10,
P-4200-90-2026-00985,3632799,0,1.10,
P-4203-90-2026-00300,3631388,0,1.10,
P-2400-90-2026-01978,3632869,0,1.10,
P-4006-90-2026-00326,3632904,0,1.10,
P-1400-92-2026-00130,3631127,0,1.10,
P-3200-90-2026-01522,3632120,0,1.10,
P-2400-90-2026-01840,3631068,0,1.10,
P-4203-90-2026-00310,3631933,0,1.10,
P-1200-90-2026-01308,3633060,0,1.10,
P-9093-91-2026-00028,3631995,0,1.10,
P-3600-90-2026-00377,3630960,0,1.10,
P-4203-90-2026-00298,3631311,0,1.10,
P-1411-90-2026-00460,3631535,0,1.10,
P-3800-90-2026-00527,3631073,0,1.10,
P-4200-90-2026-00894,3631088,0,1.70,
P-3200-90-2026-01449,3631131,0,1.10,
P-3800-90-2026-00540,3631288,0,1.10,
P-3901-90-2026-00076,3631538,0,1.10,
P-1200-90-2026-01167,3630949,0,1.10,
P-3200-90-2026-01472,3631446,0,1.10,
P-4200-90-2026-00907,3631309,0,1.10,
P-1200-90-2026-01186,3631290,0,1.10,
P-3200-90-2026-01474,3631483,0,1.10,
P-4200-90-2026-00925,3631609,0,1.70,
P-3800-90-2026-00552,3631620,0,1.10,
P-2000-90-2026-00316,3631017,0,1.10,
P-2200-90-2026-00443,3631528,0,1.10,
P-4200-90-2026-00918,3631525,0,1.10,
P-1200-90-2026-01187,3631325,0,1.10,
P-2400-90-2026-01880,3631647,0,1.10,
P-1200-90-2026-01206,3631661,0,1.10,
P-2403-90-2026-00390,3631691,0,1.10,
P-3603-90-2026-00134,3631135,0,1.10,
P-3800-90-2026-00525,3630968,0,1.10,
P-4203-90-2026-00302,3631462,0,1.10,
P-1452-91-2026-00009,3630715,0,1.10,
P-2400-90-2026-01859,3631350,0,1.10,
P-2400-90-2026-01868,3631527,0,1.10,
P-3600-90-2026-00404,3631577,0,1.70,
P-2400-90-2026-01861,3631371,0,1.10,
P-3600-90-2026-00381,3630993,0,1.70,
P-1488-90-2026-00282,3631445,0,1.10,
P-1488-90-2026-00287,3631675,0,1.10,
P-9061-90-2026-00256,3630976,0,1.10,
P-3200-90-2026-01488,3631709,0,1.10,
P-2400-90-2026-01838,3631064,0,1.10,
P-2000-90-2026-00330,3631953,0,1.10,
P-4200-90-2026-00932,3631791,0,1.10,
P-4200-91-2026-00051,3630866,0,1.10,
P-2202-90-2026-00457,3632041,0,1.10,
P-2400-90-2026-01886,3631754,0,1.10,
P-1477-90-2026-00173,3631842,0,1.10,
P-4203-90-2026-00290,3630962,0,1.10,
P-1200-90-2026-01276,3632710,0,1.10,
P-3800-90-2026-00565,3631914,0,1.10,
P-2400-90-2026-01849,3631213,0,1.10,
P-3200-90-2026-01516,3632033,0,1.10,
P-3800-90-2026-00523,3630902,0,1.10,
P-3205-90-2026-00189,3631684,0,1.10,
P-4200-90-2026-00973,3632510,0,1.10,
P-3200-90-2026-01533,3632262,0,1.10,
P-2214-90-2026-00136,3632285,0,1.10,
P-4200-90-2026-00963,3632308,0,1.10,
P-4000-90-2026-00723,3632388,0,1.10,
P-2400-90-2026-02008,3633024,0,1.10,
P-3200-90-2026-01575,3632668,0,1.10,
P-1400-90-2026-00191,3631427,0,1.70,
P-2202-90-2026-00470,3632984,0,1.10,
P-4203-90-2026-00314,3632700,0,1.10,
P-2200-90-2026-00478,3632669,0,1.10,
P-2400-90-2026-01961,3632752,0,1.10,
P-4200-90-2026-00951,3632162,0,1.10,
P-3200-90-2026-01464,3631336,0,1.10,
P-9068-90-2026-00072,3631615,0,1.10,
P-8061-91-2026-00014,3632890,0,1.10,
P-2400-90-2026-01992,3632966,0,1.10,
P-9086-91-2026-00062,3632571,0,1.10,
P-3200-90-2026-01580,3632769,0,1.10,
P-1400-90-2026-00199,3632950,0,1.10,
P-3211-91-2026-00304,3632702,0,1.10,
P-1200-90-2026-01249,3632372,0,1.10,
P-9077-90-2026-00116,3633035,0,1.10,
P-1200-90-2026-01230,3632121,0,1.10,
P-2301-92-2026-00170,3632306,0,1.10,
P-4400-90-2026-00385,3631944,0,1.10,
P-1411-90-2026-00470,3632191,0,1.10,
P-9071-90-2026-00053,3632636,0,1.10,
P-4202-90-2026-00290,3631255,0,1.10,
P-3600-90-2026-00374,3630849,0,1.70,
P-2000-93-2026-00017,3631001,0,1.10,
P-4200-90-2026-00929,3631715,0,1.10,
P-1200-90-2026-01185,3631278,0,1.10,
P-2200-90-2026-00462,3632004,0,1.10,
P-4000-90-2026-00691,3631185,0,1.10,
P-4200-90-2026-00989,3632844,0,1.10,
P-9086-92-2026-00025,3631989,0,1.10,
P-3200-90-2026-01469,3631397,0,1.10,
P-3200-90-2026-01599,3632987,0,1.10,
P-1200-90-2026-01184,3631249,0,1.10,
P-2202-90-2026-00443,3631056,0,1.10,
P-3600-90-2026-00387,3631061,0,1.70,
P-2408-90-2026-00337,3632767,0,1.10,
P-2408-90-2026-00316,3630969,0,1.10,
P-2600-90-2026-00249,3632068,0,1.10,
P-3600-90-2026-00428,3632159,0,1.70,
P-4200-90-2026-00921,3631576,0,1.10,
P-1200-90-2026-01275,3632714,0,1.10,
P-3600-90-2026-00425,3632078,0,1.70,
P-1411-90-2026-00471,3632240,0,1.10,
P-2200-90-2026-00479,3632689,0,1.10,
P-3200-90-2026-01495,3631804,0,1.10,
P-4203-90-2026-00317,3632909,0,1.10,
P-3600-90-2026-00385,3631031,0,1.10,
P-4400-90-2026-00398,3632640,0,1.10,
P-2000-90-2026-00344,3632634,0,1.10,
P-2200-90-2026-00465,3632104,0,1.10,
P-3800-90-2026-00550,3631565,0,1.10,
P-2400-90-2026-02031,3633083,0,1.10,
P-2400-90-2026-02051,3633253,0,1.10,
P-2202-90-2026-00484,3633328,0,1.10,
P-2400-90-2026-02059,3633348,0,1.10,
P-2202-92-2026-00354,3633142,0,1.10,
P-4202-90-2026-00304,3633257,0,1.10,
P-9067-90-2026-00017,3633276,0,1.10,
P-2400-90-2026-02063,3633396,0,1.10,
P-9082-90-2026-00061,3633262,0,1.10,
P-4006-90-2026-00334,3633311,0,1.10,
P-4200-90-2026-01003,3633162,0,1.10,
P-1453-90-2026-00034,3633159,0,1.10,
P-1200-90-2026-01321,3633096,0,1.10,
P-2407-90-2026-00522,3633173,0,1.10,
P-2202-90-2026-00478,3633146,0,1.10,
P-3800-90-2026-00599,3633107,0,1.10,
P-2400-90-2026-02052,3633272,0,1.10,
P-2400-90-2026-02041,3633212,0,1.10,
P-4200-90-2026-01000,3633134,0,1.10,
P-9078-90-2026-00022,3633474,0,1.10,
P-4200-90-2026-01053,3633707,0,1.10,
P-2405-90-2026-00105,3633734,0,1.10,
P-4200-90-2026-01032,3633524,0,1.10,
P-2202-90-2026-00509,3633854,0,1.10,
P-2400-90-2026-02077,3633583,0,1.10,
P-3603-90-2026-00147,3633803,0,1.10,
P-2400-90-2026-02070,3633498,0,1.10,
P-9086-90-2026-00229,3633895,0,1.10,
P-1411-90-2026-00485,3633421,0,1.10,
P-1488-90-2026-00304,3633616,0,1.10,
P-2600-90-2026-00264,3633527,0,1.10,
P-2202-90-2026-00514,3633909,0,1.10,
P-4200-90-2026-01035,3633550,0,1.10,
P-1411-90-2026-00494,3633754,0,1.10,
P-4006-90-2026-00356,3633843,0,1.10,
P-2400-90-2026-02087,3633650,0,1.10,
P-2408-90-2026-00355,3633726,0,1.10,
P-2202-90-2026-00485,3633439,0,1.10,
P-2403-90-2026-00417,3633553,0,1.10,
P-4200-90-2026-01046,3633625,0,1.10,
P-2400-90-2026-02102,3633787,0,1.10,
P-4006-90-2026-00345,3633680,0,1.10,
P-1411-90-2026-00493,3633596,0,1.10,
P-9097-90-2026-00122,3633913,0,1.10,
P-8035-90-2026-00071,3633559,0,1.10,
P-4006-90-2026-00340,3633519,0,1.10,
P-1200-90-2026-01333,3633774,0,1.10,
P-2400-90-2026-02123,3633921,0,1.10,
P-2604-90-2026-00209,3633632,0,1.10,
P-4006-90-2026-00344,3633679,0,1.10,
P-4200-90-2026-01058,3633832,0,1.70,
P-4203-90-2026-00321,3633758,0,1.10,
P-4200-90-2026-01018,3633406,0,1.10,
P-4200-90-2026-01054,3633722,0,1.10,
P-1200-90-2026-01332,3633568,0,1.10,
P-2400-90-2026-02068,3633494,0,1.10,
P-4200-90-2026-01023,3633433,0,1.10,
P-9077-90-2026-00123,3633668,0,1.10,
P-4006-90-2026-00343,3633618,0,1.10,
P-2202-90-2026-00513,3633871,0,1.10,
P-2400-91-2026-00217,3633773,0,1.10,
P-2408-90-2026-00348,3633483,0,1.10,
P-1200-91-2026-00311,3634528,0,1.10,
P-1400-90-2026-00207,3633929,0,1.10,
P-4000-90-2026-00761,3634462,0,1.10,
P-2403-90-2026-00454,3635524,0,1.10,
P-3800-90-2026-00669,3635576,0,1.10,
P-2408-90-2026-00386,3635644,0,1.10,
P-3600-90-2026-00496,3635765,0,1.70,
P-3800-90-2026-00663,3635418,0,1.10,
P-1200-90-2026-01408,3635794,0,1.10,
P-2000-90-2026-00366,3634499,0,1.10,
P-8000-91-2026-00122,3636216,0,1.70,
P-2000-90-2026-00378,3635074,0,1.10,
P-2400-90-2026-02268,3636068,0,1.10,
P-1402-91-2026-00003,3634773,0,1.10,
P-4200-90-2026-01100,3634774,0,1.10,
P-3603-90-2026-00153,3634810,0,1.10,
P-3800-90-2026-00639,3634821,0,1.10,
P-4006-91-2026-00461,3635715,0,1.70,
P-4200-90-2026-01065,3634067,0,1.10,
P-3200-90-2026-01604,3634023,0,1.10,
P-1411-90-2026-00539,3636514,0,1.10,
P-1488-91-2026-00334,3636466,0,1.10,
P-3800-90-2026-00657,3635147,0,1.10,
P-9102-90-2026-00037,3636462,0,1.10,
P-2403-90-2026-00453,3635472,0,1.10,
P-4000-90-2026-00816,3635840,0,1.10,
P-9086-90-2026-00231,3634135,0,1.10,
P-1477-90-2026-00200,3636436,0,1.10,
P-9068-90-2026-00084,3635473,0,1.10,
P-1200-90-2026-01393,3635625,0,1.10,
P-2200-90-2026-00531,3635798,0,1.10,
P-1200-90-2026-01441,3636041,0,1.10,
P-3200-90-2026-01683,3635200,0,1.10,
P-4200-90-2026-01071,3634262,0,1.10,
P-3800-90-2026-00623,3634396,0,1.10,
P-4200-90-2026-01083,3634449,0,1.10,
P-4200-90-2026-01102,3634798,0,1.10,
P-9086-90-2026-00232,3634351,0,1.10,
P-4400-90-2026-00420,3634688,0,1.10,
P-2405-90-2026-00112,3634732,0,1.10,
P-2403-90-2026-00458,3635673,0,1.70,
P-1477-90-2026-00191,3635450,0,1.10,
P-2400-90-2026-02234,3635694,0,1.10,
P-4000-90-2026-00835,3636085,0,1.10,
P-2202-90-2026-00538,3635827,0,1.10,
P-2200-90-2026-00500,3634623,0,1.10,
P-4006-92-2026-00131,3635048,0,1.10,
P-9061-91-2026-00459,3634151,0,1.10,
P-3200-90-2026-01760,3636161,0,1.10,
P-2408-90-2026-00377,3635106,0,1.10,
P-9097-90-2026-00127,3634904,0,1.10,
P-3205-92-2026-00167,3634207,0,1.10,
P-3200-90-2026-01699,3635364,0,1.10,
P-2405-90-2026-00108,3634328,0,1.10,
P-3200-90-2026-01734,3635918,0,1.10,
P-9086-90-2026-00238,3635398,0,1.10,
P-2202-90-2026-00537,3635667,0,1.10,
P-2604-90-2026-00227,3635201,0,1.10,
P-3200-90-2026-01718,3635698,0,1.10,
P-4006-90-2026-00360,3634113,0,1.10,
P-3600-90-2026-00459,3634643,0,1.70,
P-1477-90-2026-00194,3636060,0,1.10,
P-3901-90-2026-00087,3634453,0,1.10,
P-2400-90-2026-02196,3635104,0,1.10,
P-2400-92-2026-00309,3635494,0,1.10,
P-9076-90-2026-00114,3635341,0,1.10,
P-2214-90-2026-00138,3634466,0,1.70,
P-3600-90-2026-00506,3636134,0,1.70,
P-1452-90-2026-00134,3634455,0,1.10,
P-2600-90-2026-00289,3635617,0,1.10,
P-2200-91-2026-00020,3634715,0,1.10,
P-2400-90-2026-02152,3634357,0,1.10,
P-2400-90-2026-02209,3635258,0,1.10,
P-1200-90-2026-01462,3636425,0,1.10,
P-2600-90-2026-00291,3635789,0,1.10,
P-3205-90-2026-00223,3636390,0,1.10,
P-9078-90-2026-00023,3634718,0,1.10,
P-2400-90-2026-02271,3636135,0,1.10,
P-9077-90-2026-00125,3633933,0,1.10,
P-2405-90-2026-00138,3635134,0,1.10,
P-1488-90-2026-00333,3635930,0,1.10,
P-4200-90-2026-01104,3634846,0,1.10,
P-2200-90-2026-00497,3634459,0,1.10,
P-4005-90-2026-00181,3636472,0,1.10,
P-4006-90-2026-00372,3635559,0,1.10,
P-2202-90-2026-00546,3636369,0,1.10,
P-3800-91-2026-00050,3634850,0,1.10,
P-4000-90-2026-00777,3634989,0,1.10,
P-2000-90-2026-00402,3636176,0,1.10,
P-4200-90-2026-01106,3634879,0,1.10,
P-1200-90-2026-01358,3634917,0,1.10,
P-9068-90-2026-00085,3635824,0,1.10,
P-9078-91-2026-00016,3635535,0,1.70,
P-4000-90-2026-00806,3635727,0,1.10,
P-2403-92-2026-00138,3634925,0,1.10,
P-3800-90-2026-00620,3634288,0,1.10,
P-4000-90-2026-00842,3636207,0,1.10,
P-1200-91-2026-00332,3636507,0,1.10,
P-2202-92-2026-00381,3635092,0,1.10,
P-2400-90-2026-02261,3636019,0,1.10,
P-4000-90-2026-00832,3636067,0,1.10,
P-1488-90-2026-00323,3635245,0,1.10,
P-4000-90-2026-00827,3636034,0,1.10,
P-3211-91-2026-00310,3634463,0,1.10,
P-2604-90-2026-00220,3634347,0,1.10,
P-9061-91-2026-00482,3635321,0,1.10,
P-9076-90-2026-00111,3633962,0,1.10,
P-4202-90-2026-00306,3634531,0,1.10,
P-1411-92-2026-00209,3635678,0,1.10,
P-4000-90-2026-00766,3634587,0,1.10,
P-3600-90-2026-00505,3636061,0,1.70,
P-3600-90-2026-00463,3634832,0,1.70,
P-1488-90-2026-00331,3635912,0,1.10,
P-4006-90-2026-00362,3634363,0,1.10,
P-2408-90-2026-00385,3635391,0,1.10,
P-3200-90-2026-01673,3635157,0,1.10,
P-9077-90-2026-00132,3635820,0,1.10,
P-2400-90-2026-02222,3635453,0,1.10,
P-4000-90-2026-00764,3634522,0,1.10,
P-8069-96-2026-00002,3607030,43,20.90,
P-3200-91-2026-00120,3634739,0,1.10,
P-2000-90-2026-00401,3636128,0,1.10,
P-2400-90-2026-02176,3634730,0,1.10,
P-4400-90-2026-00414,3634475,0,1.10,
P-2000-90-2026-00370,3634694,0,1.10,
P-2400-90-2026-02236,3635723,0,1.10,
P-2408-90-2026-00366,3634149,0,1.10,
P-4006-90-2026-00382,3636013,0,1.10,
P-4200-90-2026-01114,3635076,0,1.10,
P-9061-93-2026-00019,3634494,0,1.10,
P-3400-90-2026-00300,3636218,0,1.70,
P-1200-90-2026-01411,3635799,0,1.10,
P-1200-90-2026-01456,3636222,0,1.10,
P-1200-90-2026-01421,3635864,0,1.10,
P-1200-91-2026-00312,3634581,0,1.10,
P-1200-90-2026-01353,3634757,0,1.10,
P-2405-90-2026-00117,3634908,0,1.10,
P-2200-90-2026-00501,3634635,0,1.10,
P-1200-91-2026-00314,3634853,0,1.10,
P-2000-90-2026-00391,3635890,0,1.10,
P-1200-90-2026-01431,3635974,0,1.10,
P-8072-90-2026-00074,3634508,0,1.10,
P-1200-91-2026-00330,3636388,0,1.10,
P-1452-90-2026-00131,3633980,0,1.10,
P-2600-90-2026-00265,3634073,0,1.10,
P-2200-90-2026-00518,3635000,0,1.10,
P-1200-90-2026-01453,3636191,0,1.10,
P-2403-90-2026-00446,3635142,0,1.10,
P-8000-90-2026-00145,3634710,0,1.70,
P-4006-90-2026-00390,3636481,0,1.10,
P-2400-90-2026-02232,3635674,0,1.10,
P-4202-90-2026-00317,3636291,0,1.10,
P-2407-90-2026-00577,3635462,0,1.10,
P-3600-90-2026-00466,3634929,0,1.70,
P-4200-90-2026-01131,3635582,0,1.10,
P-4203-90-2026-00328,3634107,0,1.10,
P-3200-90-2026-01691,3635275,0,1.10,
P-3603-90-2026-00157,3635587,0,1.10,
P-2301-90-2026-00190,3635116,0,1.10,
P-1200-90-2026-01387,3635538,0,1.10,
P-3205-90-2026-00203,3634348,0,1.10,
P-2400-90-2026-02254,3635964,0,1.10,
P-3211-91-2026-00311,3634593,0,1.10,
P-1400-90-2026-00210,3634735,0,1.70,
P-2408-90-2026-00380,3635233,0,1.10,
P-1200-90-2026-01390,3635602,0,1.10,
P-2000-90-2026-00387,3635572,0,1.10,
P-9061-91-2026-00470,3634318,0,1.10,
P-1477-90-2026-00184,3634905,0,1.10,
P-1492-90-2026-00148,3635388,0,1.10,
P-3200-90-2026-01629,3634514,0,1.10,
P-3600-90-2026-00489,3635548,0,1.70,
P-3800-90-2026-00670,3635580,0,1.10,
P-2200-90-2026-00522,3635205,0,1.10,
P-4000-90-2026-00783,3635160,0,1.10,
P-1488-91-2026-00332,3636487,0,1.10,
P-3200-90-2026-01693,3635314,0,1.10,
P-4006-91-2026-00466,3636108,0,1.10,
P-2605-90-2026-00033,3636441,0,1.10,
P-1200-90-2026-01447,3636139,0,1.10,
P-2400-90-2026-02124,3633932,0,1.10,
P-1411-90-2026-00512,3634839,0,1.10,
P-3200-90-2026-01649,3634896,0,1.10,
P-9070-90-2026-00069,3635399,0,1.10,
P-3800-90-2026-00633,3634738,0,1.10,
P-3200-90-2026-01729,3635876,0,1.10,
P-3800-90-2026-00636,3634754,0,1.10,
P-1488-91-2026-00314,3634741,0,1.10,
P-4200-90-2026-01137,3635784,0,1.10,
P-1488-90-2026-00313,3634776,0,1.10,
P-1411-90-2026-00507,3634567,0,1.10,
P-2408-90-2026-00379,3635197,0,1.10,
P-2202-90-2026-00534,3635436,0,1.10,
P-1488-91-2026-00327,3636294,0,1.10,
P-2604-90-2026-00241,3636570,0,1.10,
P-1488-90-2026-00340,3636899,0,1.10,
P-3205-90-2026-00233,3636841,0,1.10,
P-2400-90-2026-02321,3636779,0,1.10,
P-3800-90-2026-00724,3637332,0,1.10,
P-9061-91-2026-00501,3637345,0,1.10,
P-2200-90-2026-00562,3637545,0,1.10,
P-2400-90-2026-02312,3636632,0,1.10,
P-2400-90-2026-02355,3637294,0,1.10,
P-1411-90-2026-00545,3636744,0,1.10,
P-2403-90-2026-00485,3637568,0,1.10,
P-4203-90-2026-00367,3637167,0,1.10,
P-2604-92-2026-00081,3637134,0,1.10,
P-4000-92-2026-00105,3636832,0,1.10,
P-9091-90-2026-00077,3637181,0,1.10,
P-3205-90-2026-00225,3636544,0,1.10,
P-3800-90-2026-00731,3637536,0,1.10,
P-3205-90-2026-00235,3637164,0,1.10,
P-4200-92-2026-00171,3637074,0,1.10,
P-9061-91-2026-00495,3636556,0,1.10,
P-2409-90-2026-00088,3637573,0,1.10,
P-2301-90-2026-00208,3637643,0,1.10,
P-2408-90-2026-00411,3637522,0,1.10,
P-2202-90-2026-00552,3636995,0,1.10,
P-2214-90-2026-00153,3637646,0,1.10,
P-3400-90-2026-00311,3637726,0,1.70,
P-2200-90-2026-00560,3637407,0,1.10,
P-9082-90-2026-00068,3637553,0,1.10,
P-4400-90-2026-00457,3637724,0,1.10,
P-4203-90-2026-00373,3637570,0,1.10,
P-1453-90-2026-00046,3637365,0,1.10,
P-1411-90-2026-00548,3637104,0,1.10,
P-9061-90-2026-00287,3636578,0,1.10,
P-4200-90-2026-01168,3636820,0,1.10,
P-3600-90-2026-00508,3636646,0,1.70,
P-9086-90-2026-00250,3636770,0,1.10,
P-4000-90-2026-00872,3637190,0,1.10,
P-2408-90-2026-00403,3636897,0,1.10,
P-2400-90-2026-02345,3637173,0,1.10,
P-4200-90-2026-01155,3636627,0,1.10,
P-9075-90-2026-00166,3637126,0,1.10,
P-9076-90-2026-00120,3637163,0,1.10,
P-3200-90-2026-01831,3637371,0,1.10,
P-3800-90-2026-00729,3637405,0,1.70,
P-2400-90-2026-02360,3637327,0,1.10,
P-2408-90-2026-00410,3637394,0,1.10,
P-3211-90-2026-00604,3637357,0,1.10,
P-2000-90-2026-00408,3636609,0,1.10,
P-4200-90-2026-01195,3637392,0,1.10,
P-2403-92-2026-00151,3637446,0,1.10,
P-2403-92-2026-00150,3637440,0,1.10,
P-1200-90-2026-01478,3636603,0,1.10,
P-9097-90-2026-00134,3637216,0,1.10,
P-2405-91-2026-00011,3636982,0,1.10,
P-3600-90-2026-00531,3637544,0,1.70,
P-1200-90-2026-01523,3637550,0,1.10,
P-3205-90-2026-00228,3636685,0,1.10,
P-2200-90-2026-00552,3637214,0,1.10,
P-2200-90-2026-00548,3637122,0,1.10,
P-2408-90-2026-00401,3636761,0,1.10,
P-2400-90-2026-02336,3637049,0,1.10,
P-2200-90-2026-00554,3637234,0,1.10,
P-2400-90-2026-02354,3637293,0,1.10,
P-1200-90-2026-01480,3636653,0,1.10,
P-4203-90-2026-00359,3636800,0,1.10,
P-4006-90-2026-00393,3637081,0,1.10,
P-3800-90-2026-00703,3636656,0,1.10,
P-1200-90-2026-01474,3636560,0,1.10,
P-4200-90-2026-01164,3636751,0,1.10,
P-3400-90-2026-00304,3637056,0,1.70,
P-9061-90-2026-00291,3637128,0,1.10,
P-4000-90-2026-00866,3637006,0,1.10,
P-1411-90-2026-00553,3637904,0,1.10,
P-9061-91-2026-00551,3638105,0,1.10,
P-8069-95-2026-00001,3607293,2,3.30,
P-2400-90-2026-02362,3637346,0,1.10,
P-2400-90-2026-02376,3637529,0,1.10,
P-9097-90-2026-00133,3637123,0,1.10,
P-8000-91-2026-00125,3637437,0,1.70,
P-3211-90-2026-00600,3637028,0,1.10,
P-2214-90-2026-00155,3637921,0,1.10,
P-8000-91-2026-00127,3637676,0,1.70,
P-2400-90-2026-02410,3637985,0,1.10,
P-2600-90-2026-00306,3638083,0,1.10,
P-2406-90-2026-00095,3637777,0,1.10,
P-1452-90-2026-00140,3636546,0,1.10,
P-4200-90-2026-01198,3637445,0,1.10,
P-1492-90-2026-00154,3637935,0,1.10,
P-4200-90-2026-01218,3637971,0,1.10,
P-3211-90-2026-00613,3637981,0,1.10,
P-4203-90-2026-00368,3637199,0,1.10,
P-4000-90-2026-00880,3637387,0,1.10,
P-1200-90-2026-01565,3638174,0,1.10,
P-2400-90-2026-02306,3636577,0,1.10,
P-4000-90-2026-00889,3637870,0,1.10,
P-9086-91-2026-00086,3637373,0,1.10,
P-3800-90-2026-00700,3636614,0,1.10,
P-3200-90-2026-01858,3637868,0,1.10,
P-1452-90-2026-00143,3637436,0,1.10,
P-9091-90-2026-00078,3637241,0,1.10,
P-3800-90-2026-00749,3638175,0,1.10,
P-4400-90-2026-00444,3636624,0,1.10,
P-1400-90-2026-00230,3637922,0,1.10,
P-2301-90-2026-00209,3637712,0,1.10,
P-3200-90-2026-01882,3638123,0,1.10,
P-1488-91-2026-00340,3637539,0,1.70,
P-4200-90-2026-01217,3637960,0,1.10,
P-2400-90-2026-02419,3638030,0,1.10,
P-9077-90-2026-00139,3637951,0,1.10,
P-4203-90-2026-00375,3638227,0,1.10,
P-2407-90-2026-00630,3638088,0,1.10,
P-4200-90-2026-01188,3637287,0,1.10,
P-2200-90-2026-00565,3637789,0,1.10,
P-2400-90-2026-02400,3637895,0,1.70,
P-1411-90-2026-00555,3638113,0,1.10,
P-2400-90-2026-02448,3638433,0,1.10,
P-2400-90-2026-02412,3638017,0,1.10,
P-2400-90-2026-02409,3637979,0,1.10,
P-2214-90-2026-00151,3637593,0,1.10,
P-2400-90-2026-02393,3637757,0,1.10,
P-2400-90-2026-02439,3638239,0,1.10,
P-4400-90-2026-00454,3637537,0,1.10,
P-4006-91-2026-00494,3638044,0,1.10,
P-2301-91-2026-00052,3637276,0,1.10,
P-3800-90-2026-00748,3638169,0,1.10,
P-2214-90-2026-00154,3637934,0,1.70,
P-2400-90-2026-02443,3638331,0,1.10,
P-1477-90-2026-00208,3638487,0,1.10,
P-1200-90-2026-01582,3638351,0,1.10,
P-4203-92-2026-00081,3638584,0,1.10,
P-2403-90-2026-00498,3638533,0,1.10,
P-2400-90-2026-02460,3638618,0,1.10,
P-1200-92-2026-00162,3637998,0,1.10,
P-8000-90-2026-00170,3638281,0,1.10,
P-3205-90-2026-00243,3638486,0,1.10,
P-1411-90-2026-00554,3637880,0,1.10,
P-4200-90-2026-01232,3638280,0,1.10,
P-1453-90-2026-00048,3638626,0,1.10,
P-9022-90-2026-00021,3638417,0,1.10,
P-3200-90-2026-01852,3637824,0,1.10,
P-9076-90-2026-00127,3638261,0,1.10,
P-2202-90-2026-00570,3638582,0,1.10,
P-9086-90-2026-00257,3638470,0,1.10,
P-4000-90-2026-00886,3637736,0,1.10,
P-3200-90-2026-01895,3638304,0,1.10,
P-3211-90-2026-00620,3638358,0,1.10,
P-4200-90-2026-01235,3638341,0,1.10,
P-9091-90-2026-00079,3638459,0,1.10,
P-3211-90-2026-00626,3638461,0,1.10,
P-1411-90-2026-00559,3638390,0,1.10,
P-2400-90-2026-02402,3637885,0,1.10,
P-1477-91-2026-00028,3637532,0,1.10,
P-4000-90-2026-00910,3638243,0,1.10,
P-2400-90-2026-02391,3637729,0,1.10,
P-1200-90-2026-01567,3638187,0,1.10,
P-4000-90-2026-00909,3638233,0,1.10,
P-2400-90-2026-02450,3638436,0,1.10,
P-2202-90-2026-00562,3637867,0,1.10,
P-1411-90-2026-00557,3638342,0,1.10,
P-1200-90-2026-01583,3638372,0,1.10,
P-1200-90-2026-01588,3638406,0,1.10,
P-3200-90-2026-01890,3638234,0,1.10,
P-2400-90-2026-02424,3638081,0,1.10,
P-9061-91-2026-00552,3638142,0,1.10,
P-2400-90-2026-02452,3638585,0,1.10,
P-1411-90-2026-00564,3638601,0,1.10,
P-3603-90-2026-00171,3638545,0,1.10,
P-3211-90-2026-00618,3638296,0,1.10,
P-3200-90-2026-01870,3637929,0,1.10,
P-2202-90-2026-00560,3637735,0,1.70,
P-2403-90-2026-00491,3638439,0,1.10,
P-3200-90-2026-01867,3637949,0,1.10,
P-4000-90-2026-00898,3637996,0,1.10,
P-1488-90-2026-00376,3640345,0,1.10,
P-9061-91-2026-00557,3638678,0,1.10,
P-3211-91-2026-00353,3639381,0,1.10,
P-3211-90-2026-00634,3638889,0,1.10,
P-1200-90-2026-01659,3639740,0,1.10,
P-8000-90-2026-00173,3639077,0,1.70,
P-2000-90-2026-00433,3639261,0,1.10,
P-3205-90-2026-00255,3639593,0,1.10,
P-3200-90-2026-01930,3638689,0,1.10,
P-1411-90-2026-00579,3639765,0,1.10,
P-9086-92-2026-00036,3639112,0,1.10,
P-3800-90-2026-00801,3640179,0,1.10,
P-2600-91-2026-00021,3638705,0,1.10,
P-1492-91-2026-00088,3640107,0,1.10,
P-3600-90-2026-00575,3640151,0,1.70,
P-1474-90-2026-00133,3640104,0,1.10,
P-1488-90-2026-00369,3640098,0,1.10,
P-3200-90-2026-01993,3639897,0,1.10,
P-3200-90-2026-01953,3639165,0,1.10,
P-3600-90-2026-00569,3639951,0,1.70,
P-3901-90-2026-00099,3639067,0,1.10,
P-3200-90-2026-01965,3639337,0,1.10,
P-2202-90-2026-00580,3638769,0,1.10,
P-3200-90-2026-01935,3638758,0,1.10,
P-9061-91-2026-00559,3638670,0,1.10,
P-9091-90-2026-00080,3639143,0,1.10,
P-2408-90-2026-00428,3639010,0,1.10,
P-3603-90-2026-00173,3639055,0,1.10,
P-9061-91-2026-00562,3638755,0,1.10,
P-2604-90-2026-00253,3638878,0,1.10,
P-1200-90-2026-01610,3638794,0,1.10,
P-1200-90-2026-01616,3638851,0,1.10,
P-1411-90-2026-00565,3638762,0,1.10,
P-3211-90-2026-00642,3639549,0,1.10,
P-9022-90-2026-00023,3638426,0,1.10,
P-1200-90-2026-01632,3639297,0,1.10,
P-2200-90-2026-00578,3638708,0,1.10,
P-1200-90-2026-01614,3638832,0,1.10,
P-1477-90-2026-00212,3639374,0,1.10,
P-3901-90-2026-00100,3639215,0,1.10,
P-4000-90-2026-00934,3639103,0,1.10,
P-4006-90-2026-00419,3639324,0,1.10,
P-3800-90-2026-00774,3639057,0,1.10,
P-4200-90-2026-01285,3639525,0,1.10,
P-4200-90-2026-01279,3639481,0,1.10,
P-3400-90-2026-00325,3639211,0,1.70,
P-4200-90-2026-01308,3639982,0,1.10,
P-1200-90-2026-01652,3639610,0,1.10,
P-2400-90-2026-02532,3639836,0,1.10,
P-9075-90-2026-00176,3639910,0,1.10,
P-3800-90-2026-00766,3638858,0,1.10,
P-1200-90-2026-01655,3639661,0,1.10,
P-1411-90-2026-00588,3640343,0,1.10,
P-4200-90-2026-01286,3639576,0,1.10,
P-1200-90-2026-01644,3639514,0,1.10,
P-2403-90-2026-00507,3639102,0,1.10,
P-4006-90-2026-00425,3639620,0,1.10,
P-1200-90-2026-01649,3639579,0,1.10,
P-1200-90-2026-01665,3639827,0,1.10,
P-3200-90-2026-01963,3639300,0,1.10,
P-3600-90-2026-00549,3639071,0,1.70,
P-4000-90-2026-00921,3638754,0,1.10,
P-9076-90-2026-00138,3639730,0,1.10,
P-2400-90-2026-02525,3639701,0,1.10,
P-2407-90-2026-00649,3639460,0,1.10,
P-3200-90-2026-01951,3639115,0,1.10,
P-1200-90-2026-01690,3640048,0,1.10,
P-2200-90-2026-00581,3638966,0,1.10,
P-3600-90-2026-00557,3639584,0,1.70,
P-4200-90-2026-01304,3639921,0,1.10,
P-9091-90-2026-00090,3639727,0,1.10,
P-9022-90-2026-00025,3639676,0,1.10,
P-1400-91-2026-00025,3637317,0,1.70,
P-2604-91-2026-00015,3639368,0,1.10,
P-1492-90-2026-00159,3639432,0,1.10,
P-2407-90-2026-00651,3640204,0,1.10,
P-8035-91-2026-00107,3639753,0,1.10,
P-4400-90-2026-00478,3639331,0,1.10,
P-8035-90-2026-00085,3640117,0,1.10,
P-4200-90-2026-01298,3639804,0,1.70,
P-2400-90-2026-02510,3639398,0,1.10,
P-9097-90-2026-00151,3640341,0,1.10,
P-4203-90-2026-00396,3639440,0,1.10,
P-2202-90-2026-00602,3640318,0,1.70,
P-1200-90-2026-01682,3640010,0,1.10,
P-9082-90-2026-00077,3639837,0,1.10,
P-3900-90-2026-00101,3639631,0,1.10,
P-2403-90-2026-00517,3640170,0,1.10,
P-9091-90-2026-00096,3640290,0,1.10,
P-2403-90-2026-00521,3640285,0,1.10,
P-3200-90-2026-01973,3639443,0,1.10,
P-4006-91-2026-00503,3638410,0,1.10,
P-2403-90-2026-00515,3639664,0,1.10,
P-3200-90-2026-02028,3640304,0,1.10,
P-1200-90-2026-01656,3639714,0,1.10,
P-1488-90-2026-00375,3640287,0,1.10,
P-3200-90-2026-02010,3640070,0,1.10,
P-3901-90-2026-00097,3638683,0,1.10,
P-4200-90-2026-01256,3638917,0,1.10,
P-2400-90-2026-02492,3639079,0,1.10,
P-2202-90-2026-00605,3640334,0,1.10,
P-3200-90-2026-02003,3639986,0,1.10,
P-9070-91-2026-00016,3640256,0,1.10,
P-3205-90-2026-00244,3638687,0,1.10,
P-3200-90-2026-01936,3638803,0,1.10,
P-1488-90-2026-00355,3639531,0,1.10,
P-4200-90-2026-01277,3639456,0,1.10,
P-2200-90-2026-00587,3639316,0,1.10,
P-2301-90-2026-00222,3639418,0,1.10,
P-2406-90-2026-00101,3639396,0,1.10,
P-2408-90-2026-00440,3639838,0,1.10,
P-4200-90-2026-01303,3639914,0,1.10,
P-4006-90-2026-00428,3639858,0,1.10,
P-1452-90-2026-00150,3638667,0,1.10,
P-1400-90-2026-00240,3638674,0,1.10,
P-2403-90-2026-00511,3639416,0,1.10,
P-2400-90-2026-02474,3638820,0,1.10,
P-9061-90-2026-00317,3639480,0,1.10,
P-9061-90-2026-00321,3639840,0,1.10,
P-1400-90-2026-00245,3639495,0,1.70,
P-9061-91-2026-00566,3639002,0,1.10,
P-9077-90-2026-00146,3639164,0,1.10,
P-3205-90-2026-00254,3639562,0,1.10,
P-1411-90-2026-00566,3638912,0,1.10,
P-3211-93-2026-00018,3639742,0,1.10,
P-3200-90-2026-01999,3639974,0,1.10,
P-3200-90-2026-02001,3639957,0,1.10,
P-1200-90-2026-01606,3638707,0,1.10,
P-2000-90-2026-00430,3638876,0,1.10,
P-2406-90-2026-00104,3639646,0,1.70,
P-2202-90-2026-00598,3640212,0,1.10,
P-9086-90-2026-00264,3640040,0,1.10,
P-3400-90-2026-00328,3639437,0,1.70,
P-4200-90-2026-01301,3639912,0,1.10,
P-2400-90-2026-02539,3639889,0,1.10,
P-3200-90-2026-01939,3638857,0,1.10,
P-2202-90-2026-00632,3641831,0,1.10,
P-8069-96-2026-00002,3607030,49,8.80,
P-2403-90-2026-00536,3641163,0,1.10,
P-4200-90-2026-01334,3640687,0,1.10,
P-1453-90-2026-00055,3640812,0,1.10,
P-4000-91-2026-00065,3640720,0,1.10,
P-9061-91-2026-00656,3641597,0,1.10,
P-9076-90-2026-00147,3641417,0,1.10,
P-9091-90-2026-00103,3641292,0,1.10,
P-2400-90-2026-02681,3641718,0,1.10,
P-2000-90-2026-00453,3641073,0,1.10,
P-9071-90-2026-00073,3641968,0,1.10,
P-2409-90-2026-00100,3641977,0,1.10,
P-2400-90-2026-02698,3641981,0,1.10,
P-1200-91-2026-00396,3641769,0,1.10,
P-9061-91-2026-00617,3640510,0,1.10,
P-1200-90-2026-01741,3641300,0,1.10,
P-9061-91-2026-00603,3640375,0,1.10,
P-3603-90-2026-00189,3641432,0,1.10,
P-4200-90-2026-01340,3640767,0,1.10,
P-9078-90-2026-00034,3641953,0,1.10,
P-2409-90-2026-00095,3640523,0,1.10,
P-2403-90-2026-00527,3640680,0,1.10,
P-3600-90-2026-00578,3640520,0,1.70,
P-2407-90-2026-00662,3640771,0,1.10,
P-2200-90-2026-00603,3640641,0,1.10,
P-2200-91-2026-00028,3640726,0,1.10,
P-4203-90-2026-00408,3641000,0,1.10,
P-2400-90-2026-02588,3640714,0,1.10,
P-2408-90-2026-00447,3640442,0,1.10,
P-2400-90-2026-02615,3641101,0,1.10,
P-1488-90-2026-00379,3641117,0,1.10,
P-9061-91-2026-00601,3640374,0,1.10,
P-2301-90-2026-00232,3641045,0,1.10,
P-4000-90-2026-00972,3640749,0,1.10,
P-2400-90-2026-02592,3640783,0,1.10,
P-4200-90-2026-01321,3640382,0,1.10,
P-8072-90-2026-00086,3640562,0,1.10,
P-4200-90-2026-01335,3640716,0,1.10,
P-1411-90-2026-00596,3640805,0,1.10,
P-1411-90-2026-00590,3640489,0,1.10,
P-9071-90-2026-00070,3640517,0,1.10,
P-1488-91-2026-00361,3640762,0,1.10,
P-2000-90-2026-00445,3640416,0,1.10,
P-3211-90-2026-00661,3640939,0,1.10,
P-2403-92-2026-00163,3640851,0,1.10,
P-1200-90-2026-01721,3640885,0,1.10,
P-9061-90-2026-00327,3641092,0,1.10,
P-9077-90-2026-00158,3641093,0,1.10,
P-9091-90-2026-00100,3640595,0,1.10,
P-9061-91-2026-00621,3640854,0,1.10,
P-3211-90-2026-00660,3640824,0,1.10,
P-3211-90-2026-00663,3641016,0,1.10,
P-2400-90-2026-02607,3640968,0,1.10,
P-1200-90-2026-01705,3640465,0,1.10,
P-4000-90-2026-00983,3641060,0,1.10,
P-4006-92-2026-00147,3640636,0,1.10,
P-4200-90-2026-01357,3641290,0,1.10,
P-3400-90-2026-00352,3641229,0,1.10,
P-9075-90-2026-00191,3641933,0,1.10,
P-2400-90-2026-02623,3641232,0,1.10,
P-3200-90-2026-02106,3641902,0,1.10,
P-2400-90-2026-02631,3641309,0,1.10,
P-2408-90-2026-00457,3641476,0,1.10,
P-4200-90-2026-01383,3641764,0,1.10,
P-4000-90-2026-00988,3641275,0,1.10,
P-2600-90-2026-00323,3640989,0,1.10,
P-9075-90-2026-00186,3640908,0,1.10,
P-2200-90-2026-00621,3641694,0,1.10,
P-4000-90-2026-00952,3639817,0,1.10,
P-9070-90-2026-00077,3641637,0,1.10,
P-4200-90-2026-01376,3641712,0,1.10,
P-1200-90-2026-01773,3641789,0,1.10,
P-4006-90-2026-00452,3641770,0,1.10,
P-3200-90-2026-02113,3641929,0,1.10,
P-3211-90-2026-00671,3641759,0,1.10,
P-2400-91-2026-00255,3641177,0,1.10,
P-4400-92-2026-00221,3640816,0,1.10,
P-4200-90-2026-01326,3640558,0,1.10,
P-1488-91-2026-00359,3640305,0,1.10,
P-4400-90-2026-00504,3641471,0,1.10,
P-4000-90-2026-01011,3641756,0,1.10,
P-2400-90-2026-02688,3641961,0,1.10,
P-9067-90-2026-00023,3641951,0,1.10,
P-2202-90-2026-00630,3641819,0,1.10,
P-1453-90-2026-00061,3641959,0,1.10,
P-2400-90-2026-02682,3641728,0,1.10,
P-3200-90-2026-02094,3641768,0,1.10,
P-2604-90-2026-00278,3641872,0,1.10,
P-1488-90-2026-00380,3641107,0,1.10,
P-3400-90-2026-00351,3641201,0,1.70,
P-1200-90-2026-01765,3641649,0,1.10,
P-2400-92-2026-00367,3641375,0,1.10,
P-2400-90-2026-02687,3641958,0,1.10,
P-4203-91-2026-00048,3641785,0,1.10,
P-3603-90-2026-00188,3641288,0,1.10,
P-2400-90-2026-02628,3641269,0,1.10,
P-1200-90-2026-01744,3641311,0,1.10,
P-3800-90-2026-00819,3641135,0,1.10,
P-3200-90-2026-02105,3641899,0,1.10,
P-9070-90-2026-00076,3641341,0,1.10,
P-2400-90-2026-02667,3641600,0,1.10,
P-3600-90-2026-00602,3641491,0,1.70,
P-4006-90-2026-00443,3641098,0,1.10,
P-2400-90-2026-02640,3641452,0,1.10,
P-4203-92-2026-00086,3640482,0,1.10,
P-4006-92-2026-00150,3641420,0,1.10,
P-9070-91-2026-00017,3641655,0,1.10,
P-1411-90-2026-00609,3641828,0,1.10,
P-1400-92-2026-00192,3641305,0,1.10,
P-3200-90-2026-02111,3641934,0,1.10,
P-3200-90-2026-02108,3641906,0,1.10,
P-3200-90-2026-02073,3641543,0,1.10,
P-1400-90-2026-00264,3641539,0,1.70,
P-3603-90-2026-00190,3641820,0,1.10,
P-2202-90-2026-00633,3641889,0,1.10,
P-2405-90-2026-00163,3641273,0,1.10,
P-4200-90-2026-01344,3640893,0,1.10,
P-2408-90-2026-00454,3641209,0,1.10,
P-2400-90-2026-02699,3642005,0,1.10,
P-2403-90-2026-00538,3641270,0,1.10,
P-9086-90-2026-00275,3642531,0,1.10,
P-9061-91-2026-00665,3642382,0,1.10,
P-1200-90-2026-01807,3642591,0,1.10,
P-1477-90-2026-00236,3642324,0,1.10,
P-9061-91-2026-00671,3642532,0,1.10,
P-2400-90-2026-02720,3642370,0,1.10,
P-3211-90-2026-00690,3642991,0,1.10,
P-4200-90-2026-01411,3642453,0,1.10,
P-1200-90-2026-01839,3643183,0,1.10,
P-1488-90-2026-00402,3643492,0,1.10,
P-1200-90-2026-01802,3642447,0,1.10,
P-9075-90-2026-00200,3643555,0,1.10,
P-4200-90-2026-01429,3642919,0,1.10,
P-3200-90-2026-02141,3642437,0,1.10,
P-9102-90-2026-00043,3642007,0,1.10,
P-3901-90-2026-00111,3642402,0,1.10,
P-4200-90-2026-01398,3642114,0,1.10,
P-8067-91-2026-00106,3642464,0,1.10,
P-2400-90-2026-02785,3643261,0,1.10,
P-9077-90-2026-00165,3642652,0,1.10,
P-3211-91-2026-00369,3643390,0,1.10,
P-3400-97-2025-00004,3313517,67,36.30,
P-3200-90-2026-02134,3642323,0,1.10,
P-2400-90-2026-02739,3642658,0,1.10,
P-3400-90-2026-00367,3642319,0,1.70,
P-1200-91-2026-00403,3642773,0,1.10,
P-2400-90-2026-02775,3643203,0,1.10,
P-2400-90-2026-02804,3643609,0,1.10,
P-3800-90-2026-00849,3642481,0,1.10,
P-1477-90-2026-00235,3642312,0,1.10,
P-1200-92-2026-00190,3643467,0,1.10,
P-2200-90-2026-00639,3642962,0,1.10,
P-9061-90-2026-00333,3642979,0,1.10,
P-9075-90-2026-00201,3643578,0,1.10,
P-2202-90-2026-00644,3642040,0,1.70,
P-1474-90-2026-00140,3642838,0,1.10,
P-2400-90-2026-02763,3643015,0,1.10,
P-3205-90-2026-00277,3643110,0,1.10,
P-8035-90-2026-00089,3642469,0,1.10,
P-2400-90-2026-02779,3643190,0,1.10,
P-8072-90-2026-00091,3642085,0,1.10,
P-1488-90-2026-00398,3643370,0,1.10,
P-4200-90-2026-01408,3642336,0,1.10,
P-3200-90-2026-02155,3642645,0,1.10,
P-1200-90-2026-01846,3643248,0,1.10,
P-3200-90-2026-02224,3643485,0,1.10,
P-1200-90-2026-01798,3642422,0,1.10,
P-2405-92-2026-00086,3642778,0,1.10,
P-1200-90-2026-01866,3643594,0,1.10,
P-1452-90-2026-00161,3642010,0,1.10,
P-3800-90-2026-00834,3642075,0,1.10,
P-2600-90-2026-00330,3642299,0,1.10,
P-3211-90-2026-00684,3642638,0,1.10,
P-4200-90-2026-01452,3643451,0,1.10,
P-9082-91-2026-00023,3642255,0,1.10,
P-3205-90-2026-00273,3642727,0,1.10,
P-8069-96-2026-00002,3607030,51,1.10,
P-2408-90-2026-00476,3642764,0,1.10,
P-1200-90-2026-01796,3642394,0,1.10,
P-2400-90-2026-02707,3642104,0,1.10,
P-3600-90-2026-00615,3642233,0,1.70,
P-2403-90-2026-00553,3642859,0,1.10,
P-4006-90-2026-00468,3642544,0,1.10,
P-1411-90-2026-00618,3642461,0,1.10,
P-4000-90-2026-01027,3642462,0,1.10,
P-1200-90-2026-01797,3642420,0,1.10,
P-3211-90-2026-00696,3643441,0,1.10,
P-2202-90-2026-00662,3643642,0,1.10,
P-2400-90-2026-02758,3642906,0,1.10,
P-2604-90-2026-00292,3643551,0,1.10,
P-1200-90-2026-01844,3643224,0,1.10,
P-1200-90-2026-01865,3643574,0,1.10,
P-2407-90-2026-00705,3643085,0,1.10,
P-1452-90-2026-00163,3642012,0,1.10,
P-1411-90-2026-00624,3642808,0,1.10,
P-3200-90-2026-02162,3642917,0,1.10,
P-4400-90-2026-00521,3642804,0,1.10,
P-3800-90-2026-00873,3643473,0,1.10,
P-1200-90-2026-01823,3642938,0,1.10,
P-2403-90-2026-00556,3643484,0,1.10,
P-2409-90-2026-00101,3642061,0,1.10,
P-9086-91-2026-00090,3642303,0,1.10,
P-3200-90-2026-02123,3642167,0,1.10,
P-2400-90-2026-02743,3642774,0,1.10,
P-3400-90-2026-00355,3642090,0,1.70,
P-4200-90-2026-01447,3643305,0,1.10,
P-2604-90-2026-00284,3642503,0,1.10,
P-2407-90-2026-00752,3643534,0,1.10,
P-1200-90-2026-01859,3643426,0,1.10,
P-2403-90-2026-00557,3643535,0,1.10,
P-4006-91-2026-00580,3643519,0,1.70,
P-3211-92-2026-00249,3642530,0,1.10,
P-2400-90-2026-02733,3642526,0,1.10,
P-4006-90-2026-00482,3643567,0,1.10,
P-1488-90-2026-00403,3643509,0,1.10,
P-2408-90-2026-00481,3643160,0,1.10,
P-2400-92-2026-00379,3642067,0,1.10,
P-2400-90-2026-02742,3642746,0,1.10,
P-1411-90-2026-00621,3642714,0,1.10,
P-3211-90-2026-00709,3643568,0,1.10,
P-2400-90-2026-02757,3642903,0,1.10,
P-1400-92-2026-00215,3642578,0,1.10,
P-2301-90-2026-00253,3643748,0,1.10,
P-9071-92-2026-00046,3643653,0,1.10,
P-2202-90-2026-00667,3643716,0,1.10,
P-1488-90-2026-00407,3643658,0,1.10,
P-3211-90-2026-00713,3643649,0,1.10,
P-3211-90-2026-00724,3643718,0,1.10,
P-3800-90-2026-00875,3643678,0,1.10,
P-3211-90-2026-00714,3643656,0,1.10,
P-2202-90-2026-00670,3643771,0,1.70,
P-4200-90-2026-01458,3643756,0,1.10,
P-3211-90-2026-00717,3643668,0,1.10,
P-1400-90-2026-00270,3643777,0,1.70,
P-2214-90-2026-00191,3643707,0,1.10,
P-2400-90-2026-02832,3643921,0,1.10,
P-2400-90-2026-02852,3644195,0,1.10,
P-2403-90-2026-00561,3643825,0,1.10,
P-4200-90-2026-01481,3644064,0,1.10,
P-2403-90-2026-00562,3643839,0,1.10,
P-4203-90-2026-00435,3643837,0,1.10,
P-4200-90-2026-01460,3643844,0,1.10,
P-2409-92-2026-00033,3644047,0,1.10,
P-2403-90-2026-00569,3644095,0,1.10,
P-9071-90-2026-00077,3643966,0,1.10,
P-2403-90-2026-00570,3644099,0,1.10,
P-3603-90-2026-00209,3644136,0,1.10,
P-2407-90-2026-00754,3643865,0,1.10,
P-9071-90-2026-00076,3643843,0,1.10,
P-9082-90-2026-00091,3643910,0,1.10,
P-9077-90-2026-00175,3643943,0,1.10,
P-1411-90-2026-00653,3644061,0,1.10,
P-1411-90-2026-00660,3644166,0,1.10,
P-2202-90-2026-00691,3644134,0,1.10,
P-2202-90-2026-00685,3643986,0,1.10,
P-4200-90-2026-01472,3643987,0,1.10,
P-2403-90-2026-00567,3644081,0,1.10,
P-2400-90-2026-02841,3643977,0,1.10,
P-9097-90-2026-00166,3644096,0,1.10,
P-2405-90-2026-00172,3644074,0,1.10,
P-1488-90-2026-00410,3644100,0,1.10,
P-2202-90-2026-00696,3644194,0,1.10,
P-3800-90-2026-00881,3644162,0,1.10,
P-2409-90-2026-00112,3644165,0,1.10,
P-3400-97-2025-00004,3313517,47,22.00,
P-1488-90-2026-00055,3609437,0,1.10,
P-1488-91-2026-00057,3609363,0,1.10,
P-4006-91-2026-00073,3609383,0,1.10,
P-2408-90-2026-00052,3609382,0,1.10,
P-4006-90-2026-00011,3608480,0,1.10,
P-3800-90-2026-00107,3608905,0,1.10,
P-2400-90-2026-00355,3608927,0,1.10,
P-3200-90-2026-00362,3609375,0,1.10,
P-2604-90-2026-00022,3608990,0,1.10,
P-3211-90-2026-00062,3608640,0,1.10,
P-2400-90-2026-00325,3608500,0,1.10,
P-9061-91-2026-00064,3608476,0,1.10,
P-2400-90-2026-00324,3608475,0,1.10,
P-4200-90-2026-00151,3608212,0,1.10,
P-2400-90-2026-00368,3609185,0,1.10,
P-3200-90-2026-00351,3609191,0,1.10,
P-2405-90-2026-00021,3609390,0,1.10,
P-4200-90-2026-00191,3609261,0,1.10,
P-4200-90-2026-00181,3609057,0,1.10,
P-4200-90-2026-00164,3608655,0,1.10,
P-1477-90-2026-00015,3608230,0,1.10,
P-4000-90-2026-00144,3608844,0,1.10,
P-3211-90-2026-00064,3608687,0,1.10,
P-4000-90-2026-00146,3608904,0,1.10,
P-2400-90-2026-00319,3608456,0,1.10,
P-4000-90-2026-00162,3609209,0,1.10,
P-3205-90-2026-00029,3609371,0,1.10,
P-2301-92-2026-00028,3608889,0,1.10,
P-3205-90-2026-00019,3608023,0,1.10,
P-2301-90-2026-00018,3608659,0,1.70,
P-9102-91-2026-00004,3609257,0,1.10,
P-2000-90-2026-00048,3608599,0,1.10,
P-1488-90-2026-00046,3607948,0,1.10,
P-1411-91-2026-00008,3607888,0,1.70,
P-1477-90-2026-00018,3608425,0,1.10,
P-9086-90-2026-00023,3608274,0,1.10,
P-2605-90-2026-00006,3608805,0,1.10,
P-1477-90-2026-00016,3608247,0,1.10,
P-3200-90-2026-00356,3609299,0,1.70,
P-3800-90-2026-00104,3608842,0,1.10,
P-1200-90-2026-00184,3608555,0,1.10,
P-1492-90-2026-00012,3608783,0,1.10,
P-2400-90-2026-00326,3608535,0,1.10,
P-2202-90-2026-00059,3609160,0,1.10,
P-1488-90-2026-00058,3609540,0,1.10,
P-3205-90-2026-00022,3608504,0,1.10,
P-2200-90-2026-00060,3608880,0,1.10,
P-4200-90-2026-00185,3609175,0,1.10,
P-2604-90-2026-00024,3609174,0,1.10,
P-3800-90-2026-00117,3609169,0,1.10,
P-9086-90-2026-00028,3608684,0,1.10,
P-2400-90-2026-00354,3608921,0,1.10,
P-4200-90-2026-00170,3608796,0,1.10,
P-2400-90-2026-00376,3609379,0,1.10,
P-4000-90-2026-00118,3608308,0,1.10,
P-9061-98-2025-00028,3556750,5,1.10,
P-3800-90-2026-00102,3608748,0,1.10,
P-2200-90-2026-00049,3608170,0,1.10,
P-9061-91-2026-00059,3608135,0,1.10,
P-2400-90-2026-00314,3608422,0,1.10,
P-3800-90-2026-00122,3609284,0,1.10,
P-4000-90-2026-00157,3609135,0,1.10,
P-2400-90-2026-00373,3609353,0,1.10,
P-3800-90-2026-00112,3609059,0,1.10,
P-1452-90-2026-00022,3608995,0,1.10,
P-1400-90-2026-00022,3609498,0,1.70,
P-1411-90-2026-00059,3609038,0,1.10,
P-2200-90-2026-00059,3608660,0,1.10,
P-2400-90-2026-00328,3608530,0,1.10,
P-2600-90-2026-00047,3609150,0,1.10,
P-3211-90-2026-00080,3609389,0,1.10,
P-9070-90-2026-00004,3608873,0,1.10,
P-2407-90-2026-00059,3608306,0,1.10,
P-3200-90-2026-00297,3608636,0,1.10,
P-9070-90-2026-00005,3608918,0,1.10,
P-2400-90-2026-00301,3608189,0,1.10,
P-1200-90-2026-00205,3609104,0,1.10,
P-4005-90-2026-00032,3609394,0,1.10,
P-9082-90-2026-00006,3608467,0,1.10,
P-2408-90-2026-00039,3608177,0,1.10,
P-2200-90-2026-00068,3609282,0,1.10,
P-1400-90-2026-00009,3608132,0,1.10,
P-3200-90-2026-00284,3608190,0,1.10,
P-3211-90-2026-00075,3609137,0,1.10,
P-8000-90-2026-00025,3608180,0,1.10,
P-3600-90-2026-00077,3608770,0,1.70,
P-2202-90-2026-00067,3609547,0,1.10,
P-1000-98-2026-00013,3607263,0,55.00,
P-1411-90-2026-00040,3608120,0,1.10,
P-3800-90-2026-00111,3609024,0,1.10,
P-3603-90-2026-00017,3608853,0,1.70,
P-9086-90-2026-00022,3608168,0,1.10,
P-4202-90-2026-00047,3609295,0,1.70,
P-1411-90-2026-00056,3608949,0,1.10,
P-1200-90-2026-00228,3609234,0,1.10,
P-4006-91-2026-00066,3608740,0,1.10,
P-4200-90-2026-00152,3608225,0,1.10,
P-1411-90-2026-00058,3608960,0,1.10,
P-2400-90-2026-00310,3608349,0,1.10,
P-1400-90-2026-00008,3608126,0,1.10,
P-2400-90-2026-00346,3608871,0,1.10,
P-2200-90-2026-00054,3608361,0,1.10,
P-4000-90-2026-00127,3608505,0,1.10,
P-4005-90-2026-00026,3608772,0,1.10,
P-3200-90-2026-00372,3609503,0,1.10,
P-2407-90-2026-00089,3609634,0,1.70,
P-9077-90-2026-00009,3609622,0,1.10,
P-2202-90-2026-00069,3609530,0,1.10,
P-3800-90-2026-00127,3609528,0,1.10,
P-3800-90-2026-00130,3609646,0,1.10,
P-2202-90-2026-00073,3609624,0,1.10,
P-1477-91-2026-00010,3609614,0,1.10,
P-9068-90-2026-00019,3609655,0,1.10,
P-1411-90-2026-00072,3609611,0,1.10,
P-2400-90-2026-00410,3609841,0,1.10,
P-3205-91-2026-00018,3609766,0,1.10,
P-1492-90-2026-00019,3610009,0,1.10,
P-2400-90-2026-00414,3609846,0,1.10,
P-3211-91-2026-00119,3609976,0,1.10,
P-1411-90-2026-00080,3609702,0,1.10,
P-4203-90-2026-00048,3609946,0,1.10,
P-4200-91-2026-00013,3609776,0,1.10,
P-2400-90-2026-00398,3609797,0,1.10,
P-1411-92-2026-00026,3609716,0,1.10,
P-9076-90-2026-00012,3609822,0,1.10,
P-3211-90-2026-00091,3609832,0,1.10,
P-2202-90-2026-00085,3609709,0,1.10,
P-1411-90-2026-00081,3609779,0,1.10,
P-2400-90-2026-00401,3609785,0,1.10,
P-2403-90-2026-00083,3609884,0,1.10,
P-2407-90-2026-00091,3609865,0,1.10,
P-2400-90-2026-00423,3609925,0,1.10,
P-1400-90-2026-00036,3609891,0,1.70,
P-2202-90-2026-00087,3609787,0,1.10,
P-1411-91-2026-00011,3609923,0,1.10,
P-2400-90-2026-00419,3609861,0,1.10,
P-1488-90-2026-00063,3609854,0,1.10,
P-2406-90-2026-00018,3609695,0,1.10,
P-2202-90-2026-00089,3609808,0,1.10,
P-3205-90-2026-00034,3609975,0,1.10,
P-1474-91-2026-00010,3609851,0,1.70,
P-2400-90-2026-00402,3609786,0,1.10,
P-9086-90-2026-00042,3609889,0,1.10,
P-2403-90-2026-00068,3609686,0,1.10,
P-2400-90-2026-00429,3609992,0,1.10,
P-4005-90-2026-00035,3609831,0,1.10,
P-1492-90-2026-00025,3611128,0,1.10,
P-1200-90-2026-00264,3610624,0,1.10,
P-3200-90-2026-00447,3611337,0,1.10,
P-2605-90-2026-00012,3611194,0,1.10,
P-3200-90-2026-00437,3611153,0,1.10,
P-2408-91-2026-00007,3610980,0,1.10,
P-2200-90-2026-00084,3610933,0,1.10,
P-2000-93-2026-00005,3610994,0,1.10,
P-2400-90-2026-00498,3611342,0,1.10,
P-9086-90-2026-00059,3610699,0,1.10,
P-1200-90-2026-00252,3610388,0,1.10,
P-1477-90-2026-00030,3610928,0,1.10,
P-8069-96-2025-00002,3251624,58,4.40,
P-1488-90-2026-00074,3610900,0,1.10,
P-3200-90-2026-00381,3610234,0,1.10,
P-1200-90-2026-00263,3610602,0,1.10,
P-2407-92-2026-00050,3611176,0,1.10,
P-1400-90-2026-00044,3611248,0,1.70,
P-4400-90-2026-00068,3610379,0,1.10,
P-1200-90-2026-00271,3610762,0,1.10,
P-3800-90-2026-00140,3610213,0,1.10,
P-2403-90-2026-00105,3611080,0,1.10,
P-4006-90-2026-00033,3610614,0,1.10,
P-2604-90-2026-00034,3610583,0,1.10,
P-3600-90-2026-00109,3611138,0,1.70,
P-1400-90-2026-00039,3610474,0,1.70,
P-2400-90-2026-00478,3610961,0,1.10,
P-9086-90-2026-00061,3610960,0,1.10,
P-1200-90-2026-00274,3610886,0,1.10,
P-3800-90-2026-00165,3611243,0,1.10,
P-2400-90-2026-00474,3610889,0,1.10,
P-2400-90-2026-00480,3611026,0,1.10,
P-2400-90-2026-00483,3611058,0,1.10,
P-3400-90-2026-00047,3610094,0,1.70,
P-2408-90-2026-00073,3610313,0,1.10,
P-4006-90-2026-00047,3611785,0,1.10,
P-3211-91-2026-00124,3611390,0,1.10,
P-4000-90-2026-00215,3611478,0,1.10,
P-9077-90-2026-00018,3610881,0,1.10,
P-3200-90-2026-00481,3611690,0,1.10,
P-1200-90-2026-00278,3610984,0,1.10,
P-1477-90-2026-00035,3611606,0,1.10,
P-1400-90-2026-00042,3611074,0,1.70,
P-2406-90-2026-00024,3611687,0,1.10,
P-1453-90-2026-00007,3611459,0,1.10,
P-9068-90-2026-00022,3610398,0,1.10,
P-3200-90-2026-00389,3610566,0,1.10,
P-9076-91-2026-00005,3610200,0,1.10,
P-1411-90-2026-00095,3610186,0,1.10,
P-9068-91-2026-00020,3610032,0,1.10,
P-2000-90-2026-00062,3610215,0,1.10,
P-3211-90-2026-00103,3610581,0,1.10,
P-4400-90-2026-00096,3611706,0,1.10,
P-3800-90-2026-00160,3610988,0,1.10,
P-2000-90-2026-00063,3610308,0,1.10,
P-9070-90-2026-00017,3610594,0,1.10,
P-9068-90-2026-00023,3610443,0,1.10,
P-3200-90-2026-00496,3611858,0,1.10,
P-9061-91-2026-00106,3610364,0,1.10,
P-2000-90-2026-00068,3610777,0,1.10,
P-4000-90-2026-00206,3611277,0,1.10,
P-2000-90-2026-00081,3611410,0,1.10,
P-1200-90-2026-00312,3611427,0,1.10,
P-2000-90-2026-00087,3611620,0,1.10,
P-1492-90-2026-00027,3611724,0,1.10,
P-1400-90-2026-00047,3611789,0,1.70,
P-4203-90-2026-00072,3611195,0,1.10,
P-1411-90-2026-00090,3609958,0,1.10,
P-9061-91-2026-00097,3610109,0,1.10,
P-4000-90-2026-00196,3610992,0,1.10,
P-2400-91-2026-00052,3610180,0,1.10,
P-2000-90-2026-00086,3611561,0,1.10,
P-2400-90-2026-00526,3611851,0,1.70,
P-2408-90-2026-00083,3610792,0,1.10,
P-3400-90-2026-00065,3610420,0,1.70,
P-2400-90-2026-00511,3611587,0,1.10,
P-3900-90-2026-00017,3611647,0,1.10,
P-4006-91-2026-00081,3610562,0,1.10,
P-2000-90-2026-00070,3610902,0,1.10,
P-1411-90-2026-00108,3611473,0,1.10,
P-2403-92-2026-00041,3611833,0,1.10,
P-2200-90-2026-00085,3611212,0,1.10,
P-2200-90-2026-00082,3610714,0,1.10,
P-4006-90-2026-00039,3611284,0,1.10,
P-2202-90-2026-00111,3611830,0,1.10,
P-9086-90-2026-00068,3611764,0,1.10,
P-2400-90-2026-00528,3611875,0,1.10,
P-1488-91-2026-00064,3610944,0,1.10,
P-2000-90-2026-00072,3611003,0,1.10,
P-2200-90-2026-00087,3611551,0,1.10,
P-3600-90-2026-00097,3610670,0,1.70,
P-3200-90-2026-00412,3610873,0,1.10,
P-3200-90-2026-00483,3611723,0,1.10,
P-3603-90-2026-00031,3611888,0,1.10,
P-9097-91-2026-00004,3610468,0,1.10,
P-1200-90-2026-00308,3611388,0,1.10,
P-3800-90-2026-00152,3610604,0,1.10,
P-4005-90-2026-00036,3610272,0,1.10,
P-2408-90-2026-00092,3611741,0,1.10,
P-3200-90-2026-00487,3611754,0,1.10,
P-4000-90-2026-00186,3610599,0,1.10,
P-1477-92-2026-00006,3610728,0,1.10,
P-2407-90-2026-00115,3611862,0,1.70,
P-9061-90-2026-00061,3611367,0,1.10,
P-2214-90-2026-00041,3611739,0,1.10,
P-3200-90-2026-00449,3611373,0,1.10,
P-3200-90-2026-00485,3611728,0,1.10,
P-9071-91-2026-00002,3610672,0,1.10,
P-1200-90-2026-00321,3611597,0,1.10,
P-1411-90-2026-00094,3610193,0,1.10,
P-3200-90-2026-00456,3611491,0,1.10,
P-8035-91-2026-00031,3611657,0,1.10,
P-4200-90-2026-00237,3611174,0,1.70,
P-3200-90-2026-00430,3611093,0,1.10,
P-3205-90-2026-00042,3611234,0,1.10,
P-1477-90-2026-00034,3611549,0,1.10,
P-2202-91-2026-00020,3609441,0,1.70,
P-4400-90-2026-00088,3611435,0,1.10,
P-4000-90-2026-00209,3611299,0,1.10,
P-2400-90-2026-00494,3611265,0,1.10,
P-8000-91-2026-00037,3610823,0,1.10,
P-1488-90-2026-00110,3613411,0,1.10,
P-2403-92-2026-00053,3613425,0,1.10,
P-2400-90-2026-00637,3613497,0,1.10,
P-1411-90-2026-00136,3613428,0,1.10,
P-3200-90-2026-00593,3613462,0,1.10,
P-1200-91-2026-00082,3611937,0,1.10,
P-2400-90-2026-00588,3612770,0,1.10,
P-2200-90-2026-00106,3612406,0,1.10,
P-3205-90-2026-00051,3612910,0,1.10,
P-2403-92-2026-00044,3612356,0,1.10,
P-2400-90-2026-00593,3612807,0,1.10,
P-2000-90-2026-00106,3613046,0,1.10,
P-1488-91-2026-00132,3613108,0,1.10,
P-3600-90-2026-00119,3612580,0,1.70,
P-4000-90-2026-00241,3612630,0,1.10,
P-9061-91-2026-00127,3612911,0,1.10,
P-1200-91-2026-00091,3613208,0,1.10,
P-8000-90-2026-00047,3612518,0,1.10,
P-2400-90-2026-00604,3612963,0,1.10,
P-4000-90-2026-00259,3613334,0,1.10,
P-4200-90-2026-00272,3612557,0,1.10,
P-2400-90-2026-00567,3612482,0,1.10,
P-1200-90-2026-00376,3613016,0,1.10,
P-2200-90-2026-00099,3612273,0,1.10,
P-2407-90-2026-00121,3612719,0,1.10,
P-1200-90-2026-00381,3613044,0,1.10,
P-3211-90-2026-00155,3613339,0,1.10,
P-3600-90-2026-00121,3612700,0,1.70,
P-2200-90-2026-00118,3613014,0,1.10,
P-3200-90-2026-00542,3612827,0,1.10,
P-4006-90-2026-00056,3612932,0,1.10,
P-4400-90-2026-00125,3612914,0,1.10,
P-2200-90-2026-00114,3612758,0,1.10,
P-2214-90-2026-00046,3612773,0,1.10,
P-3200-90-2026-00532,3612766,0,1.10,
P-2200-90-2026-00108,3612497,0,1.10,
P-4006-90-2026-00057,3613001,0,1.10,
P-8000-91-2026-00053,3613147,0,1.10,
P-4200-90-2026-00292,3612994,0,1.10,
P-4000-90-2026-00250,3612909,0,1.10,
P-4200-90-2026-00294,3613105,0,1.70,
P-1411-92-2026-00057,3612887,0,1.10,
P-3200-90-2026-00523,3612495,0,1.10,
P-4200-90-2026-00297,3613253,0,1.10,
P-1200-90-2026-00346,3612176,0,1.10,
P-1200-90-2026-00374,3612982,0,1.10,
P-3200-90-2026-00534,3612779,0,1.10,
P-2406-90-2026-00029,3612833,0,1.10,
P-4203-90-2026-00089,3612776,0,1.10,
P-4200-90-2026-00287,3612888,0,1.10,
P-2400-90-2026-00573,3612523,0,1.10,
P-1411-90-2026-00133,3613322,0,1.10,
P-1492-90-2026-00029,3612050,0,1.10,
P-1411-91-2026-00015,3613042,0,1.10,
P-2400-90-2026-00550,3612163,0,1.10,
P-3800-90-2026-00197,3612681,0,1.10,
P-3900-90-2026-00019,3612090,0,1.10,
P-9075-90-2026-00031,3613307,0,1.10,
P-1200-90-2026-00365,3612763,0,1.10,
P-1200-92-2026-00036,3612323,0,1.10,
P-2600-90-2026-00071,3612537,0,1.10,
P-9086-90-2026-00071,3612133,0,1.10,
P-3211-90-2026-00153,3613285,0,1.10,
P-4000-92-2026-00020,3611940,0,1.10,
P-3200-90-2026-00520,3612388,0,1.10,
P-3200-90-2026-00521,3612436,0,1.10,
P-2400-90-2026-00540,3612006,0,1.10,
P-2000-90-2026-00097,3612198,0,1.10,
P-4200-90-2026-00269,3612462,0,1.10,
P-4005-90-2026-00042,3612331,0,1.10,
P-3200-90-2026-00508,3612242,0,1.10,
P-4200-90-2026-00273,3612543,0,1.10,
P-3800-90-2026-00193,3612574,0,1.10,
P-2604-90-2026-00045,3611831,0,1.10,
P-8000-90-2026-00041,3611917,0,1.70,
P-4200-90-2026-00259,3612267,0,1.10,
P-8000-90-2026-00043,3612053,0,1.70,
P-2403-90-2026-00113,3612334,0,1.10,
P-8072-90-2026-00020,3612317,0,1.10,
P-2301-90-2026-00039,3612330,0,1.10,
P-3200-90-2026-00503,3612128,0,1.10,
P-2000-90-2026-00096,3612180,0,1.10,
P-2604-90-2026-00049,3612291,0,1.10,
P-9097-90-2026-00019,3612437,0,1.10,
P-1200-90-2026-00337,3612015,0,1.10,
P-4200-90-2026-00279,3612599,0,1.10,
P-1411-90-2026-00119,3612077,0,1.10,
P-2000-90-2026-00102,3612643,0,1.10,
P-3603-90-2026-00035,3612435,0,1.10,
P-4000-90-2026-00222,3612076,0,1.10,
P-1200-90-2026-00363,3612624,0,1.10,
P-2403-90-2026-00119,3612646,0,1.10,
P-1492-91-2026-00022,3612398,0,1.10,
P-1477-90-2026-00039,3612064,0,1.10,
P-4400-90-2026-00113,3612484,0,1.10,
P-4400-90-2026-00104,3612054,0,1.10,
P-2400-90-2026-00632,3613354,0,1.10,
P-2202-90-2026-00130,3613392,0,1.70,
P-3600-90-2026-00111,3611979,0,1.70,
P-2400-90-2026-00539,3611962,0,1.10,
P-9061-91-2026-00117,3611902,0,1.10,
P-4203-90-2026-00080,3612156,0,1.10,
P-4000-90-2026-00237,3612547,0,1.10,
P-2200-90-2026-00123,3613326,0,1.10,
P-2604-90-2026-00046,3611987,0,1.10,
P-2400-90-2026-00551,3612178,0,1.10,
P-1411-90-2026-00134,3613359,0,1.10,
P-3800-90-2026-00190,3612464,0,1.10,
P-2202-90-2026-00126,3612999,0,1.10,
P-1200-90-2026-00386,3613169,0,1.10,
P-3211-90-2026-00137,3612290,0,1.10,
P-3200-90-2026-00531,3612746,0,1.10,
P-3901-90-2026-00014,3611924,0,1.10,
P-3200-92-2026-00055,3613022,0,1.10,
P-3200-90-2026-00556,3613048,0,1.10,
P-1400-90-2026-00057,3613391,0,1.70,
P-4005-90-2026-00047,3613302,0,1.10,
P-3600-90-2026-00114,3612275,0,1.10,
P-2202-90-2026-00116,3611893,0,1.10,
P-3200-90-2026-00589,3613416,0,1.10,
P-3211-90-2026-00164,3613514,0,1.10,
P-3200-90-2026-00524,3612650,0,1.10,
P-3200-90-2026-00527,3612702,0,1.10,
P-2200-90-2026-00119,3613080,0,1.10,
P-4006-90-2026-00059,3613313,0,1.10,
P-4006-90-2026-00060,3613442,0,1.10,
P-3400-97-2025-00004,3313517,49,9.90,
P-2407-90-2026-00120,3612635,0,1.10,
P-8069-96-2026-00002,3607030,5,4.40,
P-1492-90-2026-00046,3614919,0,1.10,
P-2400-90-2026-00715,3614629,0,1.10,
P-4000-90-2026-00293,3614487,0,1.10,
P-4006-90-2026-00073,3614439,0,1.10,
P-4200-90-2026-00328,3614421,0,1.10,
P-9093-90-2026-00016,3614708,0,1.10,
P-2400-90-2026-00723,3614703,0,1.10,
P-2400-90-2026-00649,3613619,0,1.70,
P-3200-90-2026-00622,3614132,0,1.10,
P-3200-90-2026-00633,3614322,0,1.10,
P-3200-90-2026-00602,3613737,0,1.10,
P-2604-90-2026-00068,3614974,0,1.10,
P-3800-90-2026-00233,3614577,0,1.10,
P-2000-90-2026-00132,3614544,0,1.10,
P-2301-90-2026-00052,3614208,0,1.10,
P-4200-90-2026-00339,3614778,0,1.10,
P-2400-90-2026-00726,3614806,0,1.10,
P-1477-90-2026-00064,3614905,0,1.10,
P-4203-90-2026-00107,3614655,0,1.10,
P-4202-92-2026-00041,3614069,0,1.10,
P-3800-90-2026-00236,3614760,0,1.10,
P-4203-90-2026-00104,3614304,0,1.10,
P-2400-90-2026-00653,3613673,0,1.10,
P-4006-90-2026-00065,3613784,0,1.10,
P-4200-90-2026-00322,3614270,0,1.10,
P-4000-90-2026-00266,3613701,0,1.10,
P-2405-90-2026-00038,3613682,0,1.10,
P-1492-90-2026-00041,3614224,0,1.10,
P-3200-90-2026-00669,3614928,0,1.10,
P-2400-90-2026-00706,3614560,0,1.10,
P-4200-90-2026-00325,3614398,0,1.10,
P-3200-90-2026-00651,3614546,0,1.10,
P-4006-91-2026-00136,3614429,0,1.70,
P-2200-90-2026-00145,3614427,0,1.10,
P-3211-92-2026-00067,3614922,0,1.10,
P-3200-90-2026-00601,3613631,0,1.10,
P-4005-90-2026-00050,3614216,0,1.10,
P-3200-90-2026-00632,3614318,0,1.10,
P-2202-90-2026-00141,3613982,0,1.10,
P-2200-90-2026-00152,3614878,0,1.10,
P-3200-90-2026-00641,3614391,0,1.10,
P-3200-90-2026-00624,3614137,0,1.10,
P-4400-91-2026-00074,3614438,0,1.70,
P-9077-90-2026-00032,3614538,0,1.10,
P-1200-90-2026-00472,3614735,0,1.10,
P-2301-90-2026-00050,3614085,0,1.10,
P-2408-90-2026-00113,3614786,0,1.10,
P-1488-90-2026-00129,3614862,0,1.10,
P-2400-90-2026-00687,3614265,0,1.10,
P-1400-90-2026-00060,3614372,0,1.70,
P-3205-92-2026-00049,3613781,0,1.10,
P-2403-90-2026-00133,3614283,0,1.10,
P-9086-90-2026-00089,3614165,0,1.10,
P-1200-90-2026-00432,3614197,0,1.10,
P-2000-90-2026-00122,3614019,0,1.10,
P-3200-90-2026-00629,3614273,0,1.10,
P-3901-90-2026-00022,3614317,0,1.10,
P-3211-90-2026-00192,3614834,0,1.10,
P-1488-91-2026-00157,3614233,0,1.10,
P-4006-91-2026-00135,3614194,0,1.10,
P-3400-90-2026-00115,3613615,0,1.10,
P-9086-90-2026-00082,3613597,0,1.10,
P-2604-90-2026-00061,3613728,0,1.10,
P-1411-90-2026-00141,3614014,0,1.10,
P-3800-90-2026-00227,3614313,0,1.10,
P-2600-90-2026-00086,3613658,0,1.10,
P-1411-90-2026-00138,3613749,0,1.10,
P-2600-90-2026-00091,3613743,0,1.10,
P-2200-90-2026-00132,3614025,0,1.10,
P-4400-90-2026-00133,3613719,0,1.10,
P-2403-90-2026-00138,3614935,0,1.10,
P-3800-90-2026-00229,3614402,0,1.10,
P-1477-90-2026-00059,3614303,0,1.10,
P-2400-90-2026-00676,3614060,0,1.10,
P-9102-91-2026-00011,3613930,0,1.10,
P-4200-90-2026-00317,3614213,0,1.10,
P-3211-92-2026-00065,3614864,0,1.10,
P-3400-90-2026-00122,3614229,0,1.70,
P-9091-90-2026-00033,3613582,0,1.10,
P-9075-90-2026-00041,3614964,0,1.10,
P-4006-90-2026-00078,3614897,0,1.10,
P-2400-90-2026-00660,3613730,0,1.10,
P-2400-90-2026-00731,3614953,0,1.10,
P-1200-90-2026-00437,3614284,0,1.10,
P-4203-90-2026-00092,3613656,0,1.10,
P-4000-90-2026-00282,3614126,0,1.10,
P-2200-90-2026-00151,3614818,0,1.10,
P-1411-90-2026-00146,3614331,0,1.10,
P-2406-90-2026-00033,3613675,0,1.10,
P-9061-90-2026-00078,3614625,0,1.10,
P-2000-90-2026-00121,3613991,0,1.10,
P-1200-90-2026-00467,3614659,0,1.10,
P-3200-90-2026-00639,3614399,0,1.10,
P-1200-90-2026-00448,3614504,0,1.10,
P-1200-90-2026-00469,3614683,0,1.10,
P-2200-90-2026-00144,3614377,0,1.10,
P-9102-91-2026-00012,3613946,0,1.10,
P-4006-91-2026-00139,3614614,0,1.10,
P-2202-92-2026-00100,3614479,0,1.10,
P-1200-90-2026-00462,3614606,0,1.10,
P-1200-91-2026-00099,3613647,0,1.10,
P-4000-90-2026-00297,3614567,0,1.10,
P-2600-90-2026-00104,3614689,0,1.10,
P-1200-90-2026-00453,3614553,0,1.10,
P-2000-90-2026-00134,3614723,0,1.10,
P-4000-90-2026-00294,3614506,0,1.10,
P-4203-90-2026-00105,3614406,0,1.10,
P-3200-90-2026-00610,3613945,0,1.10,
P-9061-90-2026-00072,3613925,0,1.10,
P-2400-90-2026-00647,3613574,0,1.10,
P-4006-91-2026-00123,3613577,0,1.10,
P-1488-90-2026-00111,3613554,0,1.10,
P-2400-92-2026-00102,3613985,0,1.10,
P-2000-90-2026-00118,3613791,0,1.10,
P-3205-90-2026-00056,3613568,0,1.10,
P-4400-90-2026-00147,3615243,0,1.10,
P-2403-90-2026-00143,3615235,0,1.10,
P-9061-91-2026-00154,3614998,0,1.10,
P-2000-90-2026-00141,3615542,0,1.10,
P-2202-90-2026-00164,3616375,0,1.10,
P-8000-90-2026-00059,3615341,0,1.70,
P-9061-91-2026-00152,3614997,0,1.10,
P-1400-90-2026-00066,3614991,0,1.70,
P-3800-90-2026-00239,3615175,0,1.10,
P-3200-90-2026-00689,3615336,0,1.10,
P-1200-90-2026-00494,3615326,0,1.10,
P-3205-90-2026-00072,3615983,0,1.10,
P-9086-90-2026-00097,3615164,0,1.10,
P-4006-90-2026-00100,3616175,0,1.10,
P-2200-90-2026-00173,3616204,0,1.10,
P-4200-90-2026-00396,3616245,0,1.10,
P-1411-90-2026-00167,3615127,0,1.10,
P-2400-90-2026-00787,3615831,0,1.10,
P-2400-91-2026-00096,3615447,0,1.10,
P-7136-90-2026-00001,3615738,0,1.10,
P-2403-92-2026-00062,3615698,0,1.10,
P-2403-90-2026-00149,3615468,0,1.10,
P-4000-90-2026-00327,3615802,0,1.10,
P-3200-90-2026-00688,3615289,0,1.10,
P-9086-90-2026-00108,3616339,0,1.10,
P-4000-90-2026-00323,3615633,0,1.10,
P-9022-97-2026-00001,3615390,0,1.10,
P-9022-93-2026-00003,3616039,0,1.10,
P-8000-90-2026-00058,3615068,0,1.70,
P-1400-92-2026-00027,3615210,0,1.10,
P-8072-90-2026-00025,3615138,0,1.10,
P-4000-90-2026-00314,3615374,0,1.10,
P-4006-91-2026-00145,3615239,0,1.10,
P-2409-92-2026-00006,3615486,0,1.10,
P-2200-90-2026-00167,3615832,0,1.10,
P-2000-90-2026-00150,3615878,0,1.10,
P-1488-90-2026-00145,3616415,0,1.10,
P-2200-90-2026-00163,3615605,0,1.10,
P-8030-98-2026-00003,3605863,0,15.40,
P-2604-90-2026-00075,3616332,0,1.10,
P-3200-90-2026-00782,3616345,0,1.10,
P-8000-90-2026-00062,3616011,0,1.70,
P-2600-90-2026-00116,3615778,0,1.10,
P-4400-90-2026-00154,3615556,0,1.10,
P-2403-90-2026-00162,3616358,0,1.10,
P-1488-90-2026-00140,3616315,0,1.10,
P-3200-90-2026-00709,3615922,0,1.10,
P-3200-90-2026-00765,3616178,0,1.10,
P-1411-90-2026-00186,3616313,0,1.10,
P-9086-92-2026-00009,3615730,0,1.10,
P-4202-90-2026-00121,3615664,0,1.10,
P-2200-92-2026-00074,3615857,0,1.10,
P-2400-90-2026-00803,3616078,0,1.10,
P-2214-90-2026-00051,3615644,0,1.10,
P-4000-90-2026-00336,3615902,0,1.10,
P-2200-90-2026-00169,3616127,0,1.10,
P-2408-90-2026-00135,3616307,0,1.10,
P-3600-90-2026-00164,3616026,0,1.70,
P-3211-91-2026-00154,3615105,0,1.10,
P-1411-90-2026-00166,3615145,0,1.10,
P-2403-90-2026-00151,3615530,0,1.10,
P-2400-90-2026-00820,3616400,0,1.10,
P-3900-90-2026-00034,3615701,0,1.70,
P-2403-90-2026-00160,3616323,0,1.70,
P-2400-90-2026-00795,3615948,0,1.10,
P-2202-90-2026-00160,3615667,0,1.10,
P-2400-90-2026-00827,3616434,0,1.10,
P-9061-93-2026-00005,3616105,0,1.10,
P-9076-90-2026-00033,3615504,0,1.10,
P-2400-90-2026-00748,3615065,0,1.10,
P-1200-90-2026-00510,3616176,0,1.10,
P-1200-91-2026-00124,3615771,0,1.10,
P-2000-92-2026-00072,3615028,0,1.10,
P-4000-90-2026-00322,3615568,0,1.10,
P-2202-90-2026-00155,3615230,0,1.70,
P-1200-90-2026-00481,3615017,0,1.10,
P-1411-90-2026-00179,3616231,0,1.10,
P-3200-90-2026-00777,3616289,0,1.10,
P-9075-90-2026-00050,3615570,0,1.10,
P-8072-90-2026-00026,3615228,0,1.10,
P-4000-90-2026-00329,3615812,0,1.10,
P-2200-90-2026-00166,3615796,0,1.10,
P-2408-90-2026-00134,3616314,0,1.10,
P-3205-90-2026-00065,3615330,0,1.10,
P-1400-92-2026-00032,3615815,0,1.10,
P-2000-90-2026-00157,3616218,0,1.10,
P-3205-92-2026-00066,3615474,0,1.10,
P-2202-90-2026-00163,3615990,0,1.10,
P-1411-90-2026-00189,3616331,0,1.10,
P-1492-90-2026-00052,3616235,0,1.10,
P-2400-90-2026-00793,3615909,0,1.10,
P-3200-90-2026-00683,3615211,0,1.10,
P-9061-90-2026-00091,3616060,0,1.10,
P-4005-90-2026-00056,3615158,0,1.10,
P-3600-90-2026-00149,3615051,0,1.70,
P-4200-90-2026-00369,3615467,0,1.10,
P-3800-90-2026-00247,3615366,0,1.10,
P-2400-90-2026-00743,3615030,0,1.10,
P-3205-90-2026-00067,3615645,0,1.10,
P-4203-90-2026-00120,3615490,0,1.10,
P-2400-90-2026-00814,3616220,0,1.10,
P-3400-90-2026-00129,3615405,0,1.70,
P-4400-90-2026-00158,3615708,0,1.10,
P-3205-90-2026-00063,3615108,0,1.10,
P-3200-90-2026-00702,3615721,0,1.10,
P-1411-90-2026-00173,3615517,0,1.10,
P-3211-92-2026-00076,3615860,0,1.10,
P-2400-90-2026-00769,3615480,0,1.10,
P-2301-90-2026-00063,3615959,0,1.10,
P-2400-90-2026-00779,3615683,0,1.10,
P-3205-90-2026-00062,3615087,0,1.10,
P-1400-90-2026-00085,3615834,0,1.70,
P-9093-90-2026-00020,3615774,0,1.10,
P-1400-90-2026-00091,3616298,0,1.10,
P-1200-90-2026-00520,3616272,0,1.10,
P-2400-90-2026-00822,3616416,0,1.10,
P-3211-90-2026-00216,3616288,0,1.10,
P-9070-90-2026-00032,3615254,0,1.10,
P-2400-90-2026-00858,3616840,0,1.10,
P-3800-90-2026-00281,3617326,0,1.10,
P-3211-90-2026-00243,3617249,0,1.10,
P-2200-90-2026-00175,3616645,0,1.10,
P-1200-90-2026-00564,3617119,0,1.10,
P-3211-90-2026-00241,3617174,0,1.10,
P-1400-90-2026-00095,3617281,0,1.10,
P-2400-90-2026-00869,3617157,0,1.10,
P-4202-90-2026-00130,3616538,0,1.10,
P-2407-90-2026-00151,3616820,0,1.70,
P-2403-90-2026-00181,3617566,0,1.10,
P-2000-90-2026-00162,3616575,0,1.10,
P-9076-90-2026-00041,3616427,0,1.10,
P-2400-90-2026-00874,3617229,0,1.10,
P-3200-90-2026-00798,3616550,0,1.10,
P-3211-90-2026-00248,3617498,0,1.10,
P-3600-90-2026-00178,3617104,0,1.70,
P-2400-90-2026-00879,3617306,0,1.10,
P-3211-90-2026-00233,3616739,0,1.10,
P-1200-90-2026-00583,3617321,0,1.10,
P-2214-90-2026-00057,3617505,0,1.10,
P-2405-90-2026-00051,3616562,0,1.10,
P-4200-90-2026-00424,3617133,0,1.10,
P-3200-90-2026-00836,3617521,0,1.10,
P-4400-90-2026-00179,3616756,0,1.10,
P-1411-90-2026-00206,3617089,0,1.10,
P-9067-90-2026-00009,3617329,0,1.10,
P-2403-90-2026-00171,3617057,0,1.10,
P-3200-90-2026-00801,3616623,0,1.10,
P-2202-91-2026-00044,3617530,0,1.70,
P-1200-90-2026-00529,3616505,0,1.10,
P-2400-90-2026-00881,3617330,0,1.10,
P-1200-90-2026-00590,3617389,0,1.10,
P-1411-90-2026-00211,3617500,0,1.10,
P-2600-90-2026-00124,3616447,0,1.10,
P-2400-90-2026-00864,3616992,0,1.10,
P-2400-90-2026-00838,3616573,0,1.10,
P-4200-90-2026-00403,3616547,0,1.10,
P-3600-90-2026-00173,3616848,0,1.70,
P-1200-90-2026-00545,3616918,0,1.10,
P-4203-90-2026-00133,3616700,0,1.10,
P-2403-92-2026-00065,3616506,0,1.10,
P-4200-91-2026-00034,3617338,0,1.10,
P-4000-90-2026-00373,3617403,0,1.10,
P-9076-90-2026-00035,3616420,0,1.10,
P-2301-90-2026-00068,3616986,0,1.10,
P-8000-91-2026-00065,3616482,0,1.10,
P-2408-90-2026-00138,3616554,0,1.10,
P-3200-90-2026-00810,3616858,0,1.10,
P-4400-90-2026-00167,3616453,0,1.10,
P-2202-90-2026-00175,3617506,0,1.10,
P-2200-90-2026-00183,3616816,0,1.10,
P-2214-90-2026-00056,3617499,0,1.10,
P-1200-90-2026-00575,3617263,0,1.10,
P-3400-90-2026-00154,3617002,0,1.10,
P-4400-90-2026-00181,3616903,0,1.10,
P-4000-90-2026-00367,3617244,0,1.10,
P-3800-90-2026-00269,3616727,0,1.10,
P-8035-91-2026-00047,3617192,0,1.10,
P-4005-90-2026-00067,3616691,0,1.10,
P-2400-90-2026-00830,3616471,0,1.10,
P-2202-90-2026-00170,3616899,0,1.10,
P-8000-98-2026-00004,3610543,0,5.50,
P-3900-90-2026-00039,3616611,0,1.10,
P-1200-90-2026-00524,3616465,0,1.10,
P-8035-93-2026-00015,3617125,0,1.10,
P-3600-90-2026-00171,3616786,0,1.70,
P-1200-90-2026-00563,3617116,0,1.10,
P-3200-90-2026-00811,3616888,0,1.10,
P-4005-90-2026-00066,3616639,0,1.10,
P-9086-90-2026-00115,3617319,0,1.10,
P-2408-90-2026-00140,3616846,0,1.10,
P-9061-90-2026-00103,3617064,0,1.10,
P-3200-90-2026-00812,3616904,0,1.10,
P-3900-90-2026-00042,3616852,0,1.10,
P-1200-90-2026-00548,3616945,0,1.10,
P-3800-90-2026-00277,3617212,0,1.10,
P-1411-92-2026-00077,3617008,0,1.10,
P-2604-92-2026-00025,3616723,0,1.10,
P-2403-90-2026-00169,3616891,0,1.10,
P-2400-90-2026-00865,3617037,0,1.10,
P-3211-90-2026-00247,3617514,0,1.10,
P-4000-90-2026-00376,3617455,0,1.10,
P-4400-90-2026-00172,3616571,0,1.10,
P-2600-90-2026-00131,3617112,0,1.10,
P-2400-90-2026-00848,3616741,0,1.10,
P-9075-90-2026-00058,3617584,0,1.10,
P-2409-90-2026-00028,3617621,0,1.10,
P-3603-90-2026-00059,3617644,0,1.10,
P-2604-90-2026-00088,3617590,0,1.10,
P-9102-90-2026-00009,3617724,0,1.10,
P-4203-92-2026-00032,3617990,0,1.10,
P-9070-90-2026-00046,3617775,0,1.10,
P-9082-90-2026-00021,3617767,0,1.10,
P-2400-91-2026-00117,3617731,0,1.10,
P-2301-90-2026-00076,3617788,0,1.10,
P-2403-90-2026-00190,3617748,0,1.10,
P-2202-91-2026-00052,3618007,0,1.70,
P-2202-90-2026-00193,3617841,0,1.10,
P-4203-90-2026-00139,3617799,0,1.10,
P-2400-90-2026-00920,3617937,0,1.10,
P-2215-90-2026-00052,3617753,0,1.10,
P-3211-90-2026-00263,3617842,0,1.10,
P-3800-90-2026-00289,3617936,0,1.10,
P-2406-90-2026-00047,3617941,0,1.10,
P-3211-90-2026-00256,3617774,0,1.10,
P-2403-90-2026-00193,3617844,0,1.10,
P-2400-90-2026-00917,3617833,0,1.10,
P-3603-90-2026-00061,3617855,0,1.10,
P-9071-90-2026-00028,3617808,0,1.10,
P-2202-90-2026-00203,3617916,0,1.10,
P-9086-90-2026-00121,3617778,0,1.10,
P-2409-90-2026-00030,3617743,0,1.10,
P-3211-90-2026-00260,3617795,0,1.10,
P-9022-91-2026-00004,3617737,0,1.10,
P-4203-90-2026-00152,3617829,0,1.10,
P-3800-90-2026-00309,3618938,0,1.10,
P-3901-92-2026-00009,3618731,0,1.10,
P-2405-90-2026-00054,3618250,0,1.10,
P-9075-90-2026-00066,3618851,0,1.10,
P-4200-90-2026-00481,3619010,0,1.10,
P-3800-90-2026-00291,3618124,0,1.10,
P-4200-90-2026-00457,3618545,0,1.10,
P-3900-90-2026-00046,3618969,0,1.70,
P-3205-90-2026-00094,3619569,0,1.10,
P-4400-90-2026-00219,3619126,0,1.10,
P-2604-90-2026-00105,3618933,0,1.10,
P-2200-90-2026-00227,3619323,0,1.10,
P-1200-90-2026-00643,3619148,0,1.10,
P-3211-90-2026-00288,3619401,0,1.10,
P-4400-90-2026-00201,3618455,0,1.10,
P-9077-90-2026-00047,3618054,0,1.10,
P-2400-90-2026-00971,3618543,0,1.10,
P-2400-90-2026-00940,3618100,0,1.10,
P-3200-90-2026-00849,3618289,0,1.10,
P-9061-90-2026-00120,3618866,0,1.10,
P-2400-90-2026-01035,3619375,0,1.10,
P-1200-91-2026-00149,3618678,0,1.10,
P-2202-90-2026-00233,3619586,0,1.70,
P-9061-91-2026-00194,3618060,0,1.10,
P-1200-90-2026-00662,3619380,0,1.10,
P-9061-91-2026-00193,3618047,0,1.10,
P-3600-90-2026-00206,3618978,0,1.10,
P-9061-93-2026-00010,3618077,0,1.10,
P-2407-90-2026-00178,3618259,0,1.10,
P-8000-90-2026-00080,3618966,0,1.70,
P-4202-90-2026-00148,3618787,0,1.10,
P-2400-90-2026-01034,3619319,0,1.10,
P-3200-90-2026-00899,3619480,0,1.10,
P-1200-91-2026-00159,3619125,0,1.10,
P-2202-90-2026-00230,3619547,0,1.10,
P-3205-92-2026-00085,3618479,0,1.10,
P-2202-90-2026-00206,3618052,0,1.10,
P-1488-90-2026-00165,3619210,0,1.10,
P-2400-90-2026-01025,3619219,0,1.10,
P-1400-92-2026-00047,3619083,0,1.10,
P-9070-90-2026-00050,3619596,0,1.10,
P-3211-91-2026-00188,3619065,0,1.10,
P-1477-90-2026-00096,3619460,0,1.10,
P-3200-90-2026-00894,3619459,0,1.10,
P-1200-90-2026-00646,3619170,0,1.10,
P-3600-90-2026-00213,3619269,0,1.10,
P-3600-90-2026-00198,3618620,0,1.70,
P-1400-92-2026-00040,3618059,0,1.10,
P-4000-90-2026-00397,3618480,0,1.10,
P-9061-91-2026-00192,3618046,0,1.10,
P-1200-90-2026-00599,3618080,0,1.10,
P-2400-90-2026-01008,3619072,0,1.10,
P-1411-90-2026-00241,3619577,0,1.10,
P-1400-92-2026-00046,3619057,0,1.10,
P-1411-90-2026-00246,3619646,0,1.10,
P-3211-90-2026-00272,3618376,0,1.10,
P-2400-90-2026-00947,3618214,0,1.10,
P-3600-90-2026-00218,3619481,0,1.70,
P-4005-90-2026-00077,3618232,0,1.10,
P-1488-90-2026-00167,3619301,0,1.10,
P-8000-90-2026-00077,3618662,0,1.10,
P-2400-90-2026-01014,3619140,0,1.10,
P-2405-90-2026-00057,3619074,0,1.10,
P-1200-90-2026-00612,3618492,0,1.10,
P-2400-90-2026-00976,3618657,0,1.10,
P-3200-90-2026-00874,3618950,0,1.10,
P-2400-90-2026-00937,3618079,0,1.10,
P-9061-90-2026-00122,3619215,0,1.10,
P-2200-90-2026-00235,3619493,0,1.10,
P-2000-90-2026-00193,3619189,0,1.10,
P-2406-90-2026-00052,3619542,0,1.10,
P-3211-90-2026-00286,3619315,0,1.10,
P-4005-90-2026-00085,3618744,0,1.10,
P-3200-90-2026-00900,3619501,0,1.10,
P-4400-90-2026-00220,3619260,0,1.10,
P-3200-90-2026-00883,3619264,0,1.10,
P-3600-90-2026-00215,3619412,0,1.70,
P-2407-90-2026-00177,3618203,0,1.10,
P-2409-90-2026-00032,3618386,0,1.10,
P-4203-90-2026-00168,3618838,0,1.10,
P-3800-90-2026-00310,3618985,0,1.10,
P-4000-90-2026-00390,3618282,0,1.10,
P-1411-92-2026-00090,3618481,0,1.10,
P-4000-91-2026-00028,3618979,0,1.10,
P-1411-90-2026-00229,3618706,0,1.10,
P-2400-90-2026-00934,3618010,0,1.10,
P-4200-90-2026-00498,3619519,0,1.10,
P-2408-90-2026-00171,3619530,0,1.10,
P-4006-91-2026-00202,3618983,0,1.10,
P-3211-90-2026-00274,3618546,0,1.10,
P-3800-90-2026-00307,3618886,0,1.10,
P-2200-90-2026-00234,3619444,0,1.10,
P-9061-91-2026-00199,3618081,0,1.10,
P-2202-90-2026-00229,3619553,0,1.70,
P-3400-90-2026-00169,3618917,0,1.70,
P-4203-90-2026-00159,3618150,0,1.10,
P-1492-90-2026-00063,3618188,0,1.10,
P-2202-90-2026-00225,3619052,0,1.10,
P-3205-92-2026-00086,3618747,0,1.10,
P-4200-90-2026-00444,3618219,0,1.10,
P-2202-90-2026-00213,3618225,0,1.70,
P-3200-90-2026-00885,3619286,0,1.10,
P-2400-90-2026-00998,3618909,0,1.10,
P-8000-90-2026-00082,3619324,0,1.70,
P-2604-90-2026-00108,3619417,0,1.10,
P-2400-90-2026-01033,3619303,0,1.10,
P-2400-90-2026-00968,3618512,0,1.10,
P-3600-90-2026-00201,3618840,0,1.70,
P-1200-90-2026-00655,3619307,0,1.10,
P-2407-90-2026-00190,3619600,0,1.10,
P-1452-90-2026-00064,3618424,0,1.10,
P-3200-90-2026-00915,3619606,0,1.10,
P-1411-90-2026-00237,3619489,0,1.10,
P-2400-90-2026-00962,3618437,0,1.10,
P-2408-90-2026-00167,3618874,0,1.10,
P-2400-90-2026-01125,3620667,0,1.10,
P-3200-90-2026-00929,3619746,0,1.10,
P-2406-90-2026-00057,3619840,0,1.10,
P-9093-91-2026-00015,3620208,0,1.10,
P-9061-91-2026-00229,3619953,0,1.10,
P-1200-90-2026-00682,3619929,0,1.10,
P-2604-90-2026-00109,3619709,0,1.10,
P-2301-90-2026-00089,3619732,0,1.10,
P-2400-90-2026-01093,3620146,0,1.10,
P-2214-90-2026-00064,3620957,0,1.10,
P-3400-90-2026-00187,3620737,0,1.70,
P-4200-90-2026-00521,3620611,0,1.10,
P-2400-90-2026-01091,3620155,0,1.10,
P-2400-90-2026-01090,3620097,0,1.10,
P-1474-90-2026-00065,3620131,0,1.70,
P-1411-90-2026-00261,3620881,0,1.10,
P-2403-90-2026-00230,3620920,0,1.10,
P-1200-91-2026-00165,3620200,0,1.10,
P-2400-90-2026-01098,3620277,0,1.10,
P-4000-90-2026-00452,3620594,0,1.10,
P-4200-90-2026-00502,3619740,0,1.10,
P-2403-90-2026-00219,3620217,0,1.10,
P-4005-90-2026-00097,3620375,0,1.10,
P-9075-90-2026-00071,3619692,0,1.10,
P-1200-90-2026-00678,3619871,0,1.10,
P-2400-90-2026-01119,3620584,0,1.10,
P-2202-90-2026-00243,3620465,0,1.10,
P-1200-90-2026-00716,3620735,0,1.10,
P-3200-90-2026-00973,3620629,0,1.10,
P-4000-90-2026-00441,3620036,0,1.10,
P-4000-90-2026-00453,3620638,0,1.10,
P-2202-90-2026-00250,3620953,0,1.10,
P-1411-91-2026-00032,3619768,0,1.10,
P-1411-90-2026-00248,3619813,0,1.10,
P-3200-90-2026-00932,3619783,0,1.10,
P-2202-90-2026-00249,3620907,0,1.10,
P-3200-90-2026-00940,3619905,0,1.10,
P-2400-90-2026-01076,3619895,0,1.10,
P-1488-90-2026-00190,3620603,0,1.10,
P-2407-90-2026-00230,3620587,0,1.10,
P-3800-90-2026-00329,3620245,0,1.10,
P-4000-90-2026-00455,3620650,0,1.10,
P-9086-90-2026-00142,3620828,0,1.10,
P-2400-90-2026-01097,3620264,0,1.10,
P-3200-90-2026-00994,3620937,0,1.10,
P-2400-90-2026-01138,3620977,0,1.10,
P-1200-91-2026-00169,3620658,0,1.10,
P-4000-90-2026-00435,3619828,0,1.10,
P-3200-90-2026-00941,3619942,0,1.10,
P-2400-90-2026-01071,3619803,0,1.10,
P-1474-90-2026-00064,3620084,0,1.10,
P-2604-91-2026-00012,3620590,0,1.10,
P-3200-90-2026-00992,3620912,0,1.10,
P-4200-90-2026-00507,3620018,0,1.10,
P-9068-90-2026-00053,3620974,0,1.10,
P-1200-90-2026-00715,3620707,0,1.10,
P-2600-90-2026-00152,3619835,0,1.10,
P-3200-90-2026-00954,3620218,0,1.10,
P-2407-91-2026-00060,3620756,0,1.10,
P-8067-91-2026-00055,3620661,0,1.10,
P-2604-90-2026-00114,3620363,0,1.10,
P-2400-90-2026-01105,3620421,0,1.10,
P-2604-91-2026-00011,3619841,0,1.10,
P-3200-90-2026-01002,3620998,0,1.10,
P-3211-90-2026-00306,3620719,0,1.10,
P-4006-90-2026-00151,3620821,0,1.10,
P-2403-90-2026-00224,3620449,0,1.10,
P-4000-90-2026-00434,3619834,0,1.10,
P-9078-90-2026-00008,3620536,0,1.10,
P-2400-90-2026-01117,3620557,0,1.10,
P-4000-90-2026-00449,3620562,0,1.10,
P-2400-90-2026-01140,3621015,0,1.10,
P-1488-90-2026-00177,3620323,0,1.10,
P-1200-90-2026-00687,3620122,0,1.10,
P-1488-90-2026-00174,3620109,0,1.70,
P-1411-90-2026-00263,3620938,0,1.10,
P-3600-90-2026-00231,3620411,0,1.70,
P-8072-90-2026-00035,3620077,0,1.10,
P-4006-91-2026-00247,3620980,0,1.10,
P-2400-90-2026-01137,3620968,0,1.10,
P-1492-91-2026-00044,3620864,0,1.10,
P-3400-90-2026-00181,3620393,0,1.70,
P-8035-90-2026-00038,3620199,0,1.10,
P-2409-90-2026-00038,3620337,0,1.10,
P-3600-90-2026-00220,3619718,0,1.70,
P-3800-90-2026-00324,3619881,0,1.10,
P-3800-90-2026-00333,3620373,0,1.10,
P-4006-90-2026-00149,3620478,0,1.10,
P-4006-91-2026-00235,3620351,0,1.10,
P-4202-91-2026-00034,3620101,0,1.10,
P-2301-90-2026-00094,3620653,0,1.10,
P-9075-90-2026-00084,3621014,0,1.10,
P-1488-90-2026-00179,3620354,0,1.10,
P-9086-90-2026-00135,3620000,0,1.10,
P-1477-90-2026-00098,3619745,0,1.10,
P-9077-90-2026-00054,3620321,0,1.10,
P-1200-90-2026-00695,3620255,0,1.10,
P-4000-90-2026-00444,3620185,0,1.10,
P-2604-90-2026-00115,3620371,0,1.10,
P-3400-90-2026-00193,3621608,0,1.70,
P-1492-90-2026-00080,3622273,0,1.10,
P-1488-90-2026-00199,3621612,0,1.10,
P-4200-90-2026-00547,3621545,0,1.10,
P-9086-90-2026-00147,3621333,0,1.10,
P-9086-90-2026-00148,3621328,0,1.10,
P-1200-90-2026-00749,3621394,0,1.10,
P-3600-90-2026-00247,3621615,0,1.70,
P-2000-90-2026-00223,3622178,0,1.10,
P-9077-91-2026-00033,3621914,0,1.10,
P-9068-90-2026-00054,3621013,0,1.10,
P-1200-90-2026-00782,3621996,0,1.10,
P-1200-90-2026-00806,3622259,0,1.10,
P-8000-91-2026-00091,3621807,0,1.10,
P-1492-90-2026-00078,3621808,0,1.10,
P-9086-91-2026-00045,3622012,0,1.10,
P-2408-90-2026-00193,3621588,0,1.10,
P-4400-90-2026-00265,3621689,0,1.10,
P-4000-90-2026-00484,3622024,0,1.10,
P-1452-90-2026-00076,3622130,0,1.10,
P-2400-90-2026-01165,3621418,0,1.10,
P-3211-90-2026-00325,3621692,0,1.10,
P-2403-92-2026-00082,3621112,0,1.10,
P-4006-90-2026-00161,3621282,0,1.10,
P-2403-90-2026-00246,3621596,0,1.10,
P-4000-90-2026-00460,3621062,0,1.10,
P-2400-90-2026-01172,3621567,0,1.10,
P-1477-90-2026-00126,3621869,0,1.10,
P-1400-93-2026-00005,3621411,0,1.70,
P-4006-91-2026-00252,3621390,0,1.70,
P-8072-90-2026-00042,3621990,0,1.10,
P-2400-90-2026-01193,3621856,0,1.10,
P-8004-91-2026-00018,3621189,0,1.70,
P-8067-91-2026-00062,3622097,0,1.10,
P-9061-91-2026-00239,3621034,0,1.10,
P-4006-93-2026-00024,3621316,0,1.70,
P-2600-90-2026-00170,3621673,0,1.10,
P-4006-90-2026-00159,3621103,0,1.10,
P-3800-91-2026-00034,3621306,0,1.10,
P-1452-90-2026-00072,3621224,0,1.10,
P-3211-91-2026-00208,3621457,0,1.10,
P-4000-92-2026-00060,3621512,0,1.10,
P-3200-90-2026-01011,3621169,0,1.10,
P-1474-90-2026-00074,3622056,0,1.10,
P-3800-90-2026-00346,3621361,0,1.10,
P-2000-90-2026-00218,3621324,0,1.10,
P-4000-90-2026-00483,3621982,0,1.10,
P-2600-90-2026-00167,3621290,0,1.10,
P-4200-90-2026-00550,3621601,0,1.10,
P-3205-90-2026-00103,3621309,0,1.10,
P-2400-91-2026-00148,3620526,0,1.70,
P-8035-90-2026-00044,3622046,0,1.10,
P-2400-90-2026-01202,3621960,0,1.10,
P-3200-90-2026-01034,3622060,0,1.10,
P-4200-90-2026-00543,3621466,0,1.10,
P-1200-90-2026-00731,3621038,0,1.10,
P-4006-92-2026-00084,3622106,0,1.10,
P-8067-91-2026-00063,3622147,0,1.10,
P-3211-90-2026-00332,3622207,0,1.10,
P-3600-90-2026-00250,3621846,0,1.10,
P-2400-90-2026-01231,3622456,0,1.10,
P-3211-90-2026-00319,3621353,0,1.10,
P-9061-91-2026-00240,3621035,0,1.10,
P-3211-90-2026-00315,3621166,0,1.10,
P-2000-90-2026-00216,3621083,0,1.10,
P-4200-90-2026-00533,3621252,0,1.10,
P-4000-90-2026-00469,3621585,0,1.10,
P-4400-90-2026-00245,3621204,0,1.10,
P-9097-90-2026-00060,3621301,0,1.10,
P-9082-90-2026-00028,3621964,0,1.10,
P-1452-90-2026-00073,3621452,0,1.10,
P-9077-90-2026-00058,3621946,0,1.10,
P-1200-90-2026-00758,3621726,0,1.10,
P-1200-90-2026-00783,3621988,0,1.10,
P-3200-90-2026-01063,3622415,0,1.10,
P-1477-90-2026-00124,3621741,0,1.10,
P-4000-90-2026-00473,3621714,0,1.10,
P-3200-90-2026-01037,3622074,0,1.10,
P-2403-90-2026-00242,3621382,0,1.10,
P-3200-90-2026-01041,3622191,0,1.10,
P-1488-90-2026-00203,3621735,0,1.10,
P-1488-90-2026-00207,3621981,0,1.10,
P-1200-90-2026-00794,3622152,0,1.10,
P-4200-90-2026-00565,3621913,0,1.10,
P-2604-90-2026-00123,3622120,0,1.10,
P-4006-92-2026-00083,3622098,0,1.10,
P-3205-92-2026-00106,3622101,0,1.10,
P-4200-90-2026-00572,3622142,0,1.10,
P-2403-92-2026-00085,3622286,0,1.10,
P-1452-90-2026-00074,3621483,0,1.10,
P-9068-92-2026-00018,3622332,0,1.10,
P-9022-91-2026-00006,3622371,0,1.10,
P-1200-90-2026-00799,3622212,0,1.10,
P-9061-90-2026-00158,3621836,0,1.10,
P-2000-90-2026-00217,3621202,0,1.10,
P-1488-90-2026-00209,3622166,0,1.10,
P-2400-90-2026-01213,3622149,0,1.10,
P-1474-91-2026-00028,3622285,0,1.70,
P-3800-90-2026-00344,3621046,0,1.10,
P-3205-90-2026-00105,3621603,0,1.10,
P-1477-90-2026-00113,3621100,0,1.10,
P-4000-90-2026-00476,3621764,0,1.10,
P-1488-90-2026-00226,3623675,0,1.10,
P-2403-90-2026-00285,3623798,0,1.10,
P-2400-90-2026-01351,3623839,0,1.10,
P-3400-90-2026-00205,3622928,0,1.70,
P-2400-90-2026-01267,3623056,0,1.70,
P-3200-90-2026-01141,3623847,0,1.10,
P-3200-90-2026-01101,3623183,0,1.10,
P-1488-90-2026-00213,3622563,0,1.10,
P-4202-90-2026-00212,3623035,0,1.10,
P-3200-90-2026-01135,3623841,0,1.10,
P-2408-90-2026-00213,3623792,0,1.10,
P-4202-92-2026-00078,3623068,0,1.10,
P-1200-91-2026-00191,3623010,0,1.10,
P-1200-90-2026-00827,3622923,0,1.10,
P-2000-90-2026-00239,3623538,0,1.10,
P-3800-90-2026-00398,3623648,0,1.10,
P-9086-92-2026-00019,3623543,0,1.10,
P-2214-90-2026-00076,3622793,0,1.10,
P-2200-90-2026-00285,3622600,0,1.10,
P-2400-90-2026-01350,3623787,0,1.10,
P-2202-90-2026-00280,3623317,0,1.10,
P-4200-90-2026-00590,3622706,0,1.10,
P-2403-90-2026-00272,3622650,0,1.10,
P-4200-90-2026-00621,3623580,0,1.10,
P-2408-90-2026-00206,3622913,0,1.10,
P-9067-90-2026-00012,3623611,0,1.10,
P-2408-90-2026-00211,3623720,0,1.10,
P-2202-90-2026-00274,3623062,0,1.10,
P-1000-97-2025-00037,3578625,1,1.10,
P-3200-90-2026-01100,3623169,0,1.10,
P-3200-92-2026-00097,3623506,0,1.10,
P-3211-90-2026-00370,3623713,0,1.10,
P-1200-90-2026-00864,3623520,0,1.10,
P-3603-90-2026-00092,3623318,0,1.10,
P-8072-90-2026-00049,3623607,0,1.10,
P-4400-90-2026-00299,3623618,0,1.10,
P-4203-90-2026-00222,3622877,0,1.10,
P-9070-90-2026-00057,3623828,0,1.10,
P-3200-90-2026-01115,3623468,0,1.10,
P-4200-90-2026-00623,3623615,0,1.10,
P-8035-91-2026-00060,3623251,0,1.10,
P-2400-90-2026-01279,3623231,0,1.10,
P-9071-90-2026-00033,3622878,0,1.10,
P-2405-90-2026-00065,3622529,0,1.10,
P-9082-90-2026-00032,3622459,0,1.10,
P-1492-90-2026-00085,3622771,0,1.10,
P-1411-90-2026-00291,3622820,0,1.10,
P-8069-96-2026-00002,3607030,25,3.30,
P-9076-90-2026-00057,3623150,0,1.10,
P-4203-90-2026-00223,3622912,0,1.10,
P-4400-91-2026-00115,3623048,0,1.70,
P-2400-90-2026-01249,3622694,0,1.10,
P-1492-90-2026-00084,3622597,0,1.10,
P-2408-90-2026-00208,3623085,0,1.10,
P-9061-91-2026-00266,3622473,0,1.10,
P-1492-90-2026-00086,3622827,0,1.10,
P-9086-90-2026-00161,3622807,0,1.10,
P-4006-91-2026-00278,3622962,0,1.70,
P-2403-90-2026-00268,3622575,0,1.10,
P-3211-90-2026-00355,3622768,0,1.10,
P-1200-90-2026-00818,3622806,0,1.10,
P-3800-90-2026-00370,3622522,0,1.10,
P-1477-92-2026-00016,3622858,0,1.10,
P-4200-90-2026-00601,3622966,0,1.10,
P-1452-90-2026-00080,3623017,0,1.10,
P-3200-90-2026-01069,3622509,0,1.10,
P-2400-90-2026-01274,3623142,0,1.10,
P-2407-90-2026-00251,3623156,0,1.10,
P-1200-91-2026-00190,3622942,0,1.10,
P-2301-90-2026-00116,3622805,0,1.10,
P-2600-90-2026-00182,3623177,0,1.10,
P-4203-90-2026-00220,3622822,0,1.10,
P-1200-90-2026-00860,3623462,0,1.10,
P-2600-91-2026-00008,3622475,0,1.10,
P-1477-90-2026-00134,3623833,0,1.10,
P-1200-90-2026-00844,3623243,0,1.10,
P-2000-90-2026-00229,3622770,0,1.10,
P-1200-90-2026-00853,3623397,0,1.10,
P-4200-90-2026-00582,3622614,0,1.10,
P-1400-90-2026-00133,3622460,0,1.10,
P-2400-90-2026-01319,3623623,0,1.10,
P-4000-90-2026-00493,3622501,0,1.10,
P-2400-90-2026-01275,3623145,0,1.10,
P-2403-90-2026-00276,3622861,0,1.10,
P-3200-90-2026-01072,3622596,0,1.10,
P-3400-90-2026-00208,3623015,0,1.10,
P-1488-90-2026-00222,3623448,0,1.10,
P-2400-90-2026-01288,3623311,0,1.10,
P-1200-90-2026-00824,3622886,0,1.10,
P-4200-90-2026-00605,3623138,0,1.10,
P-4200-90-2026-00612,3623343,0,1.10,
P-1411-90-2026-00306,3623399,0,1.10,
P-8069-97-2026-00002,3607020,3,1.10,
P-3200-90-2026-01128,3623743,0,1.10,
P-3200-90-2026-01133,3623837,0,1.10,
P-3800-90-2026-00388,3623219,0,1.10,
P-1411-90-2026-00288,3622574,0,1.10,
P-2400-90-2026-01306,3623558,0,1.10,
P-2400-98-2025-00005,3366233,7,1.10,
P-2400-90-2026-01353,3623852,0,1.10,
P-1411-90-2026-00299,3623281,0,1.10,
P-2400-90-2026-01346,3623793,0,1.10,
P-2301-90-2026-00120,3623007,0,1.10,
P-9075-92-2026-00043,3623876,0,1.10,
P-1200-90-2026-00875,3623670,0,1.10,
P-1411-90-2026-00307,3623430,0,1.10,
P-3200-90-2026-01116,3623505,0,1.10,
P-4202-90-2026-00214,3623203,0,1.10,
P-2400-90-2026-01269,3623078,0,1.10,
P-1200-90-2026-00849,3623328,0,1.10,
P-1452-90-2026-00085,3623999,0,1.10,
P-8000-90-2026-00108,3624084,0,1.70,
P-4203-90-2026-00231,3623908,0,1.10,
P-2409-90-2026-00045,3623984,0,1.10,
P-2604-90-2026-00139,3623924,0,1.10,
P-2408-90-2026-00221,3623998,0,1.10,
P-2408-91-2026-00016,3623967,0,1.10,
P-9077-90-2026-00065,3624130,0,1.10,
P-1477-90-2026-00136,3624027,0,1.10,
P-4203-90-2026-00230,3623904,0,1.10,
P-9076-90-2026-00062,3623870,0,1.10,
P-2409-90-2026-00046,3624015,0,1.10,
P-2202-90-2026-00302,3623937,0,1.70,
P-2202-90-2026-00309,3624051,0,1.10,
P-4200-90-2026-00644,3624154,0,1.10,
P-3211-91-2026-00232,3623891,0,1.10,
P-2202-90-2026-00305,3623980,0,1.10,
P-1411-90-2026-00324,3624078,0,1.10,
P-2202-90-2026-00311,3624066,0,1.70,
P-2400-90-2026-01387,3624268,0,1.10,
P-2202-90-2026-00321,3624243,0,1.10,
P-9061-91-2026-00296,3624295,0,1.10,
P-9068-91-2026-00049,3624148,0,1.10,
P-1411-90-2026-00334,3624229,0,1.10,
P-2202-90-2026-00320,3624224,0,1.10,
P-2214-90-2026-00083,3624278,0,1.10,
P-2400-90-2026-01397,3624411,0,1.10,
P-4200-90-2026-00656,3624419,0,1.10,
P-2604-90-2026-00144,3624299,0,1.10,
P-2202-90-2026-00325,3624347,0,1.10,
P-3800-90-2026-00406,3624515,0,1.10,
P-2400-90-2026-01402,3624457,0,1.10,
P-9075-90-2026-00104,3624502,0,1.10,
P-3211-90-2026-00392,3624301,0,1.10,
P-2202-90-2026-00332,3624482,0,1.10,
P-2202-90-2026-00330,3624439,0,1.10,
P-1200-90-2026-00886,3624468,0,1.10,
P-9086-90-2026-00173,3624290,0,1.10,
P-1492-90-2026-00090,3624451,0,1.10,
P-1411-90-2026-00335,3624334,0,1.10,
P-1411-90-2026-00341,3624455,0,1.10,
P-3800-90-2026-00403,3624430,0,1.10,
P-3205-90-2026-00117,3624289,0,1.10,
P-2400-90-2026-01429,3624641,0,1.10,
P-2202-90-2026-00345,3624767,0,1.10,
P-2408-90-2026-00232,3624731,0,1.10,
P-2604-90-2026-00147,3624708,0,1.10,
P-2403-90-2026-00298,3624567,0,1.10,
P-2408-90-2026-00235,3624894,0,1.10,
P-2400-90-2026-01422,3624570,0,1.10,
P-4202-90-2026-00222,3624837,0,1.70,
P-2400-90-2026-01423,3624585,0,1.10,
P-2400-90-2026-01447,3624884,0,1.10,
P-1488-90-2026-00232,3624906,0,1.10,
P-2400-90-2026-01449,3624919,0,1.10,
P-2400-90-2026-01427,3624640,0,1.10,
P-2403-90-2026-00314,3624867,0,1.10,
P-2408-91-2026-00018,3624568,0,1.10,
P-2400-90-2026-01419,3624561,0,1.10,
P-1411-90-2026-00352,3624595,0,1.10,
P-9061-91-2026-00301,3624899,0,1.10,
P-9075-90-2026-00109,3624664,0,1.10,
P-1411-90-2026-00347,3624559,0,1.10,
P-3211-90-2026-00403,3624549,0,1.10,
P-2408-90-2026-00229,3624530,0,1.10,
P-2403-90-2026-00309,3624770,0,1.10,
P-4006-90-2026-00230,3624796,0,1.10,
P-3800-90-2026-00409,3624797,0,1.10,
P-1411-90-2026-00351,3624580,0,1.10,
P-4203-90-2026-00243,3624818,0,1.10,
P-1411-90-2026-00362,3624912,0,1.10,
P-3205-90-2026-00129,3624771,0,1.10,
P-3211-90-2026-00400,3624516,0,1.10,
P-4200-90-2026-00677,3624807,0,1.10,
P-2403-91-2026-00036,3624637,0,1.70,
P-2408-90-2026-00238,3625097,0,1.10,
P-2408-91-2026-00019,3625194,0,1.10,
P-3800-90-2026-00412,3624947,0,1.10,
P-1411-90-2026-00363,3625029,0,1.10,
P-3200-90-2026-01148,3625300,0,1.10,
P-4000-90-2026-00542,3625248,0,1.10,
P-1200-90-2026-00889,3625013,0,1.10,
P-3200-90-2026-01147,3625048,0,1.10,
P-3800-90-2026-00411,3624965,0,1.10,
P-4000-90-2026-00539,3625076,0,1.10,
P-2400-90-2026-01460,3625073,0,1.10,
P-2200-90-2026-00317,3625078,0,1.10,
P-3211-90-2024-03143,3140710,2,1.10,
P-1200-90-2026-00902,3625277,0,1.10,
P-8000-91-2026-00098,3625353,0,1.10,
P-9082-90-2026-00042,3625015,0,1.10,
P-3400-90-2026-00221,3625055,0,1.70,
P-2301-90-2026-00133,3625330,0,1.10,
P-4200-90-2026-00687,3625338,0,1.10,
P-3600-90-2026-00287,3625374,0,1.70,
P-9061-92-2026-00054,3624948,0,1.10,
P-4203-91-2026-00018,3625409,0,1.10,
P-2202-90-2026-00354,3625004,0,1.10,
P-4400-92-2026-00156,3625054,0,1.10,
P-2408-90-2026-00241,3625456,0,1.10,
P-2600-90-2026-00192,3625531,0,1.10,
P-1411-90-2026-00367,3625406,0,1.10,
P-2408-90-2026-00243,3625563,0,1.10,
P-1411-90-2026-00374,3626009,0,1.10,
P-8000-90-2026-00113,3626520,0,1.70,
P-9022-97-2026-00002,3615529,0,1.10,
P-2400-90-2026-01534,3626300,0,1.10,
P-2202-93-2026-00006,3626400,0,1.10,
P-2200-90-2026-00336,3626207,0,1.10,
P-2403-90-2026-00334,3626318,0,1.10,
P-3603-90-2026-00110,3626010,0,1.10,
P-1200-90-2026-00985,3626989,0,1.10,
P-1200-90-2026-00971,3626817,0,1.10,
P-9061-90-2026-00169,3625936,0,1.10,
P-3800-90-2026-00434,3625767,0,1.10,
P-2400-90-2026-01586,3626928,0,1.10,
P-4203-90-2026-00267,3626411,0,1.10,
P-2403-92-2026-00107,3625996,0,1.10,
P-3200-90-2026-01196,3626615,0,1.10,
P-3600-90-2026-00298,3626071,0,1.70,
P-4000-90-2026-00598,3626771,0,1.10,
P-9093-90-2026-00027,3626139,0,1.10,
P-2301-90-2026-00140,3626016,0,1.10,
P-4203-90-2026-00257,3625551,0,1.10,
P-3800-90-2026-00428,3625510,0,1.10,
P-2408-90-2026-00245,3625667,0,1.10,
P-2405-90-2026-00073,3625805,0,1.10,
P-4202-90-2026-00245,3626027,0,1.10,
P-2200-90-2026-00340,3626325,0,1.10,
P-2000-97-2026-00002,3626094,0,2.20,
P-3200-90-2026-01209,3626728,0,1.10,
P-2400-90-2026-01590,3627000,0,1.10,
P-9086-90-2026-00192,3625832,0,1.10,
P-2408-90-2026-00251,3625910,0,1.10,
P-4203-90-2026-00265,3626197,0,1.10,
P-4000-90-2026-00579,3626204,0,1.10,
P-1488-90-2026-00247,3626929,0,1.10,
P-2400-90-2026-01561,3626608,0,1.10,
P-3200-90-2026-01203,3626656,0,1.10,
P-3603-90-2026-00108,3625645,0,1.10,
P-1477-90-2026-00143,3625836,0,1.10,
P-3200-90-2026-01169,3625967,0,1.10,
P-2202-90-2026-00381,3627195,0,1.10,
P-2400-90-2026-01496,3625600,0,1.10,
P-3200-90-2026-01163,3625672,0,1.10,
P-9061-91-2026-00315,3625698,0,1.10,
P-2400-90-2026-01560,3626603,0,1.10,
P-4400-91-2026-00124,3626548,0,1.70,
P-3205-90-2026-00141,3626297,0,1.10,
P-2400-90-2026-01550,3626488,0,1.10,
P-2409-90-2026-00058,3626265,0,1.10,
P-8000-91-2026-00100,3625928,0,1.10,
P-9075-90-2026-00118,3626646,0,1.10,
P-3200-90-2026-01243,3627159,0,1.10,
P-1400-90-2026-00157,3626742,0,1.70,
P-1488-90-2026-00254,3627199,0,1.70,
P-9061-91-2026-00320,3626341,0,1.10,
P-1411-90-2026-00392,3627130,0,1.10,
P-3600-90-2026-00309,3626650,0,1.70,
P-4000-90-2026-00557,3625738,0,1.10,
P-4200-90-2026-00719,3626285,0,1.10,
P-2214-90-2026-00102,3626571,0,1.70,
P-3211-90-2026-00420,3625938,0,1.10,
P-2405-90-2026-00077,3626415,0,1.10,
P-3200-90-2026-01173,3626130,0,1.10,
P-1200-90-2026-00957,3626475,0,1.10,
P-2400-90-2026-01506,3625739,0,1.10,
P-2400-90-2026-01501,3625719,0,1.10,
P-4200-90-2026-00726,3626466,0,1.10,
P-2400-90-2026-01539,3626363,0,1.10,
P-2202-90-2026-00375,3626883,0,1.10,
P-3400-90-2026-00226,3625677,0,1.10,
P-1488-90-2026-00237,3625817,0,1.10,
P-1477-92-2026-00019,3625341,0,1.10,
P-3800-90-2026-00440,3626082,0,1.10,
P-3600-90-2026-00292,3625711,0,1.70,
P-3200-90-2026-01192,3626553,0,1.10,
P-2400-90-2026-01505,3625734,0,1.10,
P-4400-90-2026-00318,3626011,0,1.10,
P-2403-90-2026-00330,3626150,0,1.10,
P-3400-90-2026-00225,3625526,0,1.70,
P-4000-90-2026-00560,3625891,0,1.10,
P-3200-90-2026-01229,3627012,0,1.10,
P-4005-90-2026-00120,3625907,0,1.10,
P-9075-90-2026-00115,3626055,0,1.10,
P-3200-90-2026-01167,3625859,0,1.10,
P-9082-91-2026-00011,3625708,0,1.10,
P-4200-90-2026-00718,3626247,0,1.10,
P-2600-90-2026-00196,3626054,0,1.10,
P-9076-90-2026-00082,3626521,0,1.10,
P-3200-90-2026-01238,3627099,0,1.10,
P-2407-92-2026-00230,3627081,0,1.10,
P-1200-90-2026-00962,3626614,0,1.10,
P-2202-90-2026-00372,3626633,0,1.10,
P-2600-90-2026-00204,3626599,0,1.10,
P-1200-90-2026-00994,3627066,0,1.10,
P-1477-90-2026-00148,3626791,0,1.10,
P-3200-90-2026-01263,3627262,0,1.10,
P-2400-90-2026-01608,3627271,0,1.10,
P-3200-90-2026-01181,3626323,0,1.10,
P-9097-90-2026-00100,3626681,0,1.10,
P-2000-90-2026-00265,3626846,0,1.10,
P-1200-91-2026-00242,3627034,0,1.10,
P-2202-90-2026-00362,3625810,0,1.10,
P-1200-90-2026-00987,3627013,0,1.10,
P-9076-90-2026-00080,3626189,0,1.10,
P-4005-90-2026-00118,3625801,0,1.10,
P-3200-90-2026-01249,3627212,0,1.10,
P-1000-97-2025-00037,3578625,3,1.10,
P-3205-90-2026-00149,3627172,0,1.10,
P-2202-90-2026-00364,3626153,0,1.10,
P-3600-90-2026-00297,3625978,0,1.70,
P-3600-90-2026-00305,3626545,0,1.70,
P-4400-90-2026-00324,3626914,0,1.10,
P-2605-97-2025-00001,3415861,3,1.10,
P-2405-90-2026-00076,3625968,0,1.10,
P-2400-90-2026-01611,3627294,0,1.10,
P-4200-90-2026-00712,3626131,0,1.10,
P-2400-90-2026-01557,3626590,0,1.10,
P-3211-90-2026-00429,3626259,0,1.10,
P-4200-90-2026-00732,3626600,0,1.10,
P-3200-90-2026-01246,3627190,0,1.10,
P-2400-90-2026-01605,3627266,0,1.10,
P-1474-90-2026-00087,3625229,0,1.10,
P-1200-90-2026-00946,3626168,0,1.10,
P-1452-90-2026-00103,3627043,0,1.10,
P-2400-90-2026-01688,3628581,0,1.10,
P-3200-90-2026-01333,3628937,0,1.10,
P-4200-90-2026-00762,3627537,0,1.10,
P-3205-90-2026-00155,3627851,0,1.10,
P-2403-90-2026-00345,3627940,0,1.10,
P-2202-90-2026-00400,3628854,0,1.10,
P-9077-91-2026-00042,3628693,0,1.10,
P-4400-90-2026-00334,3627611,0,1.10,
P-3200-90-2026-01341,3629023,0,1.10,
P-4005-90-2026-00139,3627756,0,1.10,
P-2000-90-2026-00280,3627905,0,1.10,
P-1200-91-2026-00250,3628120,0,1.10,
P-3600-90-2026-00327,3628364,0,1.70,
P-4400-90-2026-00339,3627924,0,1.10,
P-3205-90-2026-00152,3627609,0,1.10,
P-2400-90-2026-01704,3628758,0,1.10,
P-2604-90-2026-00160,3627881,0,1.10,
P-3603-90-2026-00118,3628199,0,1.10,
P-3200-90-2026-01268,3627389,0,1.10,
P-9061-91-2026-00332,3627301,0,1.10,
P-8072-90-2026-00063,3628011,0,1.10,
P-8067-91-2026-00079,3628546,0,1.10,
P-9061-91-2026-00360,3628700,0,1.10,
P-4200-90-2026-00800,3628333,0,1.10,
P-9076-90-2026-00085,3629024,0,1.10,
P-9082-91-2026-00012,3628003,0,1.10,
P-4200-90-2026-00805,3628478,0,1.10,
P-1492-90-2026-00110,3628500,0,1.10,
P-1200-90-2026-01003,3627424,0,1.10,
P-2000-90-2026-00272,3627361,0,1.10,
P-9077-90-2026-00097,3627740,0,1.10,
P-4400-90-2026-00343,3628231,0,1.10,
P-8004-91-2026-00027,3627926,0,1.70,
P-2400-90-2026-01654,3627912,0,1.10,
P-2202-90-2026-00394,3628050,0,1.10,
P-9075-90-2026-00120,3627563,0,1.10,
P-2408-90-2026-00271,3627535,0,1.10,
P-3200-90-2026-01303,3628326,0,1.10,
P-4202-92-2026-00110,3628469,0,1.10,
P-8035-93-2026-00023,3625986,0,1.10,
P-4000-90-2026-00639,3628813,0,1.10,
P-2400-90-2026-01636,3627639,0,1.10,
P-4200-90-2026-00776,3627786,0,1.10,
P-3205-90-2026-00167,3629046,0,1.10,
P-4203-90-2026-00270,3627819,0,1.10,
P-9091-90-2026-00045,3627696,0,1.10,
P-1200-90-2026-01031,3628122,0,1.10,
P-2400-90-2026-01715,3628901,0,1.10,
P-2403-90-2026-00346,3628058,0,1.10,
P-2600-90-2026-00208,3627394,0,1.10,
P-2400-90-2026-01706,3628768,0,1.10,
P-1488-90-2026-00261,3627659,0,1.10,
P-3211-90-2026-00469,3627942,0,1.10,
P-9061-91-2026-00354,3628072,0,1.10,
P-2403-90-2026-00341,3627567,0,1.10,
P-9071-90-2026-00043,3629061,0,1.10,
P-2408-90-2026-00274,3627602,0,1.10,
P-1400-92-2026-00104,3628255,0,1.10,
P-4200-90-2026-00782,3627903,0,1.70,
P-8000-91-2026-00105,3628010,0,1.10,
P-1488-90-2026-00268,3628511,0,1.10,
P-3211-90-2026-00495,3629003,0,1.10,
P-2000-90-2026-00281,3628036,0,1.10,
P-2400-90-2026-01659,3627987,0,1.10,
P-4400-91-2026-00127,3628056,0,1.70,
P-1200-90-2026-01079,3628852,0,1.10,
P-1200-90-2026-01015,3627676,0,1.10,
P-2200-90-2026-00354,3627382,0,1.10,
P-3200-90-2026-01284,3627626,0,1.10,
P-1411-90-2026-00421,3628945,0,1.10,
P-1488-90-2026-00270,3628654,0,1.10,
P-4203-90-2026-00275,3628416,0,1.10,
P-1411-90-2026-00410,3628024,0,1.10,
P-9077-90-2026-00100,3628986,0,1.10,
P-3200-90-2026-01342,3629036,0,1.10,
P-4400-90-2026-00331,3627412,0,1.10,
P-9097-90-2026-00107,3629051,0,1.10,
P-2408-90-2026-00281,3628069,0,1.10,
P-2000-90-2026-00285,3628362,0,1.10,
P-3200-90-2026-01311,3628448,0,1.10,
P-3800-90-2026-00472,3628291,0,1.10,
P-4203-90-2026-00272,3628229,0,1.10,
P-2000-92-2026-00139,3627487,0,1.10,
P-4400-90-2026-00355,3628791,0,1.10,
P-2403-92-2026-00116,3627825,0,1.10,
P-9071-91-2026-00006,3628477,0,1.10,
P-2400-90-2026-01725,3629072,0,1.10,
P-2200-90-2026-00367,3628167,0,1.10,
P-3211-90-2026-00490,3628871,0,1.10,
P-4203-90-2026-00277,3629022,0,1.10,
P-1488-92-2026-00117,3628430,0,1.10,
P-3200-91-2026-00112,3628649,0,1.10,
P-8000-90-2026-00119,3627704,0,1.70,
P-2407-90-2026-00362,3627649,0,1.10,
P-1200-90-2026-01033,3628145,0,1.10,
P-2200-90-2026-00385,3628858,0,1.10,
P-3200-90-2026-01321,3628744,0,1.10,
P-3211-90-2026-00464,3627793,0,1.10,
P-8050-98-2026-00001,3607858,0,12.10,
P-4200-90-2026-00761,3627493,0,1.10,
P-2000-90-2026-00290,3628753,0,1.10,
P-4000-90-2026-00628,3628373,0,1.10,
P-1411-90-2026-00416,3628419,0,1.10,
P-4400-91-2026-00129,3628348,0,1.70,
P-9070-90-2026-00062,3628989,0,1.10,
P-2214-91-2026-00025,3628405,0,1.10,
P-1200-90-2026-01080,3628855,0,1.10,
P-4000-90-2026-00616,3627770,0,1.10,
P-3205-90-2026-00151,3627590,0,1.10,
P-3600-90-2026-00313,3627564,0,1.70,
P-1400-90-2026-00162,3628065,0,1.10,
P-2400-90-2026-01653,3627871,0,1.10,
P-4000-90-2026-00630,3628396,0,1.10,
P-1200-91-2026-00247,3627625,0,1.10,
P-2000-90-2026-00279,3627829,0,1.10,
P-3600-90-2026-00318,3627860,0,1.70,
P-3211-90-2026-00457,3627633,0,1.10,
P-2202-90-2026-00390,3627868,0,1.70,
P-1200-91-2026-00248,3627718,0,1.10,
P-1200-91-2026-00245,3627589,0,1.10,
P-2400-90-2026-01673,3628289,0,1.10,
P-2200-90-2026-00398,3629855,0,1.10,
P-9061-90-2026-00206,3629262,0,1.10,
P-1200-91-2026-00279,3630386,0,1.10,
P-3800-90-2026-00510,3630100,0,1.10,
P-1488-91-2026-00283,3630340,0,1.10,
P-2400-90-2026-01807,3630602,0,1.10,
P-4000-90-2026-00659,3629800,0,1.10,
P-3603-90-2026-00125,3629457,0,1.10,
P-2200-90-2026-00408,3630349,0,1.10,
P-3211-92-2026-00185,3630042,0,1.10,
P-2408-90-2026-00312,3630727,0,1.10,
P-2000-90-2026-00299,3629371,0,1.10,
P-1488-90-2026-00276,3629756,0,1.10,
P-2403-90-2026-00358,3629404,0,1.10,
P-2403-90-2026-00364,3629860,0,1.10,
P-2000-90-2026-00295,3629120,0,1.10,
P-3205-90-2026-00175,3630202,0,1.10,
P-4000-90-2026-00647,3629474,0,1.10,
P-3200-90-2026-01421,3630713,0,1.10,
P-3800-91-2026-00045,3629208,0,1.10,
P-2200-90-2026-00396,3629775,0,1.10,
P-4000-90-2026-00664,3630085,0,1.10,
P-2403-90-2026-00368,3630191,0,1.10,
P-3200-90-2026-01346,3629109,0,1.10,
P-2000-90-2026-00297,3629189,0,1.10,
P-2408-90-2026-00297,3629445,0,1.10,
P-2400-90-2026-01799,3630514,0,1.10,
P-4006-91-2026-00377,3629341,0,1.10,
P-4000-90-2026-00652,3629654,0,1.10,
P-1411-90-2026-00431,3629229,0,1.10,
P-1200-90-2026-01117,3629838,0,1.10,
P-3800-90-2026-00514,3630321,0,1.10,
P-2200-90-2026-00407,3630330,0,1.10,
P-3600-90-2026-00355,3629901,0,1.70,
P-1200-90-2026-01142,3630347,0,1.10,
P-4200-90-2026-00833,3629580,0,1.10,
P-8000-90-2026-00126,3629228,0,1.10,
P-4006-91-2026-00375,3629005,0,1.10,
P-2000-90-2026-00308,3630312,0,1.10,
P-4200-90-2026-00866,3630395,0,1.10,
P-9061-90-2026-00229,3630229,0,1.10,
P-2400-90-2026-01741,3629271,0,1.10,
P-3400-90-2026-00248,3629535,0,1.10,
P-3600-90-2026-00349,3629676,0,1.70,
P-1200-90-2026-01106,3629466,0,1.10,
P-4200-90-2026-00829,3629396,0,1.10,
P-4006-90-2026-00284,3629260,0,1.10,
P-2200-90-2026-00412,3630459,0,1.10,
P-4200-90-2026-00865,3630380,0,1.10,
P-4005-90-2026-00143,3629175,0,1.10,
P-2400-90-2026-01817,3630831,0,1.10,
P-1400-90-2026-00184,3630428,0,1.10,
P-4006-90-2026-00286,3629568,0,1.10,
P-3200-90-2026-01430,3630819,0,1.10,
P-2407-90-2026-00440,3630698,0,1.10,
P-4000-90-2026-00662,3629909,0,1.10,
P-2400-90-2026-01742,3629304,0,1.10,
P-3900-90-2026-00073,3629839,0,1.10,
P-4200-90-2026-00843,3629808,0,1.10,
P-3200-90-2026-01348,3629123,0,1.10,
P-2200-90-2026-00405,3630228,0,1.10,
P-2400-90-2026-01812,3630689,0,1.10,
P-9097-90-2026-00109,3629319,0,1.10,
P-9061-91-2026-00371,3629314,0,1.10,
P-3800-90-2026-00494,3629505,0,1.10,
P-2000-90-2026-00310,3630601,0,1.10,
P-3600-90-2026-00366,3630239,0,1.70,
P-4400-90-2026-00363,3630002,0,1.10,
P-1200-90-2026-01113,3629753,0,1.10,
P-3600-90-2026-00368,3630272,0,1.70,
P-4400-90-2026-00364,3630092,0,1.10,
P-3200-90-2026-01375,3629934,0,1.10,
P-2400-90-2026-01731,3629204,0,1.70,
P-4202-90-2026-00287,3630120,0,1.10,
P-4202-90-2026-00289,3630733,0,1.10,
P-2400-90-2026-01740,3629299,0,1.10,
P-4203-90-2026-00283,3629376,0,1.10,
P-4202-90-2026-00284,3629833,0,1.10,
P-4000-90-2026-00640,3629147,0,1.10,
P-1200-90-2026-01122,3629956,0,1.10,
P-9097-90-2026-00110,3630426,0,1.10,
P-3200-90-2026-01413,3630521,0,1.10,
P-1400-92-2026-00125,3630766,0,1.10,
P-2400-90-2026-01727,3629108,0,1.10,
P-1400-92-2026-00113,3629784,0,1.10,
P-2403-90-2026-00374,3630735,0,1.10,
P-3800-90-2026-00491,3629334,0,1.10,
P-4400-91-2026-00132,3629330,0,1.10,
P-3800-90-2026-00507,3629874,0,1.10,
P-8000-90-2026-00124,3629172,0,1.70,
P-9075-90-2026-00126,3629520,0,1.10,
P-9068-90-2026-00070,3629521,0,1.10,
P-2200-90-2026-00387,3629133,0,1.10,
P-3200-90-2026-01372,3629655,0,1.10,
P-3900-90-2026-00072,3629701,0,1.70,
P-4400-90-2026-00367,3630558,0,1.10,
P-3800-92-2026-00100,3629678,0,1.10,
P-3200-90-2026-01412,3630501,0,1.10,
P-3211-91-2026-00278,3629867,0,1.10,
P-1411-90-2026-00449,3630725,0,1.10,
P-2400-90-2026-01763,3629896,0,1.10,
P-2200-90-2026-00390,3629182,0,1.10,
P-1200-90-2026-01090,3629114,0,1.10,
P-1400-90-2026-00178,3630096,0,1.70,
P-2400-90-2026-01810,3630668,0,1.10,
P-3200-90-2026-01389,3630140,0,1.10,
P-9077-90-2026-00103,3630156,0,1.10,
P-1200-90-2026-01159,3630612,0,1.10,
P-3211-90-2026-00512,3629986,0,1.10,
P-3200-90-2026-01377,3630025,0,1.10,
P-2408-90-2026-00296,3629434,0,1.10,
P-2400-90-2026-01765,3629916,0,1.10,
P-3200-90-2026-01406,3630485,0,1.10,
P-1400-90-2026-00187,3630806,0,1.10,
P-4005-92-2026-00045,3629915,0,1.10,
P-3205-90-2026-00168,3629097,0,1.10,
P-3200-92-2026-00135,3632680,0,1.10,
P-1488-90-2026-00297,3632766,0,1.10,
P-2400-90-2026-01962,3632750,0,1.10,
P-1200-90-2026-01296,3632913,0,1.10,
P-2400-90-2026-01830,3630963,0,1.10,
P-2000-90-2026-00335,3632125,0,1.10,
P-3200-90-2026-01581,3632789,0,1.10,
P-1400-90-2026-00197,3632763,0,1.10,
P-4200-90-2026-00945,3632067,0,1.10,
P-2400-90-2026-01942,3632572,0,1.10,
P-4200-90-2026-00937,3631886,0,1.10,
P-4200-90-2026-00961,3632270,0,1.10,
P-1488-90-2026-00299,3632870,0,1.10,
P-4000-90-2026-00720,3632279,0,1.10,
P-1200-90-2026-01271,3632586,0,1.10,
P-2200-90-2026-00460,3631923,0,1.10,
P-3200-90-2026-01446,3631039,0,1.10,
P-1200-90-2026-01265,3632529,0,1.10,
P-3200-90-2026-01519,3632087,0,1.10,
P-4200-90-2026-00874,3630863,0,1.10,
P-9086-90-2026-00222,3632774,0,1.10,
P-3600-90-2026-00441,3632688,0,1.70,
P-2202-90-2026-00462,3632620,0,1.10,
P-2400-90-2026-01832,3630998,0,1.70,
P-2202-90-2026-00445,3631269,0,1.10,
P-1200-90-2026-01269,3632565,0,1.10,
P-3200-90-2026-01577,3632738,0,1.10,
P-9076-90-2026-00098,3631140,0,1.10,
P-2400-90-2026-01852,3631292,0,1.10,
P-9077-92-2026-00023,3633048,0,1.10,
P-3800-90-2026-00583,3632402,0,1.10,
P-3600-90-2026-00409,3631638,0,1.70,
P-1488-91-2026-00299,3632576,0,1.70,
P-1200-90-2026-01294,3632905,0,1.10,
P-2600-90-2026-00261,3632703,0,1.10,
P-3400-90-2026-00269,3632138,0,1.70,
P-9075-90-2026-00140,3631996,0,1.10,
P-2408-90-2026-00333,3632316,0,1.10,
P-1200-90-2026-01197,3631524,0,1.10,
P-9061-91-2026-00428,3631679,0,1.10,
P-1411-90-2026-00469,3632106,0,1.10,
P-3200-90-2026-01499,3631838,0,1.10,
P-2400-90-2026-02011,3633049,0,1.10,
P-3603-90-2026-00142,3632717,0,1.70,
P-1411-90-2026-00467,3632042,0,1.10,
P-2400-90-2026-01970,3632815,0,1.10,
P-2400-90-2026-01998,3632988,0,1.10,
P-2400-90-2026-01936,3632503,0,1.10,
P-2400-90-2026-01917,3632237,0,1.10,
P-3400-90-2026-00271,3632617,0,1.70,
P-4200-90-2026-00991,3632936,0,1.10,
P-2400-90-2026-01850,3631197,0,1.10,
P-3200-90-2026-01562,3632460,0,1.10,
P-2000-90-2026-00317,3631166,0,1.10,
P-4006-90-2026-00313,3631766,0,1.10,
P-3800-90-2026-00595,3632771,0,1.10,
P-4203-90-2026-00296,3631101,0,1.10,
P-1452-90-2026-00124,3632850,0,1.10,
P-2214-90-2026-00133,3632053,0,1.10,
P-2408-90-2026-00315,3630910,0,1.10,
P-2600-92-2026-00066,3631730,0,1.10,
P-4000-90-2026-00700,3631504,0,1.10,
P-3200-90-2026-01476,3631513,0,1.10,
P-2407-90-2026-00476,3631570,0,1.10,
P-1200-90-2026-01293,3632882,0,1.10,
P-1411-92-2026-00179,3632236,0,1.10,
P-2000-90-2026-00341,3632335,0,1.10,
P-2400-90-2026-01909,3632117,0,1.10,
P-3900-90-2026-00080,3632190,0,1.10,
P-2409-90-2026-00073,3632006,0,1.10,
P-3600-90-2026-00390,3631139,0,1.70,
P-9068-90-2026-00079,3632637,0,1.10,
P-3200-90-2026-01525,3632156,0,1.10,
P-3200-90-2026-01494,3631786,0,1.10,
P-1200-90-2026-01224,3632025,0,1.10,
P-3600-90-2026-00392,3631195,0,1.70,
P-4000-90-2026-00735,3632568,0,1.10,
P-2400-90-2026-01824,3630912,0,1.10,
P-2400-90-2026-01929,3632412,0,1.10,
P-2407-90-2026-00503,3632829,0,1.10,
P-2400-90-2026-01949,3632645,0,1.10,
P-2403-90-2026-00399,3632880,0,1.10,
P-3600-90-2026-00414,3631748,0,1.70,
P-3200-90-2026-01592,3632916,0,1.10,
P-4000-90-2026-00732,3632546,0,1.10,
P-4200-90-2026-00974,3632553,0,1.10,
P-2200-90-2026-00458,3631822,0,1.10,
P-1411-90-2026-00454,3631364,0,1.10,
P-1200-90-2026-01310,3633064,0,1.10,
P-9082-90-2026-00052,3631447,0,1.10,
P-2400-90-2026-01827,3630918,0,1.10,
P-3400-90-2026-00260,3631153,0,1.70,
P-3603-90-2026-00136,3631499,0,1.10,
P-3600-90-2026-00376,3630905,0,1.70,
P-9086-90-2026-00213,3631276,0,1.10,
P-1492-90-2026-00125,3630942,0,1.10,
P-2400-90-2026-01837,3631063,0,1.10,
P-2000-91-2026-00016,3631106,0,1.10,
P-3205-90-2026-00186,3631036,0,1.10,
P-3200-90-2026-01447,3631092,0,1.10,
P-1400-90-2026-00188,3630857,0,1.70,
P-4005-90-2026-00154,3631357,0,1.10,
P-2214-90-2026-00127,3631481,0,1.10,
P-4006-90-2026-00303,3630896,0,1.10,
P-2202-90-2026-00446,3631295,0,1.10,
P-9075-90-2026-00137,3631436,0,1.10,
P-1200-91-2026-00264,3629251,0,1.10,
P-3200-90-2026-01445,3631027,0,1.10,
P-2200-90-2026-00436,3631251,0,1.10,
P-1200-91-2026-00293,3631479,0,1.10,
P-2407-90-2026-00475,3631444,0,1.10,
P-2200-90-2026-00421,3630925,0,1.10,
P-2000-90-2026-00313,3630935,0,1.10,
P-9061-91-2026-00427,3631416,0,1.10,
P-1400-92-2026-00133,3631514,0,1.10,
P-1400-90-2026-00190,3631419,0,1.70,
P-3211-90-2026-00530,3631492,0,1.10,
P-1200-91-2026-00291,3631451,0,1.10,
P-1411-90-2026-00459,3631518,0,1.10,
P-2301-90-2026-00172,3631721,0,1.10,
P-4400-90-2026-00374,3631164,0,1.70,
P-2301-90-2026-00168,3630986,0,1.10,
P-4200-90-2026-00904,3631286,0,1.10,
P-8035-91-2026-00079,3630737,0,1.10,
P-1000-96-2025-00002,3241332,9,3.30,
P-4200-90-2026-00875,3630865,0,1.10,
P-4400-90-2026-00381,3631636,0,1.10,
P-2200-90-2026-00450,3631646,0,1.10,
P-2400-91-2026-00207,3631407,0,1.10,
P-2200-90-2026-00424,3630994,0,1.10,
P-3901-90-2026-00078,3631600,0,1.10,
P-9078-91-2026-00013,3630610,0,1.70,
P-3800-90-2026-00551,3631598,0,1.10,
P-2400-90-2026-01881,3631678,0,1.10,
P-2214-90-2026-00130,3631717,0,1.10,
P-2403-90-2026-00395,3632010,0,1.10,
P-1200-90-2026-01210,3631762,0,1.10,
P-2600-90-2026-00241,3631510,0,1.10,
P-2400-90-2026-01873,3631602,0,1.10,
P-3200-90-2026-01471,3631453,0,1.10,
P-1411-90-2026-00475,3632393,0,1.10,
P-4200-92-2026-00150,3632484,0,1.10,
P-2400-90-2026-01954,3632686,0,1.10,
P-4400-90-2026-00366,3630252,0,1.10,
P-3600-90-2026-00440,3632639,0,1.70,
P-4005-90-2026-00163,3632768,0,1.10,
P-4006-91-2026-00403,3630736,0,1.10,
P-1411-90-2026-00453,3631324,0,1.10,
P-1200-91-2026-00284,3630953,0,1.10,
P-3800-90-2026-00531,3631118,0,1.10,
P-1200-90-2026-01192,3631424,0,1.10,
P-2604-90-2026-00189,3631048,0,1.10,
P-1200-90-2026-01255,3632428,0,1.10,
P-2400-90-2026-01977,3632840,0,1.10,
P-2409-90-2026-00075,3633037,0,1.10,
P-4203-90-2026-00313,3632354,0,1.10,
P-4400-90-2026-00384,3631912,0,1.10,
P-2407-90-2026-00501,3632296,0,1.10,
P-1200-91-2026-00301,3632692,0,1.10,
P-2600-90-2026-00256,3632590,0,1.10,
P-4200-90-2026-00981,3632709,0,1.70,
P-2400-90-2026-01946,3632605,0,1.10,
P-1452-90-2026-00119,3631831,0,1.10,
P-4200-90-2026-00995,3632980,0,1.10,
P-2400-90-2026-01999,3632998,0,1.10,
P-1200-90-2026-01239,3632241,0,1.10,
P-1400-90-2026-00192,3631601,0,1.10,
P-1200-90-2026-01260,3632479,0,1.10,
P-2400-90-2026-01939,3632533,0,1.10,
P-3200-90-2026-01586,3632896,0,1.10,
P-4203-90-2026-00295,3631047,0,1.10,
P-4200-90-2026-00922,3631590,0,1.10,
P-3200-90-2026-01498,3631815,0,1.10,
P-3200-90-2026-01500,3631855,0,1.10,
P-3800-90-2026-00570,3632083,0,1.10,
P-3400-90-2026-00256,3631023,0,1.70,
P-3200-90-2026-01598,3632982,0,1.10,
P-2202-90-2026-00472,3633001,0,1.10,
P-3800-90-2026-00537,3631238,0,1.10,
P-4000-90-2026-00715,3632161,0,1.10,
P-1200-90-2026-01244,3632330,0,1.10,
P-2400-90-2026-01921,3632337,0,1.10,
P-2400-90-2026-01877,3631641,0,1.10,
P-3600-90-2026-00418,3631881,0,1.70,
P-1200-90-2026-01254,3632441,0,1.10,
P-3200-90-2026-01521,3632118,0,1.10,
P-3603-90-2026-00143,3632782,0,1.10,
P-2400-90-2026-01930,3632422,0,1.10,
P-4006-90-2026-00308,3631366,0,1.10,
P-4200-90-2026-00986,3632814,0,1.10,
P-2400-90-2026-01871,3631568,0,1.10,
P-1411-90-2026-00480,3633052,0,1.10,
P-2400-90-2026-02020,3633099,0,1.10,
P-3211-90-2026-00549,3633176,0,1.10,
P-8072-90-2026-00073,3633327,0,1.10,
P-4200-90-2026-01004,3633175,0,1.10,
P-4200-90-2026-01014,3633270,0,1.10,
P-2400-90-2026-02054,3633279,0,1.10,
P-3603-90-2026-00146,3633237,0,1.10,
P-8072-90-2026-00072,3633282,0,1.10,
P-1200-90-2026-01326,3633168,0,1.10,
P-2400-90-2026-02060,3633373,0,1.10,
P-3901-90-2026-00083,3633110,0,1.10,
P-2400-90-2026-02033,3633112,0,1.10,
P-2202-90-2026-00483,3633319,0,1.10,
P-2400-90-2026-02029,3633111,0,1.10,
P-2400-90-2026-02064,3633398,0,1.10,
P-4203-90-2026-00322,3633759,0,1.10,
P-1477-90-2026-00179,3633719,0,1.10,
P-3211-90-2026-00553,3633437,0,1.10,
P-1411-90-2026-00484,3633401,0,1.10,
P-1411-90-2026-00486,3633425,0,1.10,
P-2202-90-2026-00490,3633481,0,1.10,
P-2408-90-2026-00349,3633534,0,1.10,
P-1488-90-2026-00310,3633905,0,1.10,
P-9075-90-2026-00152,3633752,0,1.10,
P-1400-90-2026-00203,3633580,0,1.70,
P-2403-90-2026-00415,3633467,0,1.10,
P-1411-90-2026-00487,3633427,0,1.10,
P-9086-90-2026-00227,3633602,0,1.10,
P-2408-90-2026-00343,3633380,0,1.10,
P-1488-90-2026-00306,3633637,0,1.10,
P-2408-90-2026-00356,3633746,0,1.10,
P-9082-90-2026-00064,3633633,0,1.10,
P-2405-90-2026-00104,3633704,0,1.10,
P-2400-90-2026-02089,3633673,0,1.10,
P-1488-90-2026-00308,3633642,0,1.10,
P-4200-90-2026-01051,3633705,0,1.10,
P-2400-90-2026-02074,3633546,0,1.10,
P-3603-90-2026-00148,3633826,0,1.10,
P-2408-90-2026-00352,3633690,0,1.10,
P-2400-90-2026-02110,3633901,0,1.10,
P-3211-90-2026-00561,3633836,0,1.10,
P-4200-90-2026-01034,3633540,0,1.10,
P-9093-90-2026-00037,3633730,0,1.10,
P-2400-90-2026-02109,3633900,0,1.10,
P-2400-90-2026-02075,3633555,0,1.10,
P-2400-90-2026-02096,3633670,0,1.10,
P-2202-90-2026-00491,3633497,0,1.10,
P-1200-90-2026-01339,3634068,0,1.10,
P-1400-91-2026-00023,3635051,0,1.70,
P-4000-90-2026-00840,3636159,0,1.10,
P-1488-91-2026-00333,3636488,0,1.10,
P-9070-90-2026-00068,3634388,0,1.10,
P-3800-90-2026-00668,3635560,0,1.10,
P-3800-90-2026-00616,3634148,0,1.10,
P-3901-90-2026-00091,3634950,0,1.10,
P-2000-90-2026-00400,3636147,0,1.10,
P-2600-90-2026-00266,3634279,0,1.10,
P-2400-90-2026-02264,3636030,0,1.10,
P-1411-90-2026-00515,3635217,0,1.10,
P-3800-90-2026-00614,3634122,0,1.10,
P-9061-90-2026-00260,3633964,0,1.10,
P-3800-90-2026-00671,3635612,0,1.10,
P-2408-90-2026-00381,3635229,0,1.10,
P-3200-90-2026-01720,3635738,0,1.10,
P-1200-90-2026-01426,3635896,0,1.10,
P-3800-90-2026-00653,3635120,0,1.10,
P-2604-90-2026-00219,3634264,0,1.10,
P-3200-90-2026-01738,3635908,0,1.10,
P-4000-90-2026-00815,3635807,0,1.10,
P-2400-90-2026-02240,3635769,0,1.10,
P-3901-90-2026-00094,3636247,0,1.10,
P-1488-92-2026-00148,3636407,0,1.10,
P-3200-90-2026-01789,3636357,0,1.10,
P-1492-90-2026-00147,3635326,0,1.10,
P-2408-90-2026-00393,3636301,0,1.10,
P-2405-90-2026-00106,3634253,0,1.10,
P-9077-90-2026-00128,3634875,0,1.10,
P-1488-91-2026-00322,3635491,0,1.10,
P-1453-90-2026-00043,3636199,0,1.10,
P-4200-90-2026-01126,3635447,0,1.10,
P-3800-90-2026-00689,3636127,0,1.10,
P-2400-90-2026-02159,3634493,0,1.10,
P-4000-90-2026-00771,3634892,0,1.10,
P-2400-90-2026-02193,3635112,0,1.10,
P-9102-90-2026-00034,3634433,0,1.10,
P-9061-91-2026-00446,3633961,0,1.10,
P-9061-91-2026-00457,3634013,0,1.10,
P-4000-90-2026-00786,3635298,0,1.10,
P-2000-90-2026-00386,3635551,0,1.10,
P-4005-90-2026-00182,3636475,0,1.10,
P-2400-90-2026-02212,3635286,0,1.10,
P-2405-90-2026-00137,3635081,0,1.10,
P-2202-90-2026-00515,3633985,0,1.70,
P-4200-90-2026-01141,3635900,0,1.10,
P-1488-90-2026-00334,3635955,0,1.10,
P-2000-90-2026-00393,3635980,0,1.10,
P-3800-90-2026-00676,3635684,0,1.10,
P-3205-90-2026-00217,3635629,0,1.10,
P-9061-90-2026-00283,3636040,0,1.10,
P-9097-90-2026-00129,3635577,0,1.10,
P-1200-90-2026-01457,3636209,0,1.10,
P-3200-90-2026-01792,3636413,0,1.10,
P-3200-90-2026-01655,3634961,0,1.10,
P-1200-90-2026-01435,3635984,0,1.10,
P-1200-90-2026-01377,3635376,0,1.10,
P-2000-90-2026-00385,3635513,0,1.10,
P-3200-90-2026-01726,3635853,0,1.10,
P-3205-90-2026-00202,3634293,0,1.10,
P-9070-90-2026-00070,3635630,0,1.10,
P-3400-90-2026-00285,3634920,0,1.70,
P-3800-90-2026-00648,3634979,0,1.10,
P-2407-90-2026-00578,3635549,0,1.10,
P-2403-90-2026-00435,3634454,0,1.10,
P-2000-90-2026-00399,3636125,0,1.10,
P-3900-90-2026-00081,3634109,0,1.10,
P-3211-90-2026-00597,3636379,0,1.10,
P-4005-90-2026-00171,3634767,0,1.10,
P-2200-91-2026-00021,3635172,0,1.10,
P-4000-90-2026-00785,3635210,0,1.10,
P-3211-90-2026-00582,3635353,0,1.10,
P-1200-90-2026-01429,3635953,0,1.10,
P-1411-90-2026-00504,3634268,0,1.10,
P-4203-90-2026-00342,3635246,0,1.10,
P-2400-90-2026-02282,3636261,0,1.10,
P-3200-90-2026-01704,3635468,0,1.10,
P-2403-90-2026-00436,3634521,0,1.10,
P-1200-90-2026-01440,3636003,0,1.10,
P-4000-90-2026-00765,3634596,0,1.10,
P-2400-90-2026-02299,3636527,0,1.10,
P-1400-90-2026-00215,3635567,0,1.70,
P-1453-92-2026-00013,3635607,0,1.10,
P-2408-90-2026-00371,3634671,0,1.10,
P-9086-90-2026-00242,3636474,0,1.10,
P-2403-90-2026-00457,3635635,0,1.10,
P-1411-91-2026-00063,3634869,0,1.10,
P-2200-90-2026-00502,3634705,0,1.10,
P-3400-90-2026-00272,3634175,0,1.70,
P-4000-90-2026-00814,3635803,0,1.10,
P-1200-90-2026-01472,3636525,0,1.10,
P-1411-90-2026-00537,3636448,0,1.10,
P-8000-90-2026-00152,3635795,0,1.70,
P-1477-90-2026-00187,3635091,0,1.10,
P-4400-91-2026-00148,3635331,0,1.70,
P-2403-90-2026-00452,3635435,0,1.10,
P-4200-90-2026-01078,3634404,0,1.10,
P-1488-92-2026-00143,3635378,0,1.10,
P-3400-90-2026-00283,3634862,0,1.70,
P-3205-90-2026-00209,3634742,0,1.10,
P-3200-90-2026-01633,3634556,0,1.10,
P-2408-90-2026-00368,3634205,0,1.10,
P-1492-92-2026-00154,3636393,0,1.10,
P-3200-90-2026-01702,3635448,0,1.10,
P-9076-90-2026-00103,3633429,0,1.10,
P-1488-90-2026-00337,3636387,0,1.70,
P-2000-91-2026-00017,3633983,0,1.70,
P-1400-90-2026-00205,3633939,0,1.70,
P-4200-91-2026-00056,3635380,0,1.10,
P-2400-90-2026-02290,3636452,0,1.10,
P-3200-90-2026-01640,3634655,0,1.10,
P-1452-90-2026-00133,3634170,0,1.10,
P-9093-91-2026-00029,3633644,0,1.10,
P-2000-90-2026-00382,3635277,0,1.10,
P-2301-90-2026-00197,3635496,0,1.10,
P-4200-90-2026-01097,3634734,0,1.10,
P-2400-90-2026-02191,3635080,0,1.10,
P-1477-90-2026-00195,3636281,0,1.10,
P-1200-90-2026-01392,3635623,0,1.10,
P-2400-90-2026-02275,3636187,0,1.10,
P-9061-91-2026-00475,3634819,0,1.10,
P-3800-90-2026-00694,3636228,0,1.10,
P-1200-90-2026-01346,3634487,0,1.10,
P-4200-90-2026-01110,3634910,0,1.70,
P-4400-92-2026-00195,3634147,0,1.10,
P-2407-90-2026-00584,3636337,0,1.10,
P-1200-90-2026-01401,3635717,0,1.10,
P-1200-90-2026-01465,3636517,0,1.10,
P-2408-90-2026-00391,3636268,0,1.10,
P-3205-90-2026-00211,3634864,0,1.10,
P-9091-90-2026-00062,3635191,0,1.10,
P-3211-92-2026-00219,3636296,0,1.10,
P-2400-93-2026-00028,3635869,0,1.10,
P-3600-90-2026-00483,3635362,0,1.70,
P-2407-90-2026-00582,3636335,0,1.10,
P-1200-90-2026-01412,3635817,0,1.10,
P-1452-90-2026-00130,3633948,0,1.10,
P-3200-90-2026-01744,3635982,0,1.10,
P-2400-90-2026-02216,3635369,0,1.10,
P-3800-90-2026-00625,3634478,0,1.10,
P-4000-90-2026-00838,3636146,0,1.10,
P-3600-90-2026-00452,3634289,0,1.70,
P-3800-90-2026-00638,3634775,0,1.10,
P-4203-90-2026-00345,3635374,0,1.10,
P-3900-90-2026-00086,3635152,0,1.10,
P-9061-90-2026-00274,3634078,0,1.10,
P-2400-90-2026-02139,3634102,0,1.10,
P-2403-90-2026-00456,3635588,0,1.10,
P-3800-90-2026-00685,3635989,0,1.10,
P-9086-90-2026-00241,3636473,0,1.10,
P-3200-90-2026-01705,3635490,0,1.10,
P-3200-90-2026-01754,3636050,0,1.10,
P-4000-90-2026-00755,3634146,0,1.10,
P-3800-90-2026-00626,3634467,0,1.10,
P-2400-90-2026-02188,3635007,0,1.10,
P-4202-90-2026-00309,3635370,0,1.70,
P-2202-90-2026-00548,3636518,0,1.10,
P-2400-90-2026-02244,3635823,0,1.10,
P-1200-91-2026-00320,3635154,0,1.10,
P-9061-90-2026-00277,3634933,0,1.10,
P-3600-90-2026-00480,3635313,0,1.70,
P-2400-90-2026-02295,3636523,0,1.10,
P-3800-90-2026-00624,3634412,0,1.10,
P-8000-90-2026-00146,3634963,0,1.70,
P-1488-90-2026-00319,3635097,0,1.70,
P-1200-90-2026-01373,3635269,0,1.10,
P-1200-90-2026-01365,3634997,0,1.10,
P-2400-90-2026-02251,3635902,0,1.10,
P-9086-91-2026-00068,3634056,0,1.10,
P-3200-90-2026-01653,3634935,0,1.10,
P-4000-90-2026-00823,3635993,0,1.10,
P-1200-90-2026-01367,3635096,0,1.10,
P-1200-90-2026-01394,3635640,0,1.10,
P-2407-90-2026-00581,3636295,0,1.10,
P-3205-92-2026-00170,3636200,0,1.10,
P-2200-90-2026-00529,3635487,0,1.10,
P-2400-90-2026-02140,3634120,0,1.10,
P-2600-90-2026-00272,3634629,0,1.10,
P-8000-90-2026-00153,3636056,0,1.70,
P-1400-90-2026-00206,3633940,0,1.70,
P-2200-90-2026-00490,3634217,0,1.10,
P-2400-90-2026-02136,3634097,0,1.10,
P-3200-90-2026-01694,3635289,0,1.10,
P-2200-90-2026-00489,3634139,0,1.10,
P-1477-90-2026-00196,3636340,0,1.10,
P-4400-90-2026-00432,3635512,0,1.10,
P-2301-90-2026-00196,3635476,0,1.10,
P-2202-90-2026-00545,3636348,0,1.10,
P-4200-90-2026-01139,3635837,0,1.10,
P-8000-91-2026-00119,3634546,0,1.70,
P-3900-90-2026-00085,3634679,0,1.10,
P-3800-90-2026-00641,3634870,0,1.10,
P-1200-90-2026-01362,3634947,0,1.10,
P-1200-90-2026-01349,3634665,0,1.10,
P-2000-90-2026-00359,3634134,0,1.10,
P-3200-90-2026-01641,3634700,0,1.10,
P-9097-90-2026-00125,3634224,0,1.10,
P-4006-91-2026-00449,3634797,0,1.10,
P-4000-90-2026-00780,3635090,0,1.10,
P-2604-90-2026-00233,3635733,0,1.10,
P-2600-90-2026-00267,3634309,0,1.10,
P-2408-90-2026-00390,3636235,0,1.10,
P-4200-90-2026-01070,3634258,0,1.10,
P-2400-90-2026-02303,3636537,0,1.10,
P-1200-90-2026-01498,3636972,0,1.10,
P-3600-90-2026-00509,3636649,0,1.70,
P-4203-90-2026-00364,3637022,0,1.10,
P-1453-90-2026-00045,3637267,0,1.10,
P-9086-90-2026-00252,3637399,0,1.10,
P-1488-90-2026-00341,3637119,0,1.10,
P-4000-90-2026-00876,3637240,0,1.10,
P-8000-91-2026-00124,3637362,0,1.70,
P-2409-90-2026-00084,3637023,0,1.10,
P-4200-90-2026-01185,3637251,0,1.10,
P-4203-92-2026-00079,3637433,0,1.10,
P-1200-90-2026-01512,3637344,0,1.10,
P-1200-90-2026-01525,3637585,0,1.10,
P-1492-91-2026-00083,3637564,0,1.10,
P-1200-90-2026-01484,3636732,0,1.10,
P-2000-90-2026-00414,3637135,0,1.10,
P-2000-90-2026-00410,3636790,0,1.10,
P-4400-90-2026-00455,3637657,0,1.10,
P-3800-90-2026-00699,3636590,0,1.10,
P-4200-90-2026-01169,3636844,0,1.10,
P-1200-90-2026-01485,3636736,0,1.10,
P-2400-90-2026-02315,3636676,0,1.10,
P-3200-90-2026-01839,3637635,0,1.10,
P-3200-90-2026-01846,3637727,0,1.10,
P-4203-90-2026-00366,3637131,0,1.10,
P-2604-90-2026-00242,3636798,0,1.10,
P-2408-90-2026-00405,3636945,0,1.10,
P-9086-91-2026-00083,3637072,0,1.10,
P-2214-90-2026-00150,3637225,0,1.10,
P-2200-90-2026-00553,3637200,0,1.10,
P-4006-91-2026-00471,3636515,0,1.70,
P-1400-90-2026-00226,3636960,0,1.70,
P-2407-90-2026-00614,3637065,0,1.10,
P-4000-90-2026-00862,3636917,0,1.10,
P-2301-90-2026-00205,3637307,0,1.10,
P-9075-90-2026-00167,3637323,0,1.10,
P-3211-91-2026-00322,3636908,0,1.10,
P-8000-90-2026-00159,3637198,0,1.10,
P-4400-90-2026-00447,3636673,0,1.10,
P-4000-90-2026-00879,3637386,0,1.10,
P-1400-90-2026-00225,3636531,0,1.70,
P-3600-90-2026-00507,3636606,0,1.70,
P-3800-90-2026-00730,3637480,0,1.10,
P-3800-90-2026-00728,3637369,0,1.10,
P-1200-91-2026-00340,3637476,0,1.10,
P-4200-90-2026-01199,3637450,0,1.10,
P-2403-92-2026-00152,3637478,0,1.10,
P-2400-90-2026-02348,3637244,0,1.10,
P-2400-90-2026-02365,3637403,0,1.10,
P-4200-90-2026-01159,3636690,0,1.10,
P-2400-90-2026-02373,3637496,0,1.10,
P-1200-90-2026-01479,3636622,0,1.10,
P-4200-90-2026-01193,3637376,0,1.10,
P-4000-90-2026-00863,3636962,0,1.10,
P-4000-90-2026-00851,3636628,0,1.10,
P-1492-90-2026-00152,3636630,0,1.10,
P-2400-90-2026-02350,3637259,0,1.10,
P-3603-90-2026-00159,3636639,0,1.10,
P-2200-90-2026-00544,3636905,0,1.10,
P-2408-90-2026-00407,3637102,0,1.10,
P-4200-90-2026-01160,3636738,0,1.10,
P-9061-91-2026-00492,3636541,0,1.10,
P-2200-90-2026-00539,3636687,0,1.10,
P-2400-90-2026-02330,3636926,0,1.10,
P-3600-90-2026-00522,3637044,0,1.70,
P-4202-90-2026-00319,3637061,0,1.10,
P-2200-90-2026-00555,3637250,0,1.10,
P-1200-90-2026-01499,3636990,0,1.10,
P-4400-90-2026-00459,3637728,0,1.10,
P-4200-90-2026-01224,3638182,0,1.10,
P-4000-90-2026-00861,3636895,0,1.10,
P-2604-90-2026-00250,3638098,0,1.10,
P-2400-90-2026-02328,3636852,0,1.10,
P-2400-90-2026-02379,3637563,0,1.10,
P-9061-91-2026-00544,3637913,0,1.10,
P-3400-90-2026-00312,3637828,0,1.70,
P-3200-90-2026-01855,3637854,0,1.10,
P-1200-90-2026-01510,3637337,0,1.10,
P-4200-90-2026-01179,3637157,0,1.10,
P-3600-90-2026-00528,3637419,0,1.70,
P-3600-90-2026-00535,3637663,0,1.70,
P-1400-90-2026-00228,3637669,0,1.70,
P-3200-90-2026-01859,3637893,0,1.10,
P-4000-90-2026-00900,3638019,0,1.10,
P-1200-90-2026-01536,3637744,0,1.10,
P-9061-90-2026-00288,3636772,0,1.10,
P-9075-91-2026-00052,3637631,0,1.10,
P-1400-92-2026-00180,3638005,0,1.70,
P-8000-90-2026-00161,3637358,0,1.70,
P-1200-90-2026-01555,3638066,0,1.10,
P-4000-90-2026-00899,3638006,0,1.10,
P-4200-90-2026-01223,3638171,0,1.10,
P-8072-90-2026-00078,3637243,0,1.10,
P-4006-90-2026-00410,3637710,0,1.10,
P-1474-90-2026-00126,3637468,0,1.10,
P-2400-90-2026-02449,3638415,0,1.70,
P-1200-91-2026-00353,3638561,0,1.10,
P-2400-90-2026-02442,3638284,0,1.10,
P-1477-90-2026-00206,3638270,0,1.10,
P-2400-90-2026-02382,3637629,0,1.10,
P-2400-90-2026-02418,3638029,0,1.10,
P-2400-90-2026-02432,3638153,0,1.10,
P-1474-92-2026-00041,3637434,0,1.10,
P-8035-91-2026-00098,3638359,0,1.10,
P-9076-90-2026-00128,3638266,0,1.10,
P-2301-90-2026-00211,3638437,0,1.10,
P-9077-90-2026-00142,3638629,0,1.10,
P-1200-90-2026-01590,3638389,0,1.10,
P-2200-90-2026-00568,3637957,0,1.10,
P-4200-91-2026-00064,3638162,0,1.10,
P-3900-90-2026-00091,3637372,0,1.10,
P-4000-90-2026-00906,3638099,0,1.10,
P-1411-90-2026-00561,3638430,0,1.10,
P-2400-90-2026-02428,3638089,0,1.10,
P-4000-90-2026-00913,3638363,0,1.10,
P-3800-90-2026-00753,3638329,0,1.10,
P-3200-90-2026-01886,3638200,0,1.10,
P-2400-90-2026-02414,3638033,0,1.10,
P-9061-91-2026-00498,3636665,0,1.10,
P-2400-90-2026-02385,3637650,0,1.10,
P-9061-90-2026-00314,3638346,0,1.10,
P-9075-91-2026-00053,3638366,0,1.10,
P-9070-90-2026-00074,3638615,0,1.10,
P-1411-90-2026-00556,3638316,0,1.10,
P-4200-90-2026-01211,3637766,0,1.10,
P-1200-90-2026-01547,3637993,0,1.10,
P-4006-90-2026-00407,3637582,0,1.10,
P-3200-90-2026-01873,3637958,0,1.10,
P-3603-90-2026-00166,3637748,0,1.10,
P-3800-90-2026-00736,3637791,0,1.10,
P-2400-90-2026-02458,3638616,0,1.10,
P-1400-90-2026-00236,3638604,0,1.10,
P-2400-90-2026-02395,3637771,0,1.10,
P-1200-90-2026-01597,3638550,0,1.10,
P-1400-92-2026-00178,3637982,0,1.70,
P-8035-91-2026-00100,3638501,0,1.10,
P-3800-90-2026-00746,3638147,0,1.10,
P-1200-90-2026-01554,3638062,0,1.10,
P-3200-90-2026-01902,3638424,0,1.10,
P-3211-92-2026-00228,3638475,0,1.10,
P-2400-90-2026-02465,3638645,0,1.10,
P-3200-90-2026-01927,3638571,0,1.10,
P-1200-90-2026-01572,3638271,0,1.10,
P-9068-90-2026-00098,3638463,0,1.10,
P-3200-90-2026-01853,3637825,0,1.10,
P-9086-90-2026-00258,3638534,0,1.10,
P-4200-90-2026-01204,3637613,0,1.10,
P-3800-90-2026-00751,3638225,0,1.10,
P-4200-90-2026-01248,3638719,0,1.10,
P-9076-90-2026-00133,3638739,0,1.10,
P-2403-90-2026-00501,3638936,0,1.10,
P-3211-90-2026-00638,3639019,0,1.10,
P-1411-90-2026-00570,3639282,0,1.10,
P-8000-90-2026-00181,3639707,0,1.70,
P-3600-90-2026-00541,3638772,0,1.70,
P-4203-90-2026-00385,3638879,0,1.10,
P-2408-90-2026-00429,3639088,0,1.10,
P-9068-90-2026-00111,3640291,0,1.10,
P-2400-90-2026-02537,3639859,0,1.10,
P-1200-90-2026-01702,3640311,0,1.10,
P-2409-90-2026-00091,3639133,0,1.10,
P-1411-91-2026-00075,3640222,0,1.10,
P-2400-90-2026-02481,3638941,0,1.10,
P-3211-90-2026-00631,3638676,0,1.10,
P-2200-90-2026-00596,3639710,0,1.10,
P-8067-91-2026-00101,3639558,0,1.10,
P-4200-90-2026-01320,3640354,0,1.10,
P-1200-90-2026-01697,3640136,0,1.10,
P-9068-90-2026-00101,3639434,0,1.10,
P-3200-90-2026-01974,3639483,0,1.10,
P-1411-90-2026-00577,3639717,0,1.10,
P-1400-90-2026-00243,3639385,0,1.10,
P-1200-90-2026-01689,3640043,0,1.10,
P-4006-90-2026-00433,3640209,0,1.10,
P-9082-90-2026-00078,3640328,0,1.10,
P-8050-98-2026-00001,3607858,1,1.10,
P-1200-90-2026-01672,3639918,0,1.10,
P-4006-90-2026-00426,3639729,0,1.10,
P-4200-90-2026-01247,3638701,0,1.10,
P-1488-90-2026-00353,3638653,0,1.10,
P-3200-90-2026-01941,3638871,0,1.10,
P-3200-90-2026-02011,3640108,0,1.10,
P-4200-90-2026-01271,3639328,0,1.10,
P-3211-92-2026-00230,3638748,0,1.10,
P-9082-90-2026-00073,3638846,0,1.10,
P-9076-90-2026-00134,3638830,0,1.10,
P-3200-90-2026-01942,3638900,0,1.10,
P-2600-90-2026-00309,3638863,0,1.10,
P-3205-90-2026-00246,3638831,0,1.10,
P-9091-90-2026-00084,3639322,0,1.70,
P-3200-90-2026-01952,3639157,0,1.10,
P-3200-90-2026-01946,3638982,0,1.10,
P-3200-90-2026-01983,3639715,0,1.10,
P-3600-90-2026-00551,3639237,0,1.70,
P-1200-90-2026-01654,3639659,0,1.10,
P-2202-92-2026-00421,3639109,0,1.70,
P-4200-90-2026-01272,3639364,0,1.70,
P-1200-90-2026-01622,3639026,0,1.10,
P-1488-91-2026-00350,3639600,0,1.10,
P-1200-91-2026-00359,3638935,0,1.10,
P-4005-90-2026-00189,3638928,0,1.10,
P-9061-91-2026-00571,3639500,0,1.10,
P-4006-90-2026-00434,3640342,0,1.10,
P-9022-90-2026-00024,3639597,0,1.10,
P-3200-90-2026-01959,3639219,0,1.10,
P-1200-90-2026-01648,3639564,0,1.10,
P-2200-90-2026-00589,3639370,0,1.10,
P-4005-90-2026-00191,3639045,0,1.10,
P-3211-90-2026-00639,3639046,0,1.10,
P-4006-90-2026-00429,3639971,0,1.10,
P-3200-90-2026-01957,3639197,0,1.10,
P-2400-90-2026-02554,3640316,0,1.10,
P-1452-90-2026-00154,3639199,0,1.10,
P-1200-91-2026-00367,3639517,0,1.10,
P-8000-91-2026-00132,3639341,0,1.10,
P-2200-90-2026-00597,3639761,0,1.10,
P-8000-90-2026-00182,3639798,0,1.70,
P-2408-92-2026-00175,3638842,0,1.10,
P-3200-90-2026-01967,3639325,0,1.10,
P-3211-92-2026-00235,3639879,0,1.10,
P-2200-90-2026-00595,3639671,0,1.10,
P-3603-90-2026-00181,3640265,0,1.10,
P-3200-90-2026-01996,3639942,0,1.10,
P-4203-90-2026-00394,3639360,0,1.10,
P-2400-90-2026-02519,3639529,0,1.10,
P-4202-90-2026-00347,3639490,0,1.70,
P-8000-91-2026-00129,3638149,0,1.70,
P-1452-90-2026-00155,3639317,0,1.10,
P-9075-90-2026-00175,3639902,0,1.10,
P-2202-90-2026-00601,3640268,0,1.10,
P-3603-90-2026-00179,3639537,0,1.10,
P-2403-90-2026-00519,3640255,0,1.10,
P-9076-90-2026-00143,3640294,0,1.10,
P-1200-92-2026-00169,3639093,0,1.10,
P-3211-90-2026-00633,3638819,0,1.10,
P-8035-90-2026-00078,3639222,0,1.10,
P-1400-92-2026-00183,3639127,0,1.10,
P-1200-90-2026-01607,3638737,0,1.10,
P-2400-90-2026-02508,3639352,0,1.10,
P-8067-91-2026-00100,3639452,0,1.10,
P-1477-90-2026-00214,3639711,0,1.10,
P-2403-90-2026-00512,3639425,0,1.10,
P-1200-90-2026-01668,3639885,0,1.10,
P-4005-90-2026-00197,3640028,0,1.10,
P-4200-90-2026-01319,3640309,0,1.10,
P-2202-90-2026-00599,3640244,0,1.10,
P-2214-90-2026-00176,3639543,0,1.10,
P-9061-91-2026-00561,3638736,0,1.10,
P-2600-90-2026-00310,3638942,0,1.10,
P-4200-90-2026-01281,3639492,0,1.70,
P-3200-90-2026-01987,3639835,0,1.10,
P-3211-91-2026-00350,3638774,0,1.10,
P-2301-90-2026-00217,3639098,0,1.10,
P-3800-90-2026-00800,3640015,0,1.10,
P-4006-90-2026-00422,3639444,0,1.10,
P-9086-90-2026-00263,3639963,0,1.10,
P-9078-91-2026-00020,3638590,0,1.70,
P-9061-91-2026-00563,3638811,0,1.10,
P-4200-90-2026-01273,3639371,0,1.10,
P-1411-90-2026-00568,3639096,0,1.10,
P-3200-90-2026-01934,3638753,0,1.10,
P-4200-90-2026-01270,3639348,0,1.10,
P-3800-90-2026-00794,3639913,0,1.10,
P-1200-90-2026-01651,3639609,0,1.10,
P-4000-90-2026-00941,3639399,0,1.10,
P-3211-90-2026-00652,3640071,0,1.10,
P-3800-90-2026-00781,3639395,0,1.10,
P-2000-92-2026-00197,3639555,0,1.10,
P-2202-90-2026-00591,3639567,0,1.10,
P-3800-90-2026-00785,3639683,0,1.10,
P-1488-90-2026-00367,3640046,0,1.10,
P-4200-90-2026-01259,3638996,0,1.10,
P-2408-90-2026-00431,3639191,0,1.10,
P-3211-90-2026-00644,3639694,0,1.10,
P-4000-90-2026-00951,3639733,0,1.10,
P-1200-90-2026-01699,3640320,0,1.10,
P-9076-90-2026-00130,3638680,0,1.10,
P-2604-90-2026-00252,3638793,0,1.10,
P-4200-90-2026-01258,3638931,0,1.10,
P-2200-90-2026-00591,3639575,0,1.10,
P-3205-90-2026-00256,3639640,0,1.10,
P-3603-90-2026-00180,3639785,0,1.10,
P-3211-90-2026-00645,3639708,0,1.10,
P-1411-90-2026-00586,3640269,0,1.10,
P-4202-90-2026-00346,3639449,0,1.70,
P-2200-90-2026-00616,3641348,0,1.10,
P-8069-91-2026-00005,3637002,0,1.10,
P-2400-90-2026-02610,3641041,0,1.10,
P-2400-90-2026-02646,3641473,0,1.10,
P-3200-90-2026-02057,3641150,0,1.10,
P-2400-90-2026-02561,3640421,0,1.10,
P-2202-90-2026-00618,3641020,0,1.10,
P-4005-90-2026-00204,3641766,0,1.10,
P-4000-90-2026-00984,3641086,0,1.10,
P-4000-90-2026-00985,3641118,0,1.10,
P-2000-90-2026-00455,3641415,0,1.10,
P-3600-90-2026-00592,3640860,0,1.70,
P-9076-90-2026-00145,3640392,0,1.10,
P-2202-90-2026-00611,3640589,0,1.10,
P-3200-90-2026-02044,3640872,0,1.10,
P-4200-90-2026-01348,3641063,0,1.10,
P-3400-90-2026-00342,3640453,0,1.70,
P-1488-91-2026-00363,3640832,0,1.10,
P-2200-90-2026-00609,3640899,0,1.10,
P-4200-90-2026-01343,3640876,0,1.10,
P-2405-90-2026-00159,3641055,0,1.10,
P-8000-91-2026-00138,3640612,0,1.10,
P-1200-90-2026-01715,3640673,0,1.10,
P-4006-91-2026-00531,3640471,0,1.70,
P-4200-90-2026-01349,3641113,0,1.10,
P-3600-90-2026-00593,3640890,0,1.70,
P-4200-90-2026-01328,3640597,0,1.10,
P-9076-91-2026-00030,3640379,0,1.10,
P-2200-90-2026-00608,3640839,0,1.10,
P-2403-90-2026-00534,3640881,0,1.10,
P-1200-90-2026-01728,3641025,0,1.10,
P-2403-90-2026-00532,3640798,0,1.10,
P-3211-91-2026-00355,3640586,0,1.10,
P-1200-90-2026-01716,3640700,0,1.10,
P-4200-90-2026-01342,3640840,0,1.10,
P-4006-90-2026-00440,3641004,0,1.10,
P-4200-90-2026-01350,3641125,0,1.10,
P-4000-90-2026-00962,3640606,0,1.10,
P-8000-90-2026-00189,3640549,0,1.70,
P-3200-91-2026-00147,3640432,0,1.10,
P-2403-90-2026-00526,3640635,0,1.10,
P-3200-90-2026-02036,3640575,0,1.10,
P-3800-90-2026-00806,3640500,0,1.10,
P-2400-91-2026-00253,3641001,0,1.10,
P-4000-90-2026-00964,3640672,0,1.10,
P-1200-90-2026-01729,3641046,0,1.10,
P-2400-90-2026-02653,3641508,0,1.10,
P-2301-90-2026-00235,3641484,0,1.10,
P-2400-90-2026-02673,3641638,0,1.10,
P-2400-90-2026-02650,3641490,0,1.10,
P-3211-90-2026-00670,3641578,0,1.10,
P-1200-90-2026-01745,3641328,0,1.10,
P-1488-91-2026-00371,3641529,0,1.10,
P-1200-90-2026-01751,3641474,0,1.10,
P-2600-93-2026-00012,3640415,0,1.10,
P-4000-90-2026-00969,3640728,0,1.10,
P-2000-90-2026-00459,3641730,0,1.10,
P-2400-90-2026-02658,3641559,0,1.10,
P-3900-90-2026-00105,3641010,0,1.10,
P-1200-90-2026-01768,3641713,0,1.10,
P-9077-90-2026-00161,3641258,0,1.10,
P-3600-90-2026-00601,3641478,0,1.70,
P-3400-90-2026-00350,3640931,0,1.70,
P-1200-91-2026-00394,3641690,0,1.10,
P-3800-90-2026-00811,3640696,0,1.10,
P-2406-90-2026-00112,3641918,0,1.10,
P-4000-90-2026-01004,3641653,0,1.10,
P-2400-90-2026-02619,3641151,0,1.10,
P-2000-90-2026-00456,3641439,0,1.10,
P-2000-90-2026-00454,3641266,0,1.10,
P-9077-90-2026-00164,3641430,0,1.10,
P-9093-91-2026-00036,3640461,0,1.10,
P-9078-90-2026-00032,3641942,0,1.10,
P-2400-90-2026-02572,3640505,0,1.10,
P-1492-90-2026-00175,3641304,0,1.10,
P-3200-90-2026-02087,3641608,0,1.10,
P-2407-92-2026-00442,3641276,0,1.70,
P-1492-90-2026-00177,3641426,0,1.10,
P-1200-90-2026-01752,3641513,0,1.10,
P-2200-90-2026-00599,3640371,0,1.10,
P-2400-91-2026-00249,3640332,0,1.10,
P-3400-91-2026-00017,3641390,0,1.70,
P-4000-90-2026-00996,3641495,0,1.10,
P-4200-90-2026-01380,3641739,0,1.10,
P-2400-90-2026-02574,3640534,0,1.10,
P-2000-90-2026-00458,3641631,0,1.10,
P-2400-90-2026-02598,3640827,0,1.10,
P-2400-90-2026-02695,3641980,0,1.10,
P-4006-90-2026-00451,3641505,0,1.10,
P-4000-90-2026-01001,3641548,0,1.10,
P-4005-90-2026-00202,3641238,0,1.10,
P-9097-90-2026-00154,3641159,0,1.10,
P-1200-90-2026-01761,3641609,0,1.10,
P-2202-90-2026-00626,3641583,0,1.10,
P-1411-90-2026-00598,3641202,0,1.10,
P-3600-90-2026-00599,3641405,0,1.70,
P-2400-90-2026-02630,3641318,0,1.10,
P-3800-90-2026-00826,3641284,0,1.10,
P-4000-90-2026-00994,3641345,0,1.10,
P-4203-90-2026-00410,3641026,0,1.10,
P-1492-90-2026-00172,3641214,0,1.10,
P-1200-90-2026-01779,3641950,0,1.10,
P-3800-90-2026-00823,3641237,0,1.10,
P-3800-90-2026-00833,3641634,0,1.10,
P-2202-92-2026-00442,3641976,0,1.10,
P-4200-90-2026-01354,3641220,0,1.10,
P-9070-90-2026-00078,3641662,0,1.10,
P-4200-90-2026-01381,3641745,0,1.10,
P-2202-90-2026-00627,3641604,0,1.10,
P-3211-90-2026-00669,3641506,0,1.10,
P-1474-91-2026-00059,3641455,0,1.70,
P-3200-90-2026-02071,3641561,0,1.10,
P-2600-93-2026-00013,3640417,0,1.10,
P-4200-90-2026-01391,3642003,0,1.10,
P-9070-90-2026-00079,3641847,0,1.10,
P-3800-90-2026-00803,3640425,0,1.10,
P-4000-90-2026-01006,3641689,0,1.10,
P-3200-90-2026-02056,3641157,0,1.10,
P-2400-90-2026-02689,3641962,0,1.10,
P-1200-90-2026-01777,3641891,0,1.10,
P-4006-91-2026-00544,3641333,0,1.70,
P-3400-90-2026-00365,3642176,0,1.70,
P-2604-92-2026-00101,3642304,0,1.10,
P-2301-90-2026-00248,3642986,0,1.10,
P-1200-90-2026-01838,3643159,0,1.10,
P-8000-91-2026-00150,3642622,0,1.70,
P-3400-90-2026-00381,3643249,0,1.70,
P-3211-92-2026-00247,3641916,0,1.10,
P-1411-90-2026-00631,3643391,0,1.10,
P-1488-90-2026-00393,3642864,0,1.10,
P-4200-90-2026-01423,3642806,0,1.10,
P-3603-90-2026-00200,3642549,0,1.10,
P-4200-90-2026-01393,3642029,0,1.70,
P-3200-90-2026-02171,3642985,0,1.10,
P-3200-90-2026-02191,3643275,0,1.10,
P-2604-92-2026-00100,3642269,0,1.10,
P-2406-90-2026-00113,3642150,0,1.10,
P-4400-91-2026-00162,3642971,0,1.70,
P-9061-91-2026-00680,3642947,0,1.10,
P-2301-90-2026-00244,3642587,0,1.10,
P-2301-90-2026-00251,3643479,0,1.10,
P-9071-90-2026-00074,3643243,0,1.10,
P-2400-90-2026-02725,3642466,0,1.10,
P-1400-90-2026-00267,3642483,0,1.10,
P-9076-90-2026-00154,3642082,0,1.10,
P-4200-90-2026-01416,3642525,0,1.10,
P-9102-90-2026-00044,3643295,0,1.10,
P-3400-90-2026-00369,3642577,0,1.70,
P-4400-90-2026-00526,3643168,0,1.10,
P-3200-90-2026-02151,3642607,0,1.10,
P-8000-91-2026-00147,3641651,0,1.10,
P-1200-90-2026-01788,3642293,0,1.10,
P-3600-90-2026-00624,3642580,0,1.70,
P-2301-92-2026-00218,3643474,0,1.10,
P-2409-90-2026-00103,3642280,0,1.10,
P-4005-90-2026-00205,3642209,0,1.10,
P-2000-90-2026-00463,3642443,0,1.10,
P-2409-90-2026-00105,3642921,0,1.10,
P-4202-90-2026-00354,3642400,0,1.10,
P-4000-90-2026-01021,3642283,0,1.10,
P-9078-90-2026-00037,3642872,0,1.10,
P-4006-90-2026-00464,3642451,0,1.10,
P-1452-90-2026-00167,3642259,0,1.10,
P-3600-90-2026-00610,3642053,0,1.10,
P-8067-91-2026-00104,3642071,0,1.10,
P-4203-90-2026-00424,3642290,0,1.10,
P-4000-90-2026-01030,3642529,0,1.10,
P-1488-90-2026-00392,3642579,0,1.10,
P-2400-90-2026-02769,3643062,0,1.10,
P-3600-90-2026-00628,3642661,0,1.70,
P-2405-90-2026-00165,3642438,0,1.10,
P-3400-90-2026-00380,3642926,0,1.70,
P-4000-90-2026-01041,3642995,0,1.10,
P-2408-90-2026-00473,3642564,0,1.10,
P-9097-90-2026-00156,3643337,0,1.10,
P-2407-90-2026-00692,3642558,0,1.10,
P-2301-90-2026-00246,3642805,0,1.10,
P-3200-90-2026-02160,3642832,0,1.10,
P-4200-90-2026-01433,3642982,0,1.10,
P-3901-90-2026-00109,3642051,0,1.10,
P-2202-90-2026-00658,3643335,0,1.10,
P-4200-90-2026-01395,3642078,0,1.10,
P-4000-90-2026-01029,3642507,0,1.10,
P-3800-90-2026-00843,3642342,0,1.10,
P-4203-90-2026-00429,3642750,0,1.10,
P-2200-90-2026-00630,3642675,0,1.10,
P-2400-90-2026-02795,3643380,0,1.10,
P-2400-90-2026-02756,3642900,0,1.10,
P-3800-90-2026-00862,3642857,0,1.10,
P-1200-90-2026-01822,3642934,0,1.10,
P-2400-90-2026-02766,3643073,0,1.10,
P-1200-90-2026-01854,3643326,0,1.10,
P-4000-90-2026-01046,3643294,0,1.10,
P-2400-90-2026-02708,3642126,0,1.10,
P-2408-90-2026-00471,3642401,0,1.10,
P-2400-92-2026-00386,3642487,0,1.10,
P-1200-91-2026-00407,3643229,0,1.10,
P-1200-91-2026-00401,3642594,0,1.10,
P-4200-90-2026-01449,3643324,0,1.10,
P-4000-90-2026-01048,3643310,0,1.10,
P-3211-90-2026-00699,3643504,0,1.10,
P-4203-92-2026-00090,3642296,0,1.10,
P-4000-90-2026-01015,3642057,0,1.10,
P-3200-90-2026-02146,3642550,0,1.10,
P-2400-90-2026-02737,3642592,0,1.10,
P-3800-90-2026-00836,3642121,0,1.10,
P-3205-90-2026-00270,3642225,0,1.10,
P-3600-90-2026-00616,3642275,0,1.70,
P-3205-90-2026-00274,3642760,0,1.10,
P-3200-90-2026-02217,3643436,0,1.10,
P-2301-90-2026-00242,3642435,0,1.10,
P-3603-90-2026-00199,3642430,0,1.10,
P-1411-90-2026-00626,3642928,0,1.10,
P-1200-90-2026-01794,3642361,0,1.10,
P-3205-90-2026-00271,3642609,0,1.10,
P-4006-90-2026-00475,3643287,0,1.10,
P-3211-90-2026-00681,3642103,0,1.10,
P-2408-90-2026-00465,3642043,0,1.10,
P-2403-91-2026-00053,3643556,0,1.70,
P-3211-92-2026-00258,3643515,0,1.10,
P-1200-90-2026-01861,3643463,0,1.10,
P-2604-90-2026-00295,3643734,0,1.10,
P-2400-90-2026-02812,3643667,0,1.10,
P-1411-90-2026-00637,3643697,0,1.10,
P-9078-90-2026-00038,3643757,0,1.10,
P-1400-90-2026-00268,3643664,0,1.70,
P-2400-90-2026-02808,3643673,0,1.10,
P-2400-90-2026-02821,3643780,0,1.10,
P-4200-90-2026-01455,3643682,0,1.10,
P-9071-90-2026-00075,3643654,0,1.10,
P-9077-90-2026-00171,3643796,0,1.10,
P-3211-90-2026-00735,3644069,0,1.10,
P-2202-90-2026-00693,3644142,0,1.70,
P-9077-90-2026-00177,3644132,0,1.10,
P-2409-90-2026-00108,3643855,0,1.10,
P-9078-90-2026-00039,3643868,0,1.10,
P-1411-90-2026-00641,3643830,0,1.10,
P-2202-90-2026-00679,3643870,0,1.70,
P-1400-90-2026-00271,3643901,0,1.70,
P-9102-90-2026-00046,3643804,0,1.10,
P-1411-90-2026-00646,3643887,0,1.10,
P-9097-90-2026-00171,3644117,0,1.10,
P-4200-90-2026-01470,3643925,0,1.10,
P-2214-90-2026-00192,3643906,0,1.10,
P-2202-90-2026-00676,3643860,0,1.10,
P-2408-90-2026-00496,3643881,0,1.10,
P-2202-90-2026-00684,3643970,0,1.10,
P-2400-90-2026-02829,3643846,0,1.10,
P-9086-90-2026-00290,3644124,0,1.10,
P-2202-90-2026-00678,3643877,0,1.10,
P-2202-90-2026-00686,3643988,0,1.10,
P-9071-90-2026-00079,3644083,0,1.10,
P-2202-90-2026-00683,3643958,0,1.10,
P-2400-90-2026-02831,3643918,0,1.10,
P-3211-90-2026-00727,3643933,0,1.10,
P-2400-90-2026-02854,3644198,0,1.10,
P-2202-90-2026-00695,3644192,0,1.10,
P-4000-90-2026-00167,3609317,0,1.10,
P-4203-92-2026-00011,3608348,0,1.10,
P-3200-90-2026-00288,3608296,0,1.10,
P-2408-90-2026-00038,3608155,0,1.10,
P-4203-90-2026-00041,3608928,0,1.10,
P-2000-90-2026-00039,3608144,0,1.10,
P-4005-90-2026-00019,3608384,0,1.10,
P-4200-90-2026-00163,3608617,0,1.10,
P-1477-90-2026-00019,3608632,0,1.10,
P-1492-90-2026-00011,3608701,0,1.10,
P-4000-90-2026-00140,3608782,0,1.10,
P-8072-90-2026-00009,3609058,0,1.10,
P-1411-92-2026-00019,3609009,0,1.10,
P-1200-90-2026-00172,3608238,0,1.10,
P-3200-90-2026-00286,3608260,0,1.10,
P-3211-90-2026-00061,3608600,0,1.10,
P-4202-90-2026-00043,3608406,0,1.10,
P-9075-91-2026-00021,3609445,0,1.10,
P-4000-90-2026-00132,3608567,0,1.10,
P-8000-91-2026-00027,3608270,0,1.10,
P-4400-90-2026-00060,3609214,0,1.10,
P-2407-90-2026-00067,3608867,0,1.10,
P-3600-90-2026-00067,3608264,0,1.70,
P-3800-90-2026-00097,3608531,0,1.10,
P-3900-90-2026-00008,3608948,0,1.70,
P-4000-90-2026-00112,3608261,0,1.10,
P-8004-90-2026-00002,3608781,0,1.70,
P-1200-90-2026-00231,3609245,0,1.10,
P-8069-96-2026-00002,3607030,1,5.50,
P-2000-90-2026-00054,3609246,0,1.10,
P-2604-90-2026-00026,3609231,0,1.10,
P-9061-91-2026-00072,3609052,0,1.10,
P-1400-90-2026-00020,3609492,0,1.70,
P-2400-90-2026-00361,3609039,0,1.10,
P-4200-91-2026-00011,3608815,0,1.70,
P-2200-90-2026-00056,3608452,0,1.10,
P-3600-90-2026-00065,3608220,0,1.70,
P-2409-90-2026-00007,3608604,0,1.10,
P-9086-90-2026-00021,3608166,0,1.10,
P-9086-90-2026-00029,3608933,0,1.10,
P-3211-93-2026-00002,3608241,0,1.10,
P-2000-92-2026-00048,3609131,0,1.10,
P-3211-90-2026-00063,3608643,0,1.10,
P-1400-90-2026-00024,3609513,0,1.10,
P-2600-90-2026-00036,3608174,0,1.10,
P-2202-90-2026-00065,3609532,0,1.10,
P-3600-90-2026-00074,3608523,0,1.70,
P-3200-90-2026-00366,3609440,0,1.10,
P-8072-90-2026-00011,3609541,0,1.10,
P-4005-90-2026-00020,3608391,0,1.10,
P-1400-90-2026-00021,3609482,0,1.70,
P-2400-90-2026-00356,3608979,0,1.10,
P-2408-90-2026-00051,3609350,0,1.10,
P-2407-90-2026-00088,3609485,0,1.10,
P-3603-90-2026-00013,3608371,0,1.10,
P-9093-90-2026-00007,3609068,0,1.10,
P-3400-90-2026-00046,3609401,0,1.10,
P-1488-90-2026-00057,3609488,0,1.70,
P-2400-90-2026-00317,3608429,0,1.10,
P-2400-92-2026-00048,3608139,0,1.10,
P-2202-90-2026-00050,3608419,0,1.70,
P-4203-90-2026-00031,3608506,0,1.10,
P-4200-90-2026-00188,3609222,0,1.70,
P-2200-90-2026-00069,3609323,0,1.10,
P-2400-90-2026-00339,3608814,0,1.10,
P-3205-91-2026-00016,3609418,0,1.10,
P-4006-91-2026-00061,3608508,0,1.10,
P-2400-90-2026-00375,3609377,0,1.10,
P-2200-90-2026-00064,3609081,0,1.10,
P-4203-90-2026-00037,3608820,0,1.10,
P-1400-90-2026-00011,3608128,0,1.10,
P-1452-90-2026-00019,3608386,0,1.10,
P-2200-90-2026-00050,3608194,0,1.10,
P-9086-92-2026-00004,3609385,0,1.10,
P-2000-90-2026-00049,3608629,0,1.10,
P-1411-90-2026-00060,3609045,0,1.10,
P-1200-90-2026-00181,3608463,0,1.10,
P-2407-90-2026-00069,3608991,0,1.10,
P-3205-90-2026-00020,3608154,0,1.10,
P-2405-90-2026-00017,3608831,0,1.10,
P-9068-90-2026-00010,3608277,0,1.10,
P-2604-90-2026-00016,3608620,0,1.10,
P-3200-90-2026-00359,3609303,0,1.10,
P-4005-90-2026-00033,3609380,0,1.10,
P-2408-90-2026-00053,3609466,0,1.10,
P-3800-90-2026-00098,3608612,0,1.10,
P-9086-90-2026-00034,3609388,0,1.10,
P-2405-90-2026-00019,3608925,0,1.10,
P-4400-90-2026-00061,3609254,0,1.10,
P-2400-90-2026-00377,3609435,0,1.10,
P-2406-90-2026-00014,3608538,0,1.10,
P-1400-90-2026-00013,3608130,0,1.10,
P-4400-90-2026-00055,3609018,0,1.10,
P-4202-92-2026-00029,3608986,0,1.10,
P-3200-90-2026-00294,3608521,0,1.10,
P-2600-90-2026-00042,3608802,0,1.10,
P-4000-90-2026-00135,3608694,0,1.10,
P-3200-90-2026-00295,3608571,0,1.10,
P-2408-90-2026-00054,3609497,0,1.10,
P-8000-90-2026-00029,3609263,0,1.10,
P-4400-90-2026-00057,3609139,0,1.10,
P-2403-90-2026-00053,3608627,0,1.10,
P-3211-90-2026-00060,3608615,0,1.10,
P-4200-90-2026-00176,3608985,0,1.10,
P-2000-90-2026-00056,3609318,0,1.10,
P-1411-90-2026-00038,3607991,0,1.10,
P-4006-90-2026-00018,3608765,0,1.10,
P-1488-90-2026-00047,3608625,0,1.10,
P-3205-90-2026-00025,3608799,0,1.10,
P-2400-90-2026-00384,3609558,0,1.10,
P-2400-90-2026-00383,3609557,0,1.10,
P-1488-91-2026-00059,3609590,0,1.10,
P-9061-90-2026-00045,3609633,0,1.10,
P-4202-90-2026-00049,3609580,0,1.10,
P-2400-92-2026-00065,3609555,0,1.10,
P-1474-90-2026-00020,3609529,0,1.10,
P-9077-90-2026-00007,3609632,0,1.10,
P-9082-91-2026-00004,3609592,0,1.10,
P-2400-90-2026-00381,3609554,0,1.10,
P-2202-90-2026-00077,3609649,0,1.70,
P-2400-90-2026-00426,3609949,0,1.10,
P-3800-90-2026-00132,3609789,0,1.10,
P-1411-90-2026-00088,3609955,0,1.10,
P-3211-92-2026-00034,3609722,0,1.10,
P-2403-90-2026-00078,3609746,0,1.10,
P-2202-90-2026-00092,3609931,0,1.10,
P-3901-90-2026-00007,3609880,0,1.10,
P-1411-90-2026-00084,3609909,0,1.10,
P-1411-90-2026-00091,3609960,0,1.10,
P-2202-90-2026-00081,3609665,0,1.70,
P-2202-90-2026-00086,3609793,0,1.10,
P-3211-90-2026-00087,3609747,0,1.10,
P-9086-90-2026-00044,3609924,0,1.10,
P-3211-90-2026-00094,3610000,0,1.10,
P-1488-90-2026-00065,3609973,0,1.10,
P-2405-90-2026-00022,3609698,0,1.10,
P-2400-90-2026-00415,3609847,0,1.10,
P-3211-90-2026-00092,3609942,0,1.10,
P-3211-90-2026-00093,3610016,0,1.10,
P-9086-90-2026-00045,3609927,0,1.10,
P-1400-90-2026-00034,3609834,0,1.70,
P-4200-90-2026-00197,3609744,0,1.10,
P-1452-90-2026-00025,3609895,0,1.10,
P-1411-91-2026-00010,3609696,0,1.10,
P-2400-90-2026-00408,3609838,0,1.10,
P-2400-90-2026-00405,3609835,0,1.10,
P-9071-90-2026-00010,3610008,0,1.10,
P-1452-90-2026-00024,3609840,0,1.10,
P-2408-90-2026-00062,3609778,0,1.10,
P-9076-90-2026-00011,3609820,0,1.10,
P-3603-92-2026-00027,3609807,0,1.10,
P-3205-90-2026-00033,3609821,0,1.10,
P-2202-90-2026-00098,3610494,0,1.10,
P-3603-90-2026-00026,3610192,0,1.10,
P-4203-90-2026-00065,3610955,0,1.10,
P-2400-90-2026-00481,3611054,0,1.10,
P-3600-90-2026-00108,3611072,0,1.70,
P-3211-90-2026-00116,3611236,0,1.10,
P-4200-90-2026-00218,3610580,0,1.10,
P-9091-90-2026-00027,3610723,0,1.10,
P-2400-90-2026-00436,3610055,0,1.70,
P-3200-90-2026-00444,3611318,0,1.10,
P-2400-90-2026-00448,3610225,0,1.10,
P-2214-91-2026-00007,3610236,0,1.10,
P-4000-90-2026-00172,3610240,0,1.10,
P-4000-90-2026-00177,3610346,0,1.10,
P-4203-90-2026-00055,3610230,0,1.10,
P-2000-92-2026-00054,3610476,0,1.10,
P-3211-90-2026-00111,3611022,0,1.10,
P-3400-90-2026-00073,3611157,0,1.70,
P-1200-90-2026-00262,3610597,0,1.10,
P-4200-90-2026-00227,3610828,0,1.10,
P-8069-96-2026-00002,3607030,3,3.30,
P-3800-90-2026-00153,3610639,0,1.10,
P-3600-90-2026-00098,3610692,0,1.70,
P-2408-90-2026-00088,3611001,0,1.10,
P-4200-90-2026-00224,3610779,0,1.70,
P-3800-90-2026-00137,3610102,0,1.10,
P-9061-90-2026-00060,3611334,0,1.10,
P-4203-90-2026-00068,3611071,0,1.10,
P-2604-90-2026-00033,3610577,0,1.10,
P-4200-91-2026-00017,3610838,0,1.10,
P-3205-90-2026-00036,3610224,0,1.10,
P-1200-90-2026-00304,3611363,0,1.10,
P-1411-90-2026-00106,3611036,0,1.10,
P-2600-90-2026-00060,3611127,0,1.10,
P-4000-90-2026-00198,3611034,0,1.10,
P-9086-90-2026-00051,3610058,0,1.10,
P-2408-92-2026-00032,3611092,0,1.10,
P-1492-90-2026-00024,3610982,0,1.10,
P-1452-90-2026-00030,3610548,0,1.10,
P-3901-90-2026-00008,3610045,0,1.10,
P-2400-90-2026-00487,3611144,0,1.10,
P-3800-90-2026-00155,3610729,0,1.10,
P-9086-91-2026-00020,3611692,0,1.10,
P-2400-90-2026-00527,3611873,0,1.10,
P-4005-90-2026-00040,3611689,0,1.10,
P-3901-90-2026-00013,3610803,0,1.10,
P-2400-90-2026-00512,3611589,0,1.10,
P-1488-92-2026-00042,3611614,0,1.10,
P-9070-91-2026-00004,3609970,0,1.10,
P-2403-90-2026-00094,3610481,0,1.10,
P-2408-90-2026-00086,3610908,0,1.10,
P-2000-90-2026-00074,3611124,0,1.10,
P-2200-90-2026-00071,3610152,0,1.10,
P-1488-90-2026-00081,3611515,0,1.10,
P-2400-90-2026-00521,3611753,0,1.10,
P-4200-90-2026-00216,3610492,0,1.10,
P-4400-90-2026-00094,3611670,0,1.10,
P-9061-91-2026-00114,3611522,0,1.10,
P-9070-90-2026-00021,3611868,0,1.10,
P-3800-90-2026-00156,3610845,0,1.10,
P-1411-90-2025-00878,3297562,1,1.10,
P-2400-90-2026-00514,3611602,0,1.10,
P-2604-90-2026-00031,3610421,0,1.10,
P-2400-90-2026-00455,3610358,0,1.10,
P-2400-91-2026-00049,3610050,0,1.10,
P-9076-90-2026-00019,3611366,0,1.10,
P-8000-90-2026-00038,3611314,0,1.70,
P-3603-90-2026-00029,3611859,0,1.10,
P-9086-91-2026-00021,3611790,0,1.10,
P-2604-90-2026-00035,3610653,0,1.10,
P-3800-90-2026-00154,3610715,0,1.10,
P-1477-90-2026-00029,3610813,0,1.10,
P-4000-90-2026-00217,3611650,0,1.10,
P-3200-90-2026-00435,3611126,0,1.10,
P-4400-90-2026-00064,3610202,0,1.10,
P-3211-90-2026-00100,3610382,0,1.10,
P-4200-90-2026-00231,3610926,0,1.10,
P-3400-97-2025-00004,3313517,48,3.30,
P-1411-90-2026-00112,3611742,0,1.10,
P-2202-90-2026-00109,3611813,0,1.10,
P-4202-90-2026-00075,3610235,0,1.10,
P-1200-90-2026-00327,3611812,0,1.10,
P-9075-90-2026-00023,3610553,0,1.10,
P-3800-90-2026-00164,3611109,0,1.10,
P-2400-90-2026-00445,3610142,0,1.10,
P-2403-90-2026-00110,3611712,0,1.10,
P-2604-90-2026-00029,3610201,0,1.10,
P-3200-90-2026-00482,3611719,0,1.10,
P-4200-90-2026-00243,3611455,0,1.10,
P-1411-90-2026-00117,3611823,0,1.10,
P-2400-90-2026-00476,3610907,0,1.10,
P-1200-90-2026-00265,3610650,0,1.10,
P-3800-90-2026-00141,3610307,0,1.10,
P-2600-90-2026-00048,3610075,0,1.10,
P-1452-90-2026-00032,3610776,0,1.10,
P-3211-91-2026-00122,3611141,0,1.10,
P-2200-90-2026-00089,3611634,0,1.10,
P-1477-90-2026-00031,3611029,0,1.10,
P-9061-90-2026-00049,3610415,0,1.10,
P-2400-90-2026-00513,3611595,0,1.10,
P-9091-90-2026-00018,3610206,0,1.10,
P-9086-90-2026-00052,3610188,0,1.10,
P-2604-90-2026-00043,3611433,0,1.10,
P-4200-90-2026-00228,3610893,0,1.10,
P-3200-90-2026-00492,3611808,0,1.10,
P-3900-90-2026-00010,3610299,0,1.70,
P-2400-90-2026-00485,3611106,0,1.70,
P-8067-91-2026-00019,3611537,0,1.10,
P-4000-90-2026-00205,3611219,0,1.10,
P-2214-90-2026-00033,3610390,0,1.10,
P-2405-90-2026-00029,3611184,0,1.10,
P-1200-90-2026-00276,3610930,0,1.10,
P-1411-90-2026-00118,3611871,0,1.10,
P-8000-91-2026-00044,3611874,0,1.70,
P-1200-90-2026-00307,3611384,0,1.10,
P-9070-90-2026-00024,3613440,0,1.10,
P-2604-90-2026-00057,3613480,0,1.10,
P-2202-90-2026-00136,3613477,0,1.70,
P-1200-90-2026-00338,3612042,0,1.10,
P-3603-92-2026-00028,3612170,0,1.10,
P-4000-90-2026-00249,3612845,0,1.10,
P-2202-90-2026-00127,3613070,0,1.10,
P-4200-90-2026-00298,3613261,0,1.10,
P-2400-90-2026-00597,3612857,0,1.10,
P-1411-90-2026-00130,3613057,0,1.10,
P-3200-90-2026-00584,3613338,0,1.10,
P-2400-90-2026-00564,3612425,0,1.10,
P-3603-90-2026-00036,3612496,0,1.10,
P-3205-90-2026-00053,3613362,0,1.10,
P-4400-90-2026-00114,3612498,0,1.10,
P-9086-90-2026-00079,3612817,0,1.10,
P-2400-90-2026-00600,3612933,0,1.10,
P-3211-90-2026-00154,3613329,0,1.10,
P-4400-90-2026-00112,3612468,0,1.10,
P-3400-90-2026-00085,3612013,0,1.70,
P-9068-90-2026-00027,3612261,0,1.10,
P-2400-90-2026-00566,3612466,0,1.10,
P-3800-91-2026-00023,3612407,0,1.10,
P-4200-90-2026-00301,3613323,0,1.10,
P-9061-91-2026-00119,3612140,0,1.10,
P-4200-91-2026-00026,3612907,0,1.10,
P-1411-90-2026-00129,3612942,0,1.10,
P-2301-90-2026-00044,3612921,0,1.10,
P-2407-90-2026-00119,3612248,0,1.10,
P-3211-90-2026-00156,3613366,0,1.10,
P-1000-96-2026-00006,3604370,0,12.10,
P-2400-90-2026-00569,3612494,0,1.10,
P-4200-90-2026-00256,3612199,0,1.10,
P-2408-90-2026-00104,3612663,0,1.10,
P-3200-90-2026-00545,3612937,0,1.10,
P-4000-90-2026-00240,3612638,0,1.10,
P-3205-90-2026-00050,3612830,0,1.10,
P-3800-90-2026-00198,3612801,0,1.10,
P-4000-90-2026-00247,3612743,0,1.10,
P-3200-90-2026-00550,3612965,0,1.10,
P-1200-90-2026-00391,3613184,0,1.10,
P-9077-90-2026-00023,3613190,0,1.10,
P-9082-90-2026-00015,3613098,0,1.10,
P-3800-90-2026-00184,3612164,0,1.10,
P-4000-90-2026-00219,3611982,0,1.10,
P-1488-90-2026-00106,3613086,0,1.10,
P-1488-91-2026-00153,3613271,0,1.10,
P-3200-90-2026-00578,3613257,0,1.10,
P-4000-90-2026-00221,3612058,0,1.10,
P-2400-90-2026-00578,3612603,0,1.10,
P-9061-90-2026-00064,3611966,0,1.10,
P-8035-91-2026-00033,3611901,0,1.10,
P-3600-90-2026-00117,3612424,0,1.70,
P-2409-90-2026-00015,3612673,0,1.10,
P-4000-90-2026-00230,3612342,0,1.10,
P-2400-90-2026-00576,3612569,0,1.10,
P-3800-90-2026-00196,3612655,0,1.10,
P-2403-90-2026-00116,3612426,0,1.10,
P-4200-91-2026-00023,3612245,0,1.10,
P-3200-90-2026-00497,3611936,0,1.10,
P-8000-91-2026-00034,3610598,0,1.10,
P-4200-90-2026-00271,3612517,0,1.70,
P-1492-90-2026-00032,3612368,0,1.10,
P-2403-92-2026-00048,3612432,0,1.10,
P-1200-90-2026-00334,3611992,0,1.10,
P-2301-90-2026-00036,3612051,0,1.10,
P-3211-91-2026-00130,3612117,0,1.10,
P-8000-90-2026-00045,3612381,0,1.70,
P-2403-92-2026-00043,3612305,0,1.10,
P-2202-90-2026-00119,3612158,0,1.10,
P-1200-90-2026-00364,3612679,0,1.10,
P-2405-90-2026-00032,3612501,0,1.10,
P-3200-90-2026-00517,3612339,0,1.10,
P-9061-91-2026-00126,3612725,0,1.10,
P-1400-90-2026-00056,3613384,0,1.70,
P-4400-91-2026-00040,3612549,0,1.70,
P-1200-90-2026-00390,3613178,0,1.10,
P-8000-90-2026-00052,3613295,0,1.10,
P-3200-90-2026-00543,3612889,0,1.10,
P-4203-90-2026-00091,3613315,0,1.10,
P-3600-90-2026-00116,3612357,0,1.70,
P-2000-90-2026-00104,3612815,0,1.10,
P-2400-90-2026-00554,3612187,0,1.10,
P-3200-90-2026-00557,3613084,0,1.10,
P-4200-90-2026-00257,3612215,0,1.10,
P-9075-92-2026-00017,3613033,0,1.10,
P-9076-90-2026-00025,3613436,0,1.10,
P-9077-90-2026-00024,3613336,0,1.10,
P-2400-90-2026-00626,3613246,0,1.10,
P-1000-96-2026-00005,3604345,0,369.60,
P-3400-90-2026-00102,3613172,0,1.10,
P-2202-90-2026-00124,3612625,0,1.10,
P-2604-91-2026-00009,3613478,0,1.10,
P-2407-90-2026-00122,3613408,0,1.10,
P-3900-90-2026-00022,3612616,0,1.10,
P-2604-90-2026-00052,3612570,0,1.10,
P-4006-91-2026-00108,3612821,0,1.10,
P-4000-90-2026-00248,3612811,0,1.10,
P-2400-90-2026-00596,3612854,0,1.10,
P-3800-90-2026-00215,3613669,0,1.10,
P-2403-90-2026-00135,3614390,0,1.70,
P-4006-90-2026-00070,3614220,0,1.10,
P-2000-90-2026-00115,3613769,0,1.10,
P-2000-90-2026-00127,3614274,0,1.10,
P-4203-90-2026-00103,3614297,0,1.10,
P-4000-90-2026-00261,3613623,0,1.10,
P-9068-90-2026-00029,3614895,0,1.10,
P-2400-90-2026-00717,3614657,0,1.10,
P-3211-92-2026-00058,3613896,0,1.10,
P-4000-92-2026-00032,3614264,0,1.10,
P-4000-90-2026-00287,3614293,0,1.10,
P-1411-90-2026-00147,3614358,0,1.10,
P-9075-91-2026-00032,3614698,0,1.10,
P-2408-90-2026-00107,3613692,0,1.10,
P-4000-90-2026-00299,3614771,0,1.10,
P-1492-90-2026-00047,3614927,0,1.10,
P-4006-90-2026-00076,3614879,0,1.10,
P-2403-90-2026-00134,3614382,0,1.10,
P-3200-90-2026-00634,3614336,0,1.10,
P-9082-90-2026-00018,3614396,0,1.10,
P-3211-90-2026-00194,3614869,0,1.10,
P-3211-90-2026-00198,3614917,0,1.10,
P-3900-90-2026-00026,3614207,0,1.10,
P-4200-90-2026-00319,3614218,0,1.10,
P-2408-90-2026-00114,3614890,0,1.10,
P-3211-90-2026-00184,3614562,0,1.10,
P-3205-90-2026-00058,3614047,0,1.10,
P-2200-90-2026-00146,3614488,0,1.10,
P-2403-90-2026-00132,3614188,0,1.10,
P-1452-90-2026-00045,3613773,0,1.10,
P-2200-90-2026-00138,3614230,0,1.10,
P-9075-90-2026-00036,3614314,0,1.10,
P-9075-90-2026-00037,3614308,0,1.10,
P-2400-90-2026-00725,3614768,0,1.10,
P-1452-92-2026-00015,3613663,0,1.10,
P-2400-90-2026-00672,3613972,0,1.10,
P-2400-90-2026-00683,3614200,0,1.10,
P-2400-91-2026-00091,3614958,0,1.10,
P-2400-90-2026-00721,3614693,0,1.10,
P-2400-90-2026-00696,3614412,0,1.10,
P-3200-90-2026-00618,3614058,0,1.10,
P-2202-90-2026-00143,3614074,0,1.70,
P-3211-90-2026-00190,3614747,0,1.10,
P-2400-90-2026-00705,3614559,0,1.10,
P-4000-90-2026-00289,3614409,0,1.10,
P-9061-90-2026-00073,3614095,0,1.10,
P-1477-90-2026-00061,3614796,0,1.10,
P-4000-90-2026-00285,3614268,0,1.10,
P-3211-91-2026-00142,3614045,0,1.10,
P-2202-90-2026-00150,3614901,0,1.10,
P-4006-90-2026-00067,3614041,0,1.10,
P-2400-90-2026-00711,3614568,0,1.10,
P-1492-90-2026-00043,3614660,0,1.10,
P-2202-90-2026-00148,3614532,0,1.10,
P-9061-90-2026-00075,3614408,0,1.10,
P-2400-90-2026-00663,3613815,0,1.10,
P-4200-90-2026-00320,3614242,0,1.10,
P-1488-91-2026-00160,3614469,0,1.10,
P-8050-98-2025-00012,3445486,3,1.10,
P-3800-90-2026-00218,3613748,0,1.10,
P-1200-90-2026-00473,3614739,0,1.10,
P-2200-90-2026-00133,3614055,0,1.10,
P-3900-90-2026-00028,3614435,0,1.10,
P-3600-90-2026-00138,3614066,0,1.70,
P-2202-90-2026-00149,3614886,0,1.10,
P-2000-90-2026-00129,3614423,0,1.10,
P-3211-90-2026-00187,3614597,0,1.10,
P-2400-90-2026-00733,3614973,0,1.10,
P-2400-90-2026-00709,3614580,0,1.10,
P-3211-91-2026-00139,3613621,0,1.10,
P-1411-91-2026-00017,3613892,0,1.10,
P-3901-90-2026-00019,3613882,0,1.10,
P-2600-90-2026-00098,3614324,0,1.10,
P-4200-90-2026-00329,3614458,0,1.10,
P-2200-91-2026-00007,3613834,0,1.10,
P-2400-90-2026-00674,3614030,0,1.10,
P-2000-90-2026-00116,3613794,0,1.10,
P-9075-90-2026-00040,3614767,0,1.10,
P-4200-90-2026-00318,3614214,0,1.10,
P-2214-90-2026-00047,3613705,0,1.10,
P-8035-90-2026-00030,3614356,0,1.10,
P-2400-90-2026-00697,3614417,0,1.10,
P-2403-90-2026-00127,3613854,0,1.10,
P-1200-90-2026-00461,3614612,0,1.10,
P-9077-90-2026-00031,3614477,0,1.10,
P-1200-90-2026-00447,3614490,0,1.10,
P-3800-90-2026-00232,3614496,0,1.10,
P-4000-90-2026-00280,3614102,0,1.10,
P-4000-90-2026-00303,3614832,0,1.10,
P-3200-90-2026-00597,3613580,0,1.10,
P-1400-91-2026-00012,3613500,0,1.70,
P-1200-90-2026-00412,3613801,0,1.10,
P-3800-90-2026-00211,3613527,0,1.10,
P-3200-90-2026-00596,3613530,0,1.10,
P-2604-91-2026-00006,3612259,0,1.10,
P-2403-90-2026-00126,3613559,0,1.10,
P-1200-91-2026-00092,3613377,0,1.10,
P-3200-90-2026-00603,3613745,0,1.10,
P-1200-90-2026-00411,3613746,0,1.10,
P-2400-90-2026-00639,3613522,0,1.10,
P-2400-91-2026-00067,3613168,0,1.10,
P-4000-90-2026-00260,3613536,0,1.10,
P-2301-91-2026-00015,3613702,0,1.10,
P-1400-90-2026-00058,3613501,0,1.10,
P-1400-90-2026-00076,3615562,0,1.10,
P-9086-90-2026-00109,3616342,0,1.10,
P-2408-90-2026-00129,3615434,0,1.10,
P-9077-90-2026-00036,3614990,0,1.10,
P-4200-90-2026-00374,3615677,0,1.10,
P-1200-90-2026-00509,3615988,0,1.10,
P-3603-90-2026-00050,3615395,0,1.10,
P-4005-90-2026-00058,3615261,0,1.10,
P-2400-90-2026-00813,3616244,0,1.10,
P-1411-92-2026-00073,3616250,0,1.10,
P-2400-90-2026-00760,3615288,0,1.10,
P-4200-90-2026-00373,3615655,0,1.10,
P-1200-92-2026-00048,3615656,0,1.10,
P-9086-91-2026-00026,3615439,0,1.10,
P-3600-90-2026-00157,3615543,0,1.70,
P-8067-91-2026-00036,3616169,0,1.10,
P-2000-90-2026-00143,3615634,0,1.10,
P-1452-90-2026-00055,3616214,0,1.10,
P-4000-90-2026-00330,3615835,0,1.10,
P-9097-90-2026-00045,3616390,0,1.10,
P-2604-90-2026-00076,3616337,0,1.10,
P-1200-90-2026-00499,3615427,0,1.10,
P-1453-90-2026-00008,3614643,0,1.10,
P-2600-90-2026-00109,3615296,0,1.10,
P-4203-90-2026-00127,3616097,0,1.10,
P-2604-90-2026-00074,3616318,0,1.10,
P-1411-90-2026-00194,3616411,0,1.10,
P-4005-90-2026-00061,3615610,0,1.10,
P-4200-90-2026-00342,3615111,0,1.10,
P-3200-90-2026-00686,3615276,0,1.10,
P-3600-90-2026-00160,3615714,0,1.70,
P-3200-90-2026-00759,3616099,0,1.10,
P-3200-90-2026-00781,3616327,0,1.10,
P-4200-90-2026-00372,3615511,0,1.10,
P-8000-91-2026-00061,3615114,0,1.10,
P-2407-90-2026-00144,3616335,0,1.10,
P-1400-90-2026-00083,3615699,0,1.10,
P-4400-90-2026-00159,3615709,0,1.10,
P-8000-98-2025-00005,3319958,13,1.10,
P-3400-90-2026-00132,3615627,0,1.70,
P-1200-91-2026-00117,3615204,0,1.10,
P-1200-90-2026-00500,3615593,0,1.10,
P-8067-91-2026-00032,3614769,0,1.10,
P-3211-90-2026-00218,3616308,0,1.10,
P-2400-90-2026-00758,3615270,0,1.10,
P-4000-90-2026-00310,3615282,0,1.10,
P-4005-90-2026-00057,3615196,0,1.10,
P-2200-90-2026-00157,3615272,0,1.10,
P-3901-90-2026-00026,3615340,0,1.10,
P-4202-90-2026-00120,3615637,0,1.10,
P-9091-90-2026-00037,3615387,0,1.10,
P-2405-90-2026-00048,3615764,0,1.10,
P-2400-90-2026-00785,3615843,0,1.10,
P-8000-90-2026-00061,3615840,0,1.70,
P-3200-90-2026-00791,3616380,0,1.10,
P-8061-91-2026-00007,3615458,0,1.10,
P-1453-90-2026-00013,3615401,0,1.10,
P-4000-90-2026-00335,3615893,0,1.10,
P-4200-90-2026-00392,3616062,0,1.10,
P-4006-90-2026-00098,3616046,0,1.10,
P-4006-90-2026-00105,3616410,0,1.10,
P-2400-90-2026-00768,3615479,0,1.10,
P-4400-90-2026-00153,3615488,0,1.10,
P-4006-90-2026-00087,3615462,0,1.10,
P-2202-90-2026-00154,3615206,0,1.10,
P-4006-90-2026-00091,3615895,0,1.10,
P-2202-90-2026-00158,3615421,0,1.10,
P-4200-90-2026-00371,3615508,0,1.10,
P-4000-90-2026-00304,3614842,0,1.10,
P-2400-90-2026-00778,3615679,0,1.10,
P-2400-90-2026-00752,3615102,0,1.10,
P-1488-91-2026-00169,3614932,0,1.10,
P-8000-90-2026-00065,3616150,0,1.70,
P-2403-90-2026-00156,3615671,0,1.10,
P-3200-90-2026-00755,3616035,0,1.10,
P-9077-90-2026-00037,3616397,0,1.10,
P-4200-90-2026-00379,3615805,0,1.10,
P-9097-90-2026-00043,3615492,0,1.10,
P-3800-90-2026-00259,3615859,0,1.10,
P-9082-90-2026-00019,3616414,0,1.10,
P-1477-90-2026-00071,3616294,0,1.10,
P-3211-91-2026-00160,3615845,0,1.10,
P-2403-90-2026-00161,3616338,0,1.10,
P-2400-90-2026-00766,3615433,0,1.10,
P-1453-90-2026-00010,3615176,0,1.10,
P-3200-90-2026-00681,3615181,0,1.10,
P-1400-90-2026-00093,3616394,0,1.70,
P-9061-91-2026-00161,3615417,0,1.10,
P-2400-90-2026-00884,3617342,0,1.10,
P-4000-90-2026-00366,3617213,0,1.10,
P-1200-90-2026-00566,3617136,0,1.10,
P-1411-90-2026-00207,3617109,0,1.10,
P-2200-91-2026-00011,3617183,0,1.10,
P-3200-90-2026-00809,3616825,0,1.10,
P-1400-90-2026-00098,3617515,0,1.70,
P-2200-90-2026-00174,3616476,0,1.10,
P-2000-90-2026-00164,3616595,0,1.10,
P-3600-90-2026-00168,3616566,0,1.70,
P-2408-90-2026-00143,3616983,0,1.10,
P-1200-90-2026-00571,3617247,0,1.10,
P-4000-90-2026-00349,3616485,0,1.10,
P-2400-90-2026-00828,3616452,0,1.10,
P-2200-90-2026-00201,3617270,0,1.10,
P-3400-90-2026-00138,3616528,0,1.10,
P-2403-90-2026-00174,3617106,0,1.10,
P-4400-90-2026-00182,3617030,0,1.10,
P-1200-90-2026-00580,3617284,0,1.10,
P-1200-91-2026-00140,3617275,0,1.10,
P-1200-90-2026-00530,3616516,0,1.10,
P-1200-90-2026-00555,3617033,0,1.10,
P-3600-90-2026-00167,3616456,0,1.70,
P-4200-90-2026-00410,3616869,0,1.10,
P-2403-90-2026-00167,3616774,0,1.10,
P-2400-90-2026-00831,3616500,0,1.10,
P-1488-90-2026-00150,3617336,0,1.10,
P-3200-90-2026-00799,3616590,0,1.10,
P-4200-90-2026-00406,3616670,0,1.10,
P-1200-90-2026-00585,3617352,0,1.10,
P-3600-90-2026-00170,3616665,0,1.70,
P-1474-91-2026-00023,3616836,0,1.70,
P-2400-90-2026-00845,3616703,0,1.10,
P-4400-90-2026-00189,3617344,0,1.10,
P-4006-90-2026-00115,3617562,0,1.10,
P-2400-90-2026-00862,3616963,0,1.10,
P-4000-90-2026-00348,3616475,0,1.10,
P-4000-90-2026-00369,3617228,0,1.10,
P-4006-90-2026-00111,3617131,0,1.10,
P-3600-90-2026-00169,3616551,0,1.70,
P-4200-92-2026-00056,3616652,0,1.10,
P-2408-90-2026-00145,3617072,0,1.10,
P-4000-90-2026-00356,3616939,0,1.10,
P-3200-90-2026-00821,3617171,0,1.10,
P-1200-91-2026-00136,3616724,0,1.10,
P-2202-90-2026-00179,3617561,0,1.10,
P-1411-90-2026-00208,3617167,0,1.10,
P-2000-90-2026-00167,3617217,0,1.10,
P-2400-90-2026-00846,3616722,0,1.10,
P-4000-90-2026-00354,3616838,0,1.10,
P-3900-90-2026-00041,3616755,0,1.10,
P-2403-90-2026-00175,3617123,0,1.10,
P-4202-90-2026-00137,3616660,0,1.70,
P-9071-90-2026-00017,3616524,0,1.10,
P-1200-90-2026-00542,3616826,0,1.10,
P-2400-90-2026-00872,3617225,0,1.10,
P-9076-90-2026-00046,3617471,0,1.10,
P-2604-90-2026-00084,3617170,0,1.10,
P-2400-90-2026-00880,3617325,0,1.10,
P-1474-90-2026-00054,3617467,0,1.10,
P-9093-90-2026-00023,3617322,0,1.10,
P-2604-90-2026-00080,3616634,0,1.10,
P-1200-91-2026-00139,3617250,0,1.10,
P-9061-91-2026-00186,3617312,0,1.10,
P-2403-90-2026-00173,3617097,0,1.10,
P-3200-90-2026-00829,3617454,0,1.10,
P-2000-90-2026-00166,3616999,0,1.10,
P-3200-90-2026-00806,3616649,0,1.10,
P-2406-90-2026-00039,3616730,0,1.10,
P-1200-90-2026-00533,3616666,0,1.10,
P-2403-90-2026-00177,3617523,0,1.10,
P-3800-90-2026-00267,3616454,0,1.10,
P-9075-90-2026-00054,3616909,0,1.10,
P-9075-90-2026-00052,3616495,0,1.10,
P-8066-90-2026-00003,3617539,0,1.10,
P-2400-90-2026-00895,3617544,0,1.10,
P-2403-90-2026-00176,3617513,0,1.10,
P-9068-90-2026-00037,3617554,0,1.10,
P-1492-90-2026-00057,3616970,0,1.10,
P-1200-90-2026-00554,3617032,0,1.10,
P-2400-90-2026-00867,3617099,0,1.10,
P-2202-90-2026-00180,3617541,0,1.70,
P-2403-92-2026-00066,3617501,0,1.10,
P-2600-90-2026-00125,3616563,0,1.10,
P-3211-90-2026-00244,3617221,0,1.10,
P-4203-90-2026-00136,3616856,0,1.10,
P-1400-90-2026-00101,3617658,0,1.10,
P-1400-90-2026-00100,3617652,0,1.70,
P-9071-90-2026-00024,3617657,0,1.10,
P-2400-90-2026-00902,3617625,0,1.10,
P-3205-90-2026-00081,3617606,0,1.10,
P-2202-90-2026-00183,3617654,0,1.10,
P-2202-90-2026-00194,3617866,0,1.10,
P-2301-90-2026-00077,3617826,0,1.10,
P-8072-90-2026-00030,3617691,0,1.10,
P-2403-90-2026-00195,3617920,0,1.10,
P-1411-91-2026-00026,3617909,0,1.10,
P-2400-90-2026-00926,3617950,0,1.10,
P-1411-90-2026-00221,3617879,0,1.10,
P-3211-90-2026-00259,3617813,0,1.10,
P-2202-92-2026-00129,3617856,0,1.10,
P-2403-90-2026-00187,3617722,0,1.10,
P-1411-90-2026-00216,3617709,0,1.10,
P-4006-90-2026-00123,3617979,0,1.10,
P-4006-90-2026-00121,3617945,0,1.10,
P-2403-90-2026-00185,3617708,0,1.10,
P-2403-90-2026-00186,3617710,0,1.10,
P-2408-90-2026-00154,3617901,0,1.10,
P-3800-90-2026-00288,3617935,0,1.10,
P-3211-90-2026-00258,3617762,0,1.10,
P-8066-90-2026-00004,3617759,0,1.10,
P-2202-90-2026-00191,3617763,0,1.10,
P-2202-90-2026-00197,3617873,0,1.70,
P-2202-90-2026-00185,3617673,0,1.10,
P-9061-91-2026-00190,3618016,0,1.10,
P-3205-90-2026-00086,3617930,0,1.10,
P-3603-90-2026-00060,3617742,0,1.10,
P-9061-92-2026-00036,3619086,0,1.10,
P-2604-90-2026-00100,3618499,0,1.10,
P-4000-90-2026-00377,3618078,0,1.10,
P-3900-92-2026-00028,3618403,0,1.10,
P-2400-90-2026-01032,3619284,0,1.10,
P-1200-91-2026-00160,3619202,0,1.10,
P-3200-90-2026-00870,3618806,0,1.10,
P-1400-92-2026-00048,3619092,0,1.10,
P-1200-90-2026-00634,3618958,0,1.10,
P-2403-90-2026-00202,3618435,0,1.10,
P-3200-90-2026-00897,3619470,0,1.10,
P-3200-91-2026-00071,3618868,0,1.10,
P-2200-91-2026-00012,3618646,0,1.10,
P-9061-91-2026-00205,3618555,0,1.10,
P-3603-90-2026-00065,3618351,0,1.10,
P-3211-91-2026-00185,3618797,0,1.10,
P-2600-90-2026-00148,3619355,0,1.10,
P-4005-90-2026-00093,3619548,0,1.10,
P-1453-90-2026-00018,3618149,0,1.10,
P-8000-90-2026-00078,3618752,0,1.10,
P-3600-90-2026-00204,3618911,0,1.10,
P-3200-90-2026-00910,3619549,0,1.10,
P-3400-90-2026-00164,3618527,0,1.10,
P-9082-90-2026-00024,3618887,0,1.10,
P-8000-90-2026-00081,3619216,0,1.70,
P-1400-90-2026-00105,3618058,0,1.70,
P-2301-90-2026-00080,3618089,0,1.10,
P-3800-90-2026-00303,3618537,0,1.10,
P-3200-90-2026-00901,3619491,0,1.10,
P-3200-90-2026-00851,3618394,0,1.10,
P-9086-90-2026-00129,3619298,0,1.10,
P-4000-90-2026-00419,3618945,0,1.10,
P-4000-90-2026-00427,3619309,0,1.10,
P-4200-90-2026-00482,3619084,0,1.10,
P-2400-90-2026-01021,3619196,0,1.10,
P-2400-91-2026-00125,3618593,0,1.10,
P-1474-93-2026-00005,3618206,0,1.70,
P-4200-90-2026-00434,3618074,0,1.10,
P-3800-90-2026-00297,3618313,0,1.10,
P-1200-90-2026-00610,3618423,0,1.10,
P-4005-90-2026-00092,3619518,0,1.10,
P-4200-90-2026-00467,3618776,0,1.10,
P-4200-90-2026-00484,3619096,0,1.10,
P-3800-90-2026-00311,3619031,0,1.10,
P-1411-90-2026-00227,3618582,0,1.10,
P-1411-90-2026-00235,3619167,0,1.10,
P-3800-90-2026-00313,3619227,0,1.10,
P-3600-90-2026-00208,3618999,0,1.70,
P-3800-90-2026-00290,3618103,0,1.10,
P-4005-90-2026-00083,3618644,0,1.10,
P-1200-91-2026-00154,3618900,0,1.10,
P-2400-90-2026-01013,3619139,0,1.10,
P-2202-90-2026-00235,3619611,0,1.10,
P-2604-90-2026-00103,3618707,0,1.10,
P-2400-90-2026-01037,3619443,0,1.10,
P-3200-90-2026-00865,3618716,0,1.10,
P-8004-92-2026-00003,3618629,0,1.70,
P-9082-90-2026-00025,3619019,0,1.10,
P-4200-90-2026-00463,3618685,0,1.10,
P-2400-90-2026-01055,3619661,0,1.10,
P-1411-90-2025-01065,3309807,2,1.10,
P-2400-90-2026-00944,3618186,0,1.10,
P-2202-90-2026-00236,3619669,0,1.10,
P-2400-90-2026-00996,3618904,0,1.10,
P-2403-90-2026-00215,3619595,0,1.10,
P-3603-92-2026-00048,3619071,0,1.10,
P-4006-92-2026-00071,3619670,0,1.10,
P-8000-91-2026-00076,3619089,0,1.70,
P-2301-90-2026-00086,3619079,0,1.10,
P-2405-90-2026-00056,3618960,0,1.10,
P-2000-90-2026-00172,3618066,0,1.10,
P-4200-90-2026-00449,3618314,0,1.10,
P-1477-90-2026-00085,3618449,0,1.10,
P-2400-90-2026-00997,3618930,0,1.10,
P-2200-90-2026-00219,3618918,0,1.10,
P-1200-90-2026-00665,3619422,0,1.10,
P-3200-90-2026-00890,3619360,0,1.10,
P-2405-91-2026-00006,3619526,0,1.70,
P-2400-90-2026-00977,3618649,0,1.70,
P-1453-90-2026-00017,3618104,0,1.10,
P-8000-90-2026-00075,3618236,0,1.70,
P-9068-90-2026-00046,3618253,0,1.10,
P-3800-91-2026-00033,3618576,0,1.10,
P-3205-90-2026-00088,3618507,0,1.70,
P-3800-90-2026-00298,3618316,0,1.10,
P-4200-90-2026-00454,3618472,0,1.10,
P-4005-90-2026-00079,3618402,0,1.10,
P-4200-90-2026-00489,3619299,0,1.10,
P-4200-90-2026-00473,3618913,0,1.10,
P-1474-90-2026-00059,3618968,0,1.10,
P-2400-90-2026-00972,3618569,0,1.10,
P-1200-90-2026-00600,3618086,0,1.10,
P-1200-90-2026-00650,3619211,0,1.10,
P-9061-91-2026-00213,3618805,0,1.10,
P-1200-90-2026-00638,3619025,0,1.10,
P-4000-90-2026-00399,3618532,0,1.10,
P-1200-90-2026-00666,3619438,0,1.10,
P-1488-90-2026-00161,3618722,0,1.10,
P-8000-90-2026-00100,3620837,0,1.70,
P-9097-90-2026-00058,3621006,0,1.10,
P-2407-92-2026-00119,3619990,0,1.10,
P-3205-92-2026-00098,3620328,0,1.10,
P-4006-90-2026-00147,3620457,0,1.10,
P-2400-90-2026-01111,3620468,0,1.10,
P-1477-92-2026-00015,3620342,0,1.10,
P-1200-90-2026-00722,3620788,0,1.10,
P-2604-90-2026-00110,3619770,0,1.10,
P-9086-90-2026-00138,3620073,0,1.10,
P-2400-90-2026-01089,3620092,0,1.10,
P-1200-90-2026-00697,3620256,0,1.10,
P-2600-91-2026-00005,3620771,0,1.10,
P-9102-90-2026-00015,3621011,0,1.10,
P-4202-90-2026-00163,3620221,0,1.10,
P-2400-90-2026-01085,3620058,0,1.10,
P-1477-90-2026-00106,3620401,0,1.10,
P-2400-90-2026-01064,3619717,0,1.10,
P-4000-92-2026-00046,3619829,0,1.10,
P-4400-90-2026-00231,3619726,0,1.10,
P-3211-90-2026-00300,3620286,0,1.10,
P-9086-90-2026-00134,3619899,0,1.10,
P-1200-90-2026-00692,3620190,0,1.10,
P-2400-90-2026-01114,3620480,0,1.10,
P-1411-90-2026-00253,3620372,0,1.10,
P-1200-92-2026-00074,3620576,0,1.10,
P-2301-90-2026-00096,3620877,0,1.70,
P-2400-90-2026-01143,3621032,0,1.10,
P-9068-90-2026-00052,3620497,0,1.10,
P-9086-90-2026-00143,3620870,0,1.10,
P-2407-90-2026-00208,3620257,0,1.10,
P-2409-90-2026-00036,3620067,0,1.10,
P-3200-90-2026-00986,3620836,0,1.10,
P-3200-90-2026-00974,3620637,0,1.10,
P-2301-90-2026-00098,3620919,0,1.10,
P-4203-90-2026-00182,3620329,0,1.10,
P-1411-90-2026-00266,3620986,0,1.10,
P-3211-91-2026-00199,3620867,0,1.10,
P-2408-90-2026-00177,3619779,0,1.10,
P-1492-90-2026-00070,3620137,0,1.10,
P-9061-90-2026-00130,3619912,0,1.10,
P-4006-92-2026-00073,3619986,0,1.10,
P-1200-90-2026-00694,3620237,0,1.10,
P-1400-90-2026-00118,3620444,0,1.70,
P-9075-90-2026-00080,3620591,0,1.10,
P-2400-90-2026-01083,3620013,0,1.10,
P-4203-90-2026-00174,3619705,0,1.10,
P-4000-90-2026-00436,3619869,0,1.10,
P-2403-90-2026-00231,3620955,0,1.10,
P-2400-90-2026-01123,3620648,0,1.10,
P-4200-90-2026-00522,3620636,0,1.10,
P-2000-90-2026-00205,3620548,0,1.10,
P-1492-91-2026-00043,3620717,0,1.10,
P-2000-92-2026-00105,3620506,0,1.10,
P-3211-90-2026-00309,3620914,0,1.10,
P-2407-90-2026-00207,3620098,0,1.70,
P-4006-90-2026-00154,3620982,0,1.10,
P-3600-90-2026-00227,3620243,0,1.70,
P-9086-91-2026-00039,3620712,0,1.10,
P-2000-90-2026-00211,3620822,0,1.10,
P-4006-90-2026-00145,3620368,0,1.10,
P-4005-90-2026-00100,3620617,0,1.10,
P-3211-90-2026-00310,3620926,0,1.10,
P-2200-90-2026-00250,3620410,0,1.10,
P-3200-90-2026-00979,3620732,0,1.10,
P-3600-90-2026-00223,3619898,0,1.10,
P-2200-91-2026-00013,3620322,0,1.10,
P-2400-92-2026-00163,3620554,0,1.10,
P-2400-90-2026-01122,3620623,0,1.10,
P-4400-92-2026-00137,3620019,0,1.10,
P-2403-92-2026-00076,3620065,0,1.10,
P-1200-90-2026-00683,3619970,0,1.10,
P-8000-90-2026-00089,3619945,0,1.70,
P-3603-90-2026-00079,3621004,0,1.10,
P-3200-90-2026-00939,3619888,0,1.10,
P-9061-91-2025-00729,3287054,1,1.10,
P-1200-90-2026-00726,3620860,0,1.10,
P-1400-92-2026-00051,3620049,0,1.10,
P-8000-90-2026-00090,3620511,0,1.70,
P-4202-90-2026-00158,3619784,0,1.10,
P-2408-90-2026-00183,3620550,0,1.10,
P-2202-90-2026-00247,3620673,0,1.10,
P-1488-90-2026-00188,3620570,0,1.10,
P-3800-90-2026-00331,3620312,0,1.10,
P-3211-92-2026-00103,3619766,0,1.10,
P-2403-91-2026-00032,3620412,0,1.10,
P-2200-90-2026-00239,3620033,0,1.10,
P-9075-90-2026-00073,3620071,0,1.10,
P-9086-90-2026-00139,3620144,0,1.10,
P-4006-90-2026-00153,3620973,0,1.10,
P-3200-90-2026-01000,3620983,0,1.10,
P-2200-90-2026-00251,3620442,0,1.10,
P-3200-90-2026-00998,3620947,0,1.10,
P-1411-90-2026-00250,3620057,0,1.10,
P-3000-91-2025-00195,3303249,1,1.10,
P-3211-91-2026-00192,3619810,0,1.10,
P-3800-90-2026-00341,3620832,0,1.10,
P-4006-91-2026-00241,3620817,0,1.10,
P-2400-90-2026-01087,3620041,0,1.10,
P-9075-90-2026-00082,3620924,0,1.10,
P-3211-90-2026-00308,3620896,0,1.10,
P-1200-90-2026-00690,3620148,0,1.10,
P-1488-90-2026-00186,3620509,0,1.10,
P-9097-90-2026-00057,3620657,0,1.10,
P-3200-90-2026-00977,3620711,0,1.10,
P-9086-90-2026-00136,3620017,0,1.10,
P-1200-90-2026-00698,3620273,0,1.10,
P-9022-91-2026-00005,3620463,0,1.10,
P-3200-90-2026-00972,3620619,0,1.10,
P-2202-90-2026-00246,3620610,0,1.10,
P-8000-90-2026-00097,3620798,0,1.70,
P-2403-90-2026-00233,3620963,0,1.10,
P-3800-90-2026-00342,3620826,0,1.10,
P-2200-90-2026-00236,3619822,0,1.10,
P-4200-90-2026-00519,3620525,0,1.10,
P-2400-90-2026-01070,3619781,0,1.10,
P-2000-90-2026-00192,3619180,0,1.10,
P-2000-90-2026-00201,3619874,0,1.10,
P-4200-90-2026-00499,3619699,0,1.10,
P-1452-90-2026-00068,3619686,0,1.10,
P-3600-90-2026-00246,3621573,0,1.10,
P-1200-90-2026-00742,3621220,0,1.10,
P-4400-90-2026-00241,3621123,0,1.10,
P-4000-90-2026-00467,3621410,0,1.10,
P-1200-90-2026-00744,3621296,0,1.10,
P-9077-90-2026-00056,3621020,0,1.10,
P-4006-90-2026-00160,3621209,0,1.10,
P-1200-90-2026-00754,3621658,0,1.10,
P-2400-90-2026-01190,3621835,0,1.10,
P-1411-90-2026-00269,3621154,0,1.10,
P-3211-92-2026-00110,3621143,0,1.10,
P-1200-90-2026-00800,3622199,0,1.10,
P-9086-90-2026-00150,3621402,0,1.10,
P-3800-90-2026-00348,3621445,0,1.10,
P-4006-90-2026-00177,3622364,0,1.10,
P-3211-92-2026-00118,3622291,0,1.10,
P-2202-90-2025-01285,3319575,2,1.10,
P-4200-90-2026-00528,3621037,0,1.10,
P-3200-90-2026-01032,3622023,0,1.10,
P-4006-90-2026-00176,3622307,0,1.10,
P-2000-90-2026-00212,3621030,0,1.10,
P-1411-90-2026-00283,3622383,0,1.10,
P-3200-90-2026-01012,3621183,0,1.10,
P-2408-92-2026-00084,3621897,0,1.10,
P-3800-90-2026-00356,3621920,0,1.10,
P-3400-90-2026-00198,3622078,0,1.70,
P-1200-90-2026-00765,3621849,0,1.10,
P-4400-90-2026-00261,3621487,0,1.10,
P-3200-92-2026-00093,3621733,0,1.10,
P-4200-90-2026-00532,3621208,0,1.10,
P-3603-90-2026-00089,3622346,0,1.10,
P-3800-90-2026-00357,3622026,0,1.10,
P-4006-90-2026-00179,3622382,0,1.10,
P-3800-90-2026-00358,3622096,0,1.10,
P-9070-90-2026-00053,3622395,0,1.70,
P-2604-90-2026-00119,3621260,0,1.10,
P-4202-90-2026-00179,3621771,0,1.10,
P-3603-90-2026-00081,3621139,0,1.70,
P-1200-91-2026-00178,3621799,0,1.10,
P-3200-90-2026-01023,3621804,0,1.10,
P-1411-90-2026-00279,3622322,0,1.10,
P-2600-90-2026-00174,3622066,0,1.10,
P-3200-90-2026-01013,3621211,0,1.10,
P-3603-90-2026-00087,3621953,0,1.10,
P-1200-90-2026-00751,3621581,0,1.10,
P-1488-91-2026-00205,3621212,0,1.10,
P-8000-91-2026-00093,3622082,0,1.10,
P-1488-90-2026-00204,3621868,0,1.10,
P-2200-90-2026-00271,3621590,0,1.10,
P-9061-90-2026-00159,3621894,0,1.10,
P-2403-90-2026-00247,3621675,0,1.10,
P-2403-90-2026-00250,3621790,0,1.10,
P-4200-90-2026-00557,3621792,0,1.10,
P-2400-90-2026-01224,3622260,0,1.10,
P-3800-90-2026-00347,3621389,0,1.10,
P-3200-90-2026-01010,3621118,0,1.10,
P-1200-91-2026-00183,3622003,0,1.10,
P-2400-90-2026-01229,3622432,0,1.10,
P-3211-90-2026-00339,3622312,0,1.10,
P-1411-92-2026-00111,3622137,0,1.10,
P-1200-92-2026-00091,3622224,0,1.10,
P-4202-90-2026-00172,3621506,0,1.10,
P-9076-92-2026-00010,3621555,0,1.10,
P-9061-90-2026-00144,3621444,0,1.10,
P-3900-90-2026-00050,3621079,0,1.10,
P-3211-90-2026-00318,3621293,0,1.10,
P-4006-90-2026-00173,3622088,0,1.10,
P-9097-90-2026-00063,3621469,0,1.10,
P-4200-90-2026-00556,3621730,0,1.10,
P-9086-90-2026-00145,3621218,0,1.10,
P-3600-90-2026-00249,3621659,0,1.70,
P-2200-90-2026-00264,3621323,0,1.10,
P-2000-90-2026-00222,3622146,0,1.10,
P-9097-90-2026-00068,3622004,0,1.10,
P-1411-90-2026-00274,3622128,0,1.10,
P-3600-90-2026-00252,3622205,0,1.10,
P-3211-91-2026-00196,3620786,0,1.10,
P-4000-90-2026-00475,3621737,0,1.10,
P-4000-90-2026-00481,3621933,0,1.10,
P-2214-90-2026-00072,3621992,0,1.10,
P-3800-90-2026-00362,3622154,0,1.10,
P-4400-90-2026-00266,3621841,0,1.10,
P-3211-90-2026-00337,3622267,0,1.10,
P-2400-92-2026-00168,3622122,0,1.10,
P-1411-90-2026-00286,3622421,0,1.10,
P-2600-90-2026-00165,3621047,0,1.10,
P-3800-90-2026-00360,3622087,0,1.10,
P-3603-90-2026-00086,3621645,0,1.10,
P-2400-90-2026-01161,3621325,0,1.10,
P-2301-91-2026-00033,3622404,0,1.10,
P-2604-90-2026-00118,3621149,0,1.10,
P-9022-93-2026-00004,3621895,0,1.10,
P-1453-90-2026-00023,3621532,0,1.10,
P-1200-90-2026-00767,3621874,0,1.10,
P-1474-90-2026-00073,3621805,0,1.10,
P-1488-90-2026-00195,3621022,0,1.10,
P-2400-90-2026-01155,3621171,0,1.10,
P-9068-90-2026-00060,3622335,0,1.10,
P-1488-90-2026-00205,3621971,0,1.70,
P-9068-90-2026-00059,3622320,0,1.10,
P-2406-90-2026-00062,3621474,0,1.10,
P-3603-90-2026-00084,3621493,0,1.10,
P-2400-90-2026-01314,3623619,0,1.10,
P-4005-90-2026-00105,3622790,0,1.10,
P-2000-90-2026-00241,3623605,0,1.10,
P-4203-90-2026-00224,3622926,0,1.10,
P-3211-90-2026-00365,3623544,0,1.10,
P-4006-90-2026-00190,3622951,0,1.10,
P-3400-90-2026-00215,3623527,0,1.10,
P-9097-90-2026-00076,3623860,0,1.10,
P-1200-90-2026-00866,3623509,0,1.10,
P-1411-90-2026-00305,3623396,0,1.10,
P-8000-91-2026-00096,3623025,0,1.70,
P-3600-90-2026-00270,3623067,0,1.70,
P-4200-90-2026-00622,3623588,0,1.10,
P-9075-90-2026-00089,3622824,0,1.10,
P-3400-90-2026-00213,3623346,0,1.70,
P-3200-90-2026-01107,3623320,0,1.10,
P-2202-90-2026-00284,3623551,0,1.10,
P-4200-90-2026-00619,3623579,0,1.10,
P-3200-90-2026-01109,3623358,0,1.10,
P-8067-91-2026-00068,3623426,0,1.10,
P-1200-90-2026-00865,3623502,0,1.10,
P-8050-91-2026-00007,3622740,0,1.10,
P-4000-90-2026-00536,3623548,0,1.10,
P-3211-91-2026-00230,3623647,0,1.10,
P-2400-90-2026-01280,3623240,0,1.10,
P-2400-90-2026-01344,3623706,0,1.10,
P-9070-90-2026-00054,3623523,0,1.10,
P-4000-90-2026-00529,3623398,0,1.10,
P-2403-90-2026-00273,3622670,0,1.10,
P-2400-90-2026-01294,3623409,0,1.10,
P-1200-92-2026-00096,3623637,0,1.10,
P-2200-90-2026-00289,3622675,0,1.10,
P-2400-90-2026-01342,3623700,0,1.10,
P-2400-91-2026-00166,3623266,0,1.10,
P-3600-90-2026-00271,3623133,0,1.70,
P-2200-90-2026-00305,3623276,0,1.10,
P-1474-90-2026-00075,3622567,0,1.10,
P-3200-90-2026-01091,3623089,0,1.10,
P-1200-90-2026-00813,3622569,0,1.10,
P-9061-91-2026-00279,3623186,0,1.10,
P-8072-90-2026-00043,3622546,0,1.10,
P-2200-90-2026-00297,3622919,0,1.10,
P-2403-90-2026-00269,3622608,0,1.10,
P-3901-90-2026-00053,3623042,0,1.10,
P-9086-90-2026-00159,3622538,0,1.10,
P-4200-90-2026-00577,3622507,0,1.10,
P-2214-90-2026-00074,3622528,0,1.10,
P-2400-90-2026-01266,3623045,0,1.10,
P-9082-90-2026-00035,3622555,0,1.10,
P-4006-90-2026-00194,3623268,0,1.10,
P-4200-90-2026-00593,3622743,0,1.10,
P-2200-90-2026-00286,3622585,0,1.10,
P-3200-90-2026-01081,3622746,0,1.10,
P-1200-90-2026-00835,3623072,0,1.10,
P-2604-90-2026-00129,3622513,0,1.10,
P-2400-90-2026-01253,3622785,0,1.10,
P-1453-90-2026-00026,3622663,0,1.10,
P-2400-92-2026-00176,3623134,0,1.10,
P-4400-90-2026-00295,3623260,0,1.10,
P-1488-91-2026-00217,3622519,0,1.70,
P-4200-90-2026-00587,3622668,0,1.10,
P-2200-90-2026-00300,3623013,0,1.10,
P-2400-90-2026-01268,3623059,0,1.10,
P-3400-90-2026-00202,3622714,0,1.70,
P-2604-92-2026-00040,3622704,0,1.10,
P-4400-90-2026-00293,3623093,0,1.70,
P-3800-90-2026-00380,3622918,0,1.10,
P-2000-90-2026-00225,3622580,0,1.10,
P-3200-90-2026-01085,3622927,0,1.10,
P-2400-90-2026-01308,3623549,0,1.10,
P-3600-90-2026-00255,3622484,0,1.70,
P-2000-90-2026-00224,3622564,0,1.10,
P-3600-90-2026-00276,3623503,0,1.70,
P-4203-90-2026-00229,3623550,0,1.10,
P-3800-90-2026-00381,3622973,0,1.10,
P-3900-90-2026-00052,3622547,0,1.10,
P-2200-90-2026-00299,3622946,0,1.10,
P-4000-90-2026-00537,3623674,0,1.10,
P-4400-91-2026-00119,3623466,0,1.70,
P-2408-90-2026-00214,3623817,0,1.10,
P-4000-90-2026-00533,3623465,0,1.10,
P-1411-90-2026-00311,3623747,0,1.10,
P-1474-90-2026-00076,3623275,0,1.10,
P-2400-90-2026-01299,3623452,0,1.10,
P-4000-90-2026-00517,3623092,0,1.10,
P-4203-92-2026-00038,3622628,0,1.10,
P-2202-90-2026-00282,3623471,0,1.70,
P-1200-93-2026-00014,3623261,0,1.10,
P-2600-90-2026-00185,3623470,0,1.10,
P-2400-90-2026-01333,3623664,0,1.10,
P-2200-90-2026-00312,3623599,0,1.10,
P-9067-90-2026-00011,3623586,0,1.10,
P-9093-91-2026-00020,3623453,0,1.10,
P-2202-90-2026-00286,3623677,0,1.10,
P-2400-90-2026-01301,3623475,0,1.10,
P-2200-90-2026-00290,3622710,0,1.10,
P-4200-90-2026-00616,3623566,0,1.10,
P-4006-90-2026-00204,3623890,0,1.10,
P-1411-90-2026-00323,3623953,0,1.10,
P-9070-90-2026-00058,3623869,0,1.10,
P-2400-90-2026-01372,3624136,0,1.10,
P-4006-91-2026-00291,3623897,0,1.10,
P-4006-90-2026-00209,3624140,0,1.10,
P-4202-90-2026-00220,3624098,0,1.70,
P-2407-90-2026-00274,3624095,0,1.70,
P-4006-91-2026-00292,3624004,0,1.10,
P-4200-90-2026-00645,3624155,0,1.10,
P-8035-90-2026-00050,3623948,0,1.10,
P-2408-90-2026-00226,3624099,0,1.10,
P-2403-90-2026-00290,3623898,0,1.70,
P-1200-90-2026-00876,3623868,0,1.10,
P-2400-90-2026-01367,3624043,0,1.10,
P-9075-90-2026-00093,3623940,0,1.10,
P-4006-93-2026-00033,3623832,0,1.10,
P-3211-90-2026-00378,3623992,0,1.10,
P-2400-90-2026-01364,3624039,0,1.10,
P-2400-90-2026-01385,3624256,0,1.10,
P-2400-90-2026-01379,3624186,0,1.10,
P-1400-90-2026-00138,3624142,0,1.70,
P-3211-91-2026-00237,3624192,0,1.10,
P-4006-90-2026-00211,3624184,0,1.10,
P-2400-90-2026-01380,3624203,0,1.10,
P-4006-90-2026-00212,3624216,0,1.10,
P-1474-91-2026-00029,3624264,0,1.70,
P-9086-90-2026-00169,3624245,0,1.10,
P-2202-90-2026-00316,3624180,0,1.70,
P-2214-90-2026-00082,3624201,0,1.10,
P-3211-91-2026-00236,3624172,0,1.10,
P-2400-90-2026-01405,3624472,0,1.10,
P-1411-90-2026-00343,3624460,0,1.10,
P-3211-90-2026-00396,3624368,0,1.10,
P-2407-90-2026-00291,3624398,0,1.10,
P-2400-90-2026-01396,3624423,0,1.70,
P-2400-90-2026-01401,3624448,0,1.10,
P-4200-92-2026-00108,3624340,0,1.10,
P-2202-90-2026-00328,3624424,0,1.10,
P-2202-90-2026-00323,3624288,0,1.10,
P-9086-90-2026-00175,3624463,0,1.10,
P-4006-91-2026-00296,3624275,0,1.10,
P-9097-92-2026-00063,3624343,0,1.10,
P-3211-90-2026-00393,3624307,0,1.10,
P-4006-90-2026-00219,3624437,0,1.10,
P-2400-90-2026-01406,3624483,0,1.10,
P-2406-90-2026-00072,3624605,0,1.10,
P-1452-90-2026-00091,3624710,0,1.10,
P-2400-90-2026-01435,3624650,0,1.10,
P-4006-90-2026-00229,3624792,0,1.10,
P-2400-90-2026-01417,3624558,0,1.70,
P-4200-91-2026-00046,3624560,0,1.10,
P-9077-90-2026-00074,3624786,0,1.10,
P-9061-90-2026-00164,3624903,0,1.10,
P-2600-90-2026-00188,3624613,0,1.10,
P-1411-90-2026-00360,3624887,0,1.10,
P-2403-90-2026-00303,3624676,0,1.10,
P-1411-90-2026-00348,3624529,0,1.10,
P-4006-90-2026-00232,3624861,0,1.10,
P-4203-90-2026-00244,3624802,0,1.10,
P-2202-90-2026-00341,3624684,0,1.10,
P-2408-90-2026-00233,3624848,0,1.10,
P-1452-90-2026-00089,3624702,0,1.10,
P-2400-90-2026-01420,3624562,0,1.10,
P-2400-90-2026-01415,3624551,0,1.10,
P-2403-90-2026-00297,3624578,0,1.10,
P-2202-90-2026-00350,3624857,0,1.10,
P-1474-90-2026-00085,3624907,0,1.10,
P-2403-90-2026-00308,3624788,0,1.10,
P-2400-91-2026-00174,3624646,0,1.10,
P-2202-90-2026-00343,3624744,0,1.10,
P-2400-90-2026-01410,3624517,0,1.70,
P-9097-90-2026-00085,3624868,0,1.10,
P-8072-90-2026-00054,3624820,0,1.10,
P-2408-90-2026-00231,3624663,0,1.10,
P-9097-90-2026-00084,3624579,0,1.10,
P-2403-90-2026-00296,3624563,0,1.10,
P-1411-90-2026-00355,3624768,0,1.10,
P-1492-92-2026-00102,3624552,0,1.10,
P-2202-90-2026-00338,3624661,0,1.10,
P-1411-90-2026-00350,3624576,0,1.10,
P-2400-90-2026-01437,3624707,0,1.10,
P-2202-92-2026-00244,3624811,0,1.70,
P-2600-90-2026-00187,3624583,0,1.10,
P-4200-90-2026-00680,3624975,0,1.10,
P-9077-90-2026-00076,3624925,0,1.10,
P-9068-92-2026-00021,3624910,0,1.10,
P-3211-90-2026-00409,3624988,0,1.10,
P-3211-90-2026-00411,3625103,0,1.10,
P-2200-90-2026-00319,3625105,0,1.10,
P-4000-90-2026-00547,3625366,0,1.10,
P-2400-90-2026-01484,3625408,0,1.10,
P-9061-91-2026-00304,3624941,0,1.10,
P-9093-92-2026-00017,3624962,0,1.10,
P-9086-90-2026-00184,3624929,0,1.10,
P-1200-90-2026-00895,3625112,0,1.10,
P-2400-90-2026-01456,3625012,0,1.10,
P-1411-91-2026-00048,3625014,0,1.10,
P-2409-90-2026-00052,3624991,0,1.10,
P-4006-90-2026-00234,3625268,0,1.10,
P-3205-90-2026-00133,3625127,0,1.10,
P-2200-90-2026-00320,3625201,0,1.10,
P-9091-90-2026-00038,3625124,0,1.10,
P-9068-91-2026-00051,3624909,0,1.10,
P-1200-90-2026-00898,3625120,0,1.10,
P-2400-90-2026-01464,3625133,0,1.10,
P-8000-91-2026-00097,3625246,0,1.10,
P-2400-90-2026-01454,3624992,0,1.10,
P-4200-90-2026-00688,3625350,0,1.10,
P-4000-90-2026-00545,3625325,0,1.10,
P-2200-90-2026-00318,3625116,0,1.10,
P-2408-90-2026-00237,3625037,0,1.10,
P-1477-90-2026-00140,3625239,0,1.10,
P-4400-90-2026-00303,3625047,0,1.10,
P-1200-92-2026-00103,3625431,0,1.10,
P-4203-90-2026-00256,3625560,0,1.10,
P-2400-90-2026-01477,3625304,0,1.10,
P-4006-90-2026-00258,3627046,0,1.10,
P-2400-90-2026-01543,3626435,0,1.10,
P-3200-90-2026-01215,3626774,0,1.10,
P-1200-90-2026-00951,3626256,0,1.10,
P-3211-90-2026-00415,3625634,0,1.10,
P-4202-90-2026-00230,3625187,0,1.10,
P-2406-90-2026-00080,3627187,0,1.10,
P-2202-90-2026-00368,3626281,0,1.10,
P-3800-90-2026-00453,3626898,0,1.10,
P-9076-90-2026-00079,3626173,0,1.10,
P-1200-90-2026-00975,3626900,0,1.10,
P-4200-90-2026-00695,3625500,0,1.70,
P-1411-90-2026-00377,3626214,0,1.10,
P-8035-90-2026-00054,3626025,0,1.10,
P-3211-90-2026-00433,3626422,0,1.10,
P-4006-91-2026-00338,3627173,0,1.10,
P-1452-90-2026-00099,3626916,0,1.10,
P-1488-91-2026-00244,3626775,0,1.10,
P-8000-90-2026-00116,3626696,0,1.70,
P-8000-90-2026-00111,3626381,0,1.70,
P-2400-90-2026-01572,3626749,0,1.10,
P-2408-90-2026-00261,3626531,0,1.10,
P-4202-92-2026-00089,3626171,0,1.10,
P-1200-90-2026-00937,3625941,0,1.10,
P-1411-92-2026-00139,3625359,0,1.10,
P-3200-90-2026-01156,3625569,0,1.10,
P-1200-90-2026-00928,3625775,0,1.10,
P-3211-90-2026-00444,3626683,0,1.10,
P-2202-91-2026-00122,3627140,0,1.70,
P-1200-90-2026-00912,3625564,0,1.10,
P-9068-90-2026-00065,3626468,0,1.10,
P-4202-90-2026-00244,3625975,0,1.10,
P-1200-90-2026-00916,3625610,0,1.10,
P-2400-91-2026-00189,3627240,0,1.10,
P-3200-90-2026-01221,3626842,0,1.10,
P-1492-90-2026-00101,3626752,0,1.10,
P-3200-90-2026-01172,3626120,0,1.10,
P-2200-90-2026-00333,3626038,0,1.10,
P-9091-90-2026-00041,3625475,0,1.10,
P-4200-90-2026-00697,3625574,0,1.10,
P-2400-90-2026-01495,3625594,0,1.10,
P-2409-90-2026-00059,3626340,0,1.10,
P-3400-90-2026-00227,3625790,0,1.70,
P-3603-90-2026-00111,3626108,0,1.10,
P-3205-90-2026-00138,3625991,0,1.10,
P-1488-92-2026-00105,3626091,0,1.10,
P-4200-90-2026-00733,3626621,0,1.10,
P-3200-90-2026-01212,3626743,0,1.10,
P-1200-90-2026-00947,3626169,0,1.10,
P-2200-90-2026-00332,3626013,0,1.10,
P-1400-90-2026-00156,3626755,0,1.70,
P-9086-90-2026-00193,3626428,0,1.10,
P-1200-90-2026-00967,3626747,0,1.10,
P-2400-90-2026-01588,3626959,0,1.10,
P-9071-90-2026-00040,3627232,0,1.10,
P-3200-90-2026-01250,3627215,0,1.10,
P-2406-90-2026-00076,3625545,0,1.10,
P-1488-91-2026-00240,3626457,0,1.10,
P-2400-90-2026-01500,3625687,0,1.10,
P-1200-90-2026-00963,3626622,0,1.10,
P-9061-90-2026-00170,3625974,0,1.10,
P-2400-90-2026-01587,3626931,0,1.10,
P-1200-91-2026-00212,3625737,0,1.10,
P-4200-90-2026-00716,3626205,0,1.10,
P-3400-90-2026-00223,3625427,0,1.70,
P-1492-90-2026-00098,3625840,0,1.10,
P-2200-90-2026-00327,3625718,0,1.10,
P-9061-91-2026-00317,3626044,0,1.10,
P-1200-90-2026-00890,3625030,0,1.10,
P-3211-90-2026-00427,3626222,0,1.10,
P-3205-90-2026-00137,3625934,0,1.10,
P-3211-90-2026-00435,3626449,0,1.10,
P-3600-90-2026-00307,3626583,0,1.70,
P-2406-90-2026-00078,3625979,0,1.10,
P-1411-90-2026-00382,3626387,0,1.10,
P-2202-90-2026-00373,3626634,0,1.10,
P-1411-90-2026-00378,3626218,0,1.10,
P-4005-90-2026-00122,3626328,0,1.10,
P-4006-90-2026-00250,3626448,0,1.10,
P-2400-90-2026-01589,3626992,0,1.10,
P-2200-90-2026-00351,3627001,0,1.10,
P-4000-90-2026-00603,3626893,0,1.10,
P-3800-90-2026-00439,3626035,0,1.10,
P-1200-91-2026-00225,3626476,0,1.10,
P-4006-90-2026-00261,3627107,0,1.10,
P-2403-92-2026-00112,3627178,0,1.10,
P-3200-90-2026-01261,3627246,0,1.10,
P-3200-90-2026-01242,3627155,0,1.10,
P-3200-90-2026-01190,3626515,0,1.10,
P-4006-91-2026-00321,3625815,0,1.10,
P-3800-90-2026-00433,3625688,0,1.10,
P-4200-90-2026-00705,3625951,0,1.10,
P-1200-91-2026-00231,3626670,0,1.10,
P-4400-90-2026-00312,3625618,0,1.10,
P-9082-90-2026-00045,3626343,0,1.10,
P-1200-90-2026-00924,3625716,0,1.10,
P-4000-90-2026-00593,3626593,0,1.10,
P-4006-91-2026-00314,3625583,0,1.10,
P-3200-90-2026-01157,3625573,0,1.10,
P-2202-90-2026-00357,3625418,0,1.70,
P-3901-90-2026-00060,3625821,0,1.10,
P-1400-90-2026-00152,3626176,0,1.70,
P-2000-90-2026-00257,3626375,0,1.10,
P-3200-90-2026-01208,3626708,0,1.10,
P-4006-91-2026-00328,3626523,0,1.70,
P-2405-90-2026-00074,3625865,0,1.10,
P-4400-90-2026-00319,3626086,0,1.10,
P-1477-90-2026-00145,3626185,0,1.10,
P-3200-90-2026-01183,3626348,0,1.10,
P-2408-90-2026-00254,3626253,0,1.10,
P-2400-90-2026-01517,3626014,0,1.10,
P-1200-91-2026-00221,3626064,0,1.10,
P-3901-90-2026-00061,3626998,0,1.10,
P-1200-91-2026-00222,3626129,0,1.10,
P-2000-90-2026-00267,3626975,0,1.10,
P-1400-90-2026-00158,3627073,0,1.70,
P-1492-90-2026-00096,3625527,0,1.10,
P-4006-90-2026-00252,3626552,0,1.10,
P-3205-91-2026-00047,3625787,0,1.10,
P-4200-90-2026-00710,3626066,0,1.10,
P-1488-90-2026-00243,3626513,0,1.10,
P-3200-90-2026-01179,3626274,0,1.10,
P-2200-90-2026-00356,3627473,0,1.10,
P-1200-90-2026-01040,3628327,0,1.10,
P-9068-90-2026-00068,3628993,0,1.10,
P-4203-90-2026-00273,3628334,0,1.10,
P-3211-90-2026-00463,3627762,0,1.10,
P-4006-91-2026-00344,3627670,0,1.70,
P-3600-90-2026-00329,3628431,0,1.70,
P-9075-91-2026-00044,3628600,0,1.10,
P-2400-90-2026-01700,3628718,0,1.10,
P-4006-90-2026-00267,3627656,0,1.10,
P-2200-90-2026-00360,3627752,0,1.10,
P-2200-90-2026-00357,3627489,0,1.10,
P-2301-90-2026-00146,3627523,0,1.10,
P-1477-90-2026-00155,3627711,0,1.10,
P-2408-90-2026-00277,3628005,0,1.10,
P-2400-90-2026-01697,3628680,0,1.10,
P-3200-90-2026-01304,3628331,0,1.10,
P-4200-90-2026-00803,3628452,0,1.10,
P-1200-90-2026-01065,3628620,0,1.10,
P-2403-90-2026-00353,3628985,0,1.10,
P-4005-90-2026-00141,3628743,0,1.10,
P-1400-92-2026-00105,3628261,0,1.10,
P-2202-90-2026-00405,3629031,0,1.10,
P-4000-90-2026-00634,3628611,0,1.10,
P-2600-90-2026-00207,3627314,0,1.10,
P-1492-90-2026-00113,3628916,0,1.10,
P-2408-90-2026-00270,3627494,0,1.10,
P-9061-90-2026-00202,3628570,0,1.10,
P-2600-90-2026-00219,3628508,0,1.10,
P-4200-90-2026-00793,3628162,0,1.10,
P-9077-90-2026-00098,3628004,0,1.10,
P-2400-90-2026-01701,3628708,0,1.10,
P-2408-90-2026-00275,3627908,0,1.10,
P-8069-97-2026-00002,3607020,5,1.10,
P-8069-98-2026-00004,3609050,5,1.10,
P-2400-90-2026-01679,3628449,0,1.10,
P-2202-90-2026-00384,3627549,0,1.10,
P-4400-90-2026-00348,3628502,0,1.10,
P-2200-90-2026-00381,3628747,0,1.10,
P-4200-90-2026-00786,3628000,0,1.10,
P-3211-90-2026-00466,3627846,0,1.10,
P-2400-90-2026-01699,3628701,0,1.10,
P-4200-90-2026-00756,3627365,0,1.10,
P-3600-90-2026-00320,3627983,0,1.70,
P-3200-90-2026-01336,3628967,0,1.10,
P-1200-90-2026-00998,3627327,0,1.10,
P-3211-90-2026-00491,3628938,0,1.10,
P-1200-90-2026-01010,3627504,0,1.10,
P-4200-90-2026-00789,3628048,0,1.10,
P-4200-90-2026-00767,3627597,0,1.10,
P-9061-91-2026-00335,3627287,0,1.10,
P-3603-90-2026-00115,3627738,0,1.10,
P-2407-90-2026-00353,3627521,0,1.10,
P-3205-90-2026-00162,3628461,0,1.10,
P-3200-90-2026-01316,3628641,0,1.10,
P-4200-90-2026-00810,3628665,0,1.70,
P-3200-90-2026-01339,3628988,0,1.10,
P-4200-90-2026-00787,3628017,0,1.10,
P-9077-91-2026-00041,3627410,0,1.10,
P-4000-90-2026-00625,3628215,0,1.10,
P-1411-90-2026-00401,3627453,0,1.10,
P-9086-90-2026-00203,3629058,0,1.10,
P-1200-90-2026-01014,3627648,0,1.10,
P-3603-90-2026-00122,3629073,0,1.10,
P-1411-90-2026-00426,3629026,0,1.10,
P-2202-90-2026-00401,3628975,0,1.10,
P-4400-90-2026-00349,3628533,0,1.10,
P-3800-90-2026-00460,3627401,0,1.10,
P-2400-90-2026-01647,3627749,0,1.10,
P-1492-90-2026-00109,3628471,0,1.10,
P-9078-90-2026-00017,3628211,0,1.10,
P-2409-90-2026-00061,3628275,0,1.10,
P-1200-90-2026-01061,3628545,0,1.10,
P-2600-90-2026-00220,3628780,0,1.10,
P-2400-90-2026-01678,3628390,0,1.10,
P-1200-90-2026-01055,3628497,0,1.10,
P-4006-91-2026-00363,3628455,0,1.10,
P-1411-90-2026-00404,3627556,0,1.10,
P-9070-90-2026-00061,3628388,0,1.10,
P-1200-90-2026-01050,3628442,0,1.10,
P-1492-90-2026-00111,3628587,0,1.10,
P-1477-90-2026-00164,3628851,0,1.10,
P-2202-91-2026-00131,3629015,0,1.70,
P-3205-90-2026-00165,3628999,0,1.10,
P-2400-90-2026-01617,3627328,0,1.10,
P-3800-90-2026-00459,3627338,0,1.10,
P-2403-90-2026-00348,3628137,0,1.10,
P-4006-91-2026-00355,3628047,0,1.70,
P-3211-90-2026-00456,3627568,0,1.10,
P-1200-90-2026-01087,3628924,0,1.10,
P-2403-90-2026-00349,3628286,0,1.10,
P-2400-90-2026-01687,3628557,0,1.10,
P-2400-90-2026-01690,3628584,0,1.10,
P-4000-90-2026-00611,3627681,0,1.10,
P-1411-92-2026-00164,3628602,0,1.10,
P-4400-90-2026-00345,3628335,0,1.10,
P-3200-90-2026-01285,3627660,0,1.10,
P-2400-90-2026-01655,3627914,0,1.10,
P-2408-90-2026-00272,3627577,0,1.10,
P-3211-90-2026-00496,3629004,0,1.10,
P-2400-90-2026-01643,3627700,0,1.10,
P-1400-92-2026-00103,3628080,0,1.10,
P-2202-91-2026-00124,3627666,0,1.10,
P-2600-90-2026-00210,3627689,0,1.10,
P-4200-90-2026-00812,3628669,0,1.70,
P-3200-90-2026-01275,3627485,0,1.10,
P-3200-90-2026-01289,3627970,0,1.10,
P-3200-90-2026-01330,3628797,0,1.10,
P-2403-90-2026-00347,3628070,0,1.10,
P-1200-90-2026-01076,3628811,0,1.10,
P-4200-90-2026-00779,3627852,0,1.10,
P-2202-90-2026-00393,3627966,0,1.10,
P-4203-92-2026-00056,3627641,0,1.10,
P-4200-90-2026-00777,3627826,0,1.10,
P-4006-90-2026-00280,3628925,0,1.10,
P-4200-90-2026-00791,3628054,0,1.10,
P-3800-90-2026-00481,3628661,0,1.10,
P-3600-90-2026-00337,3629205,0,1.10,
P-2400-90-2026-01779,3630171,0,1.10,
P-7136-90-2026-00003,3630421,0,1.10,
P-1411-90-2026-00434,3629250,0,1.10,
P-4200-90-2026-00872,3630642,0,1.10,
P-4006-90-2026-00291,3629918,0,1.10,
P-3800-90-2026-00503,3629758,0,1.10,
P-2301-90-2026-00162,3629849,0,1.10,
P-3600-90-2026-00351,3629747,0,1.70,
P-2408-90-2026-00304,3630137,0,1.10,
P-3200-90-2026-01393,3630194,0,1.10,
P-1411-90-2026-00435,3629394,0,1.10,
P-3200-90-2026-01361,3629353,0,1.10,
P-3211-90-2026-00505,3629639,0,1.10,
P-4000-90-2026-00660,3629848,0,1.10,
P-2202-90-2026-00432,3630654,0,1.10,
P-4203-90-2026-00281,3629179,0,1.10,
P-2400-90-2026-01778,3630187,0,1.10,
P-9061-91-2026-00415,3630516,0,1.10,
P-9076-90-2026-00086,3629070,0,1.10,
P-3211-90-2026-00509,3629832,0,1.10,
P-3200-90-2026-01362,3629356,0,1.10,
P-8072-92-2026-00022,3630318,0,1.10,
P-2403-90-2026-00367,3630184,0,1.10,
P-3600-90-2026-00332,3629135,0,1.70,
P-1400-92-2026-00114,3629788,0,1.10,
P-2406-90-2026-00084,3629822,0,1.10,
P-2400-90-2026-01775,3630153,0,1.10,
P-2301-90-2026-00159,3629684,0,1.70,
P-1200-90-2026-01133,3630268,0,1.10,
P-2408-90-2026-00302,3629905,0,1.10,
P-1200-90-2026-01138,3630327,0,1.10,
P-2400-90-2026-01784,3630277,0,1.10,
P-3200-90-2026-01359,3629322,0,1.10,
P-3600-90-2026-00343,3629463,0,1.70,
P-9086-90-2026-00207,3630261,0,1.10,
P-2400-92-2026-00245,3629126,0,1.10,
P-9068-90-2026-00069,3629065,0,1.10,
P-1453-90-2026-00030,3630853,0,1.10,
P-1200-90-2026-01095,3629237,0,1.10,
P-9086-90-2026-00205,3629626,0,1.10,
P-3205-90-2026-00177,3630363,0,1.10,
P-2408-90-2026-00313,3630738,0,1.10,
P-3200-90-2026-01374,3629810,0,1.10,
P-3200-92-2026-00125,3630263,0,1.10,
P-2200-92-2026-00133,3629968,0,1.10,
P-2200-90-2026-00411,3630442,0,1.10,
P-9086-90-2026-00208,3630415,0,1.10,
P-2403-90-2026-00373,3630732,0,1.10,
P-2400-90-2026-01755,3629578,0,1.10,
P-3901-90-2026-00071,3630661,0,1.10,
P-3205-90-2026-00173,3630157,0,1.10,
P-2202-90-2026-00425,3629898,0,1.10,
P-4000-90-2026-00671,3630329,0,1.10,
P-1411-91-2026-00056,3630480,0,1.10,
P-2400-90-2026-01800,3630515,0,1.10,
P-3205-90-2026-00172,3630084,0,1.10,
P-3200-90-2026-01356,3629265,0,1.10,
P-9076-90-2026-00091,3630359,0,1.10,
P-3600-90-2026-00340,3629235,0,1.10,
P-2604-91-2026-00014,3629718,0,1.10,
P-1200-90-2026-01164,3630670,0,1.10,
P-2600-90-2026-00224,3629693,0,1.10,
P-1411-91-2026-00053,3629493,0,1.10,
P-3800-90-2026-00512,3630266,0,1.10,
P-3603-90-2026-00124,3629161,0,1.10,
P-1492-91-2026-00056,3629188,0,1.10,
P-4200-90-2026-00846,3629936,0,1.10,
P-1200-90-2026-01105,3629472,0,1.10,
P-2407-90-2026-00432,3630258,0,1.10,
P-3600-90-2026-00360,3630047,0,1.70,
P-3211-91-2026-00281,3630136,0,1.10,
P-1411-91-2026-00054,3629910,0,1.10,
P-2301-90-2026-00166,3630666,0,1.10,
P-1200-91-2026-00272,3629791,0,1.10,
P-3600-90-2026-00334,3629180,0,1.70,
P-8000-91-2026-00106,3628159,0,1.10,
P-8072-90-2026-00067,3630345,0,1.10,
P-2407-91-2026-00090,3630054,0,1.10,
P-3200-90-2026-01366,3629497,0,1.10,
P-9061-90-2026-00216,3629880,0,1.10,
P-1400-90-2026-00176,3630040,0,1.70,
P-1200-90-2026-01147,3630467,0,1.10,
P-2400-90-2026-01753,3629536,0,1.10,
P-2604-90-2026-00174,3629409,0,1.10,
P-1477-90-2026-00167,3629144,0,1.10,
P-1400-92-2026-00115,3629795,0,1.10,
P-3603-90-2026-00130,3630772,0,1.10,
P-2301-90-2026-00155,3629410,0,1.10,
P-2400-90-2026-01752,3629534,0,1.10,
P-4005-90-2026-00144,3629197,0,1.10,
P-3800-90-2026-00490,3629294,0,1.10,
P-2403-90-2026-00375,3630750,0,1.10,
P-2200-90-2026-00395,3629495,0,1.10,
P-2202-90-2026-00412,3629368,0,1.10,
P-2403-90-2026-00369,3630203,0,1.10,
P-3200-90-2026-01368,3629524,0,1.10,
P-2604-90-2026-00172,3629278,0,1.10,
P-4000-90-2026-00666,3630129,0,1.10,
P-3600-90-2026-00347,3629579,0,1.70,
P-1400-90-2026-00183,3630416,0,1.70,
P-4203-90-2026-00279,3629087,0,1.10,
P-2604-90-2026-00171,3629186,0,1.10,
P-3200-90-2026-01391,3630143,0,1.10,
P-9076-92-2026-00018,3629082,0,1.10,
P-4203-90-2026-00284,3629475,0,1.10,
P-1492-90-2026-00124,3630562,0,1.10,
P-8069-95-2026-00001,3607293,1,2.20,
P-2600-90-2026-00225,3629817,0,1.10,
P-9086-92-2026-00023,3630726,0,1.10,
P-1200-90-2026-01144,3630418,0,1.10,
P-1400-90-2026-00174,3629643,0,1.10,
P-1488-90-2026-00279,3630811,0,1.10,
P-9097-90-2026-00115,3630449,0,1.10,
P-3200-90-2026-01431,3630802,0,1.10,
P-2202-90-2026-00441,3630810,0,1.10,
P-1488-90-2026-00277,3629923,0,1.10,
P-3603-90-2026-00126,3629830,0,1.70,
P-3400-90-2026-00246,3629419,0,1.10,
P-1488-90-2026-00278,3630236,0,1.10,
P-2400-90-2026-01730,3629216,0,1.10,
P-2600-90-2026-00228,3629858,0,1.10,
P-9071-90-2026-00048,3630755,0,1.10,
P-1400-92-2026-00109,3629668,0,1.10,
P-4006-90-2026-00285,3629393,0,1.10,
P-4000-90-2026-00650,3629588,0,1.10,
P-4005-90-2026-00148,3630179,0,1.10,
P-4202-91-2026-00054,3629768,0,1.10,
P-2202-90-2026-00440,3630768,0,1.70,
P-4200-90-2026-00836,3629599,0,1.10,
P-2406-90-2026-00083,3629277,0,1.10,
P-2604-90-2026-00184,3630341,0,1.10,
P-1492-91-2026-00064,3630881,0,1.10,
P-3800-90-2026-00594,3632742,0,1.10,
P-3800-90-2026-00560,3631802,0,1.10,
P-1452-90-2026-00121,3632082,0,1.10,
P-3200-90-2026-01443,3630996,0,1.10,
P-4200-90-2026-00934,3631821,0,1.10,
P-2400-90-2026-01976,3632861,0,1.10,
P-3400-97-2025-00004,3313517,60,14.30,
P-2600-90-2026-00245,3631830,0,1.10,
P-1200-90-2026-01233,3632173,0,1.10,
P-3800-90-2026-00555,3631714,0,1.10,
P-4005-90-2026-00160,3632091,0,1.10,
P-3603-90-2026-00138,3631851,0,1.10,
P-3600-90-2026-00433,3632364,0,1.70,
P-2202-90-2026-00453,3631736,0,1.70,
P-2400-90-2026-01972,3632827,0,1.10,
P-4200-90-2026-00941,3631962,0,1.10,
P-4203-90-2026-00301,3631420,0,1.10,
P-3205-90-2026-00193,3632631,0,1.10,
P-1200-90-2026-01277,3632735,0,1.10,
P-1200-90-2026-01174,3631093,0,1.10,
P-9076-92-2026-00023,3632126,0,1.10,
P-3600-90-2026-00436,3632545,0,1.70,
P-3800-90-2026-00548,3631544,0,1.10,
P-1411-90-2026-00458,3631429,0,1.10,
P-1200-90-2026-01270,3632583,0,1.10,
P-4200-90-2026-00977,3632651,0,1.10,
P-9091-90-2026-00053,3632920,0,1.10,
P-4000-90-2026-00742,3632715,0,1.10,
P-2400-90-2026-01950,3632662,0,1.10,
P-3200-90-2026-01492,3631755,0,1.10,
P-2400-90-2026-01952,3632683,0,1.10,
P-3211-90-2026-00534,3631727,0,1.10,
P-1492-91-2026-00068,3631536,0,1.10,
P-9102-90-2026-00029,3631389,0,1.10,
P-2408-90-2026-00325,3631723,0,1.10,
P-4200-90-2026-00938,3631922,0,1.10,
P-9102-91-2026-00018,3632944,0,1.10,
P-4000-90-2026-00705,3631687,0,1.10,
P-2202-91-2026-00140,3632981,0,1.70,
P-3200-90-2026-01595,3632965,0,1.10,
P-2604-90-2026-00199,3632504,0,1.10,
P-2400-90-2026-01993,3632973,0,1.10,
P-3600-90-2026-00435,3632520,0,1.70,
P-8000-90-2026-00138,3631119,0,1.10,
P-2000-90-2026-00346,3632691,0,1.10,
P-4200-90-2026-00964,3632357,0,1.10,
P-9075-90-2026-00143,3632917,0,1.10,
P-3600-90-2026-00416,3631806,0,1.70,
P-4006-91-2026-00425,3632587,0,1.10,
P-2202-90-2026-00465,3632891,0,1.10,
P-1200-90-2026-01292,3632898,0,1.10,
P-1488-91-2026-00295,3632113,0,1.10,
P-3600-90-2026-00430,3632213,0,1.70,
P-2200-90-2026-00463,3632007,0,1.10,
P-2200-90-2026-00461,3631941,0,1.10,
P-3200-90-2026-01550,3632419,0,1.10,
P-1411-90-2026-00466,3631897,0,1.10,
P-2200-90-2026-00454,3631757,0,1.10,
P-2403-90-2026-00397,3632101,0,1.10,
P-3205-91-2026-00054,3632941,0,1.10,
P-3200-90-2026-01514,3631969,0,1.10,
P-3800-90-2026-00590,3632653,0,1.10,
P-9061-90-2026-00257,3631029,0,1.10,
P-9070-90-2026-00063,3631900,0,1.10,
P-3200-90-2026-01567,3632513,0,1.10,
P-4000-90-2026-00712,3632021,0,1.10,
P-1411-90-2026-00468,3632072,0,1.10,
P-2000-90-2026-00345,3632685,0,1.10,
P-2400-90-2026-01960,3632726,0,1.10,
P-2202-90-2026-00454,3631797,0,1.70,
P-1200-90-2026-01273,3632646,0,1.10,
P-2214-90-2026-00134,3632179,0,1.10,
P-2403-90-2026-00392,3631799,0,1.10,
P-2400-90-2026-01944,3632588,0,1.10,
P-2301-90-2026-00176,3632059,0,1.70,
P-4000-90-2026-00740,3632664,0,1.10,
P-3800-90-2026-00576,3632238,0,1.10,
P-1200-90-2026-01217,3631924,0,1.10,
P-1488-90-2026-00293,3631794,0,1.10,
P-4006-91-2026-00428,3632754,0,1.70,
P-3600-90-2026-00420,3631927,0,1.70,
P-3200-90-2026-01557,3632455,0,1.10,
P-1200-90-2026-01251,3632401,0,1.10,
P-4000-90-2026-00727,3632490,0,1.10,
P-4000-90-2026-00729,3632506,0,1.10,
P-1200-91-2026-00306,3633045,0,1.10,
P-1200-90-2026-01289,3632845,0,1.10,
P-4200-90-2026-00992,3632951,0,1.70,
P-9075-90-2026-00142,3632933,0,1.10,
P-2400-90-2026-01854,3631281,0,1.10,
P-2202-90-2026-00447,3631307,0,1.10,
P-3901-90-2026-00073,3630861,0,1.10,
P-2000-90-2026-00315,3630978,0,1.10,
P-2200-90-2026-00440,3631473,0,1.10,
P-3800-90-2026-00541,3631333,0,1.10,
P-2600-90-2026-00239,3631497,0,1.10,
P-2400-90-2026-01819,3630847,0,1.10,
P-2214-90-2026-00126,3631390,0,1.10,
P-2400-90-2026-01834,3631026,0,1.10,
P-1492-90-2026-00126,3630966,0,1.10,
P-4200-90-2026-00912,3631454,0,1.10,
P-4005-90-2026-00157,3631489,0,1.10,
P-3400-90-2026-00259,3631125,0,1.70,
P-2400-90-2026-01879,3631654,0,1.10,
P-2200-90-2026-00449,3631627,0,1.10,
P-4200-90-2026-00926,3631665,0,1.10,
P-4000-90-2026-00706,3631732,0,1.10,
P-2400-90-2026-01872,3631591,0,1.10,
P-3600-90-2026-00406,3631613,0,1.70,
P-2200-90-2026-00451,3631651,0,1.10,
P-2200-90-2026-00434,3631248,0,1.10,
P-4202-90-2026-00294,3631537,0,1.10,
P-2408-90-2026-00323,3631572,0,1.10,
P-4200-90-2026-00902,3631244,0,1.70,
P-4203-90-2026-00293,3630989,0,1.10,
P-1488-90-2026-00289,3631710,0,1.10,
P-2202-90-2026-00442,3630975,0,1.10,
P-2400-90-2026-01860,3631386,0,1.10,
P-2000-90-2026-00318,3631167,0,1.10,
P-2408-90-2026-00324,3631580,0,1.10,
P-2200-90-2026-00442,3631508,0,1.10,
P-3600-90-2026-00384,3631003,0,1.10,
P-2202-90-2026-00456,3632001,0,1.10,
P-3211-90-2026-00548,3632955,0,1.10,
P-3200-90-2026-01489,3631728,0,1.10,
P-2200-90-2026-00472,3632233,0,1.10,
P-2405-90-2026-00090,3632269,0,1.10,
P-1402-91-2026-00001,3631387,0,1.10,
P-4006-90-2026-00322,3632431,0,1.10,
P-2200-90-2026-00473,3632218,0,1.10,
P-2400-91-2026-00211,3632538,0,1.10,
P-3600-90-2026-00391,3631163,0,1.70,
P-2403-90-2026-00391,3631701,0,1.10,
P-4400-90-2026-00377,3631405,0,1.10,
P-2600-90-2026-00254,3632516,0,1.10,
P-2200-90-2026-00420,3630921,0,1.10,
P-4006-90-2026-00321,3632426,0,1.10,
P-2409-90-2026-00074,3632093,0,1.10,
P-4200-90-2026-00972,3632515,0,1.10,
P-4200-90-2026-00935,3631828,0,1.10,
P-2400-90-2026-01941,3632543,0,1.10,
P-3205-91-2026-00053,3632632,0,1.10,
P-2200-90-2026-00486,3632810,0,1.10,
P-2403-90-2026-00403,3632956,0,1.10,
P-3200-90-2026-01596,3632974,0,1.10,
P-1488-90-2026-00300,3632874,0,1.10,
P-4203-90-2026-00309,3631857,0,1.10,
P-2400-90-2026-01910,3632143,0,1.10,
P-9068-90-2026-00075,3632351,0,1.10,
P-2400-90-2026-01924,3632365,0,1.10,
P-3800-90-2026-00571,3632153,0,1.10,
P-2400-90-2026-01857,3631335,0,1.10,
P-1200-90-2026-01304,3633054,0,1.10,
P-1200-90-2026-01278,3632721,0,1.10,
P-3205-90-2026-00191,3632423,0,1.10,
P-3800-90-2026-00567,3631926,0,1.10,
P-2400-90-2026-01864,3631463,0,1.10,
P-9068-90-2026-00078,3632464,0,1.10,
P-4202-90-2026-00303,3632514,0,1.70,
P-4006-90-2026-00324,3632613,0,1.10,
P-3211-90-2026-00533,3631711,0,1.10,
P-4000-90-2026-00699,3631478,0,1.10,
P-4200-90-2026-00889,3631042,0,1.10,
P-9093-90-2026-00034,3632103,0,1.10,
P-2407-90-2026-00484,3631986,0,1.10,
P-2400-90-2026-01937,3632524,0,1.10,
P-9082-92-2026-00013,3631843,0,1.10,
P-2400-90-2026-01874,3631617,0,1.10,
P-1488-90-2026-00281,3630859,0,1.10,
P-1488-90-2026-00296,3632539,0,1.10,
P-4400-90-2026-00382,3631839,0,1.10,
P-2202-90-2026-00463,3632831,0,1.10,
P-9068-90-2026-00077,3632454,0,1.10,
P-2200-90-2026-00439,3631408,0,1.10,
P-3600-90-2026-00443,3632820,0,1.70,
P-1200-90-2026-01216,3631905,0,1.10,
P-2200-90-2026-00485,3632813,0,1.10,
P-4200-90-2026-00891,3631060,0,1.10,
P-2400-90-2026-01948,3632627,0,1.10,
P-1492-91-2026-00065,3630897,0,1.10,
P-2400-90-2026-01891,3631826,0,1.10,
P-4400-90-2026-00376,3631314,0,1.10,
P-4000-90-2026-00707,3631743,0,1.10,
P-4203-90-2026-00299,3631346,0,1.10,
P-3200-90-2026-01570,3632602,0,1.10,
P-1474-90-2026-00112,3632272,0,1.10,
P-2600-90-2026-00237,3631287,0,1.10,
P-3600-90-2026-00419,3631888,0,1.70,
P-3600-90-2026-00401,3631511,0,1.10,
P-4200-90-2026-00948,3632122,0,1.10,
P-9097-90-2026-00118,3632938,0,1.10,
P-3200-90-2026-01582,3632812,0,1.10,
P-2400-90-2026-02030,3633081,0,1.10,
P-9075-90-2026-00146,3633322,0,1.10,
P-2400-90-2026-02045,3633235,0,1.10,
P-2400-90-2026-02040,3633211,0,1.10,
P-4200-90-2026-01001,3633137,0,1.10,
P-3205-90-2026-00196,3633290,0,1.10,
P-2202-90-2026-00481,3633280,0,1.10,
P-1200-90-2026-01325,3633161,0,1.10,
P-2400-90-2026-02028,3633106,0,1.10,
P-4200-90-2026-00999,3633116,0,1.10,
P-1200-90-2026-01315,3633068,0,1.10,
P-2400-90-2026-02037,3633186,0,1.10,
P-2400-90-2026-02050,3633251,0,1.10,
P-1200-90-2026-01317,3633072,0,1.10,
P-2400-90-2026-02055,3633259,0,1.10,
P-1200-90-2026-01320,3633094,0,1.10,
P-9075-90-2026-00148,3633329,0,1.10,
P-9075-90-2026-00147,3633325,0,1.10,
P-2400-90-2026-02017,3633095,0,1.70,
P-2400-90-2026-02043,3633232,0,1.10,
P-1400-90-2026-00200,3633077,0,1.70,
P-9082-90-2026-00062,3633285,0,1.10,
P-4200-90-2026-01005,3633192,0,1.10,
P-9067-91-2026-00006,3633160,0,1.10,
P-4200-90-2026-01017,3633371,0,1.10,
P-2408-90-2026-00350,3633667,0,1.10,
P-4200-90-2026-01028,3633495,0,1.10,
P-2403-90-2026-00425,3633825,0,1.10,
P-2604-90-2026-00215,3633850,0,1.10,
P-2202-90-2026-00500,3633687,0,1.10,
P-2604-90-2026-00214,3633876,0,1.10,
P-3211-90-2026-00560,3633821,0,1.10,
P-1411-90-2026-00483,3633400,0,1.10,
P-1488-91-2026-00308,3633623,0,1.10,
P-3205-90-2026-00199,3633785,0,1.10,
P-2400-90-2026-02079,3633592,0,1.10,
P-4200-90-2026-01037,3633572,0,1.10,
P-4006-90-2026-00342,3633598,0,1.10,
P-2400-90-2026-02072,3633531,0,1.10,
P-1453-90-2026-00035,3633612,0,1.10,
P-2202-90-2026-00492,3633551,0,1.70,
P-2202-90-2026-00505,3633800,0,1.10,
P-4200-90-2026-01042,3633635,0,1.10,
P-9075-90-2026-00151,3633563,0,1.10,
P-2400-90-2026-02085,3633645,0,1.10,
P-2400-90-2026-02097,3633692,0,1.10,
P-2400-90-2026-02084,3633626,0,1.10,
P-4200-90-2026-01044,3633641,0,1.10,
P-2400-90-2026-02069,3633496,0,1.10,
P-4006-90-2026-00337,3633374,0,1.10,
P-4006-90-2026-00338,3633500,0,1.10,
P-4200-90-2026-01019,3633407,0,1.10,
P-2409-90-2026-00077,3633872,0,1.10,
P-1411-90-2026-00501,3633882,0,1.10,
P-2400-90-2026-02111,3633902,0,1.10,
P-9071-90-2026-00057,3633814,0,1.10,
P-2403-90-2026-00422,3633731,0,1.10,
P-4006-90-2026-00354,3633816,0,1.10,
P-9091-90-2026-00055,3633907,0,1.10,
P-2202-90-2026-00511,3633862,0,1.10,
P-1488-91-2026-00311,3633839,0,1.10,
P-1453-90-2026-00037,3633749,0,1.10,
P-2406-90-2026-00086,3633413,0,1.10,
P-2408-90-2026-00345,3633438,0,1.10,
P-9077-90-2026-00124,3633813,0,1.10,
P-8000-90-2026-00144,3633811,0,1.10,
P-2403-90-2026-00414,3633462,0,1.10,
P-1200-91-2026-00123,3615770,0,1.10,
P-9075-90-2026-00149,3633573,0,1.10,
P-2409-90-2026-00076,3633846,0,1.10,
P-2408-90-2026-00358,3633766,0,1.10,
P-2000-90-2026-00356,3634058,0,1.10,
P-3200-90-2026-01663,3635052,0,1.10,
P-4000-90-2026-00792,3635479,0,1.10,
P-1200-90-2026-01443,3636102,0,1.10,
P-2000-90-2026-00380,3635165,0,1.10,
P-4006-90-2026-00386,3636269,0,1.10,
P-2400-90-2026-02154,3634371,0,1.10,
P-4000-90-2026-00796,3635581,0,1.10,
P-2403-90-2026-00445,3635114,0,1.10,
P-1411-90-2026-00536,3636419,0,1.10,
P-1411-90-2026-00503,3634127,0,1.10,
P-3400-90-2026-00278,3634517,0,1.70,
P-3600-90-2026-00445,3634055,0,1.70,
P-2214-90-2026-00139,3634529,0,1.10,
P-1200-90-2026-01422,3635844,0,1.10,
P-4000-90-2026-00752,3634083,0,1.10,
P-9091-90-2026-00061,3634576,0,1.10,
P-9071-90-2026-00059,3635214,0,1.10,
P-2400-90-2026-02276,3636167,0,1.10,
P-1411-90-2026-00521,3635661,0,1.10,
P-2408-90-2026-00362,3634080,0,1.10,
P-9076-90-2026-00106,3633456,0,1.10,
P-2407-90-2026-00573,3634616,0,1.10,
P-3211-91-2026-00320,3636288,0,1.10,
P-3800-90-2026-00673,3635633,0,1.10,
P-2403-90-2026-00440,3634659,0,1.10,
P-4200-90-2026-01094,3634664,0,1.10,
P-1200-91-2026-00329,3636143,0,1.10,
P-1492-90-2026-00150,3636382,0,1.10,
P-2400-90-2026-02128,3634033,0,1.10,
P-1477-90-2026-00192,3635638,0,1.10,
P-4006-90-2026-00370,3635385,0,1.10,
P-3200-90-2026-01625,3634447,0,1.10,
P-3211-90-2026-00567,3634285,0,1.10,
P-1200-90-2026-01449,3636122,0,1.10,
P-2301-90-2026-00184,3634392,0,1.10,
P-2400-90-2026-02133,3634046,0,1.10,
P-2408-90-2026-00392,3636283,0,1.10,
P-1411-90-2026-00509,3634630,0,1.10,
P-2400-90-2026-02220,3635428,0,1.10,
P-3600-90-2026-00461,3634720,0,1.70,
P-2000-90-2026-00363,3634382,0,1.10,
P-3800-90-2026-00652,3635083,0,1.10,
P-2400-90-2026-02181,3634828,0,1.10,
P-2400-90-2026-02157,3634422,0,1.10,
P-2400-91-2026-00219,3635278,0,1.10,
P-2400-90-2026-02238,3635780,0,1.10,
P-3205-90-2026-00219,3636080,0,1.10,
P-2403-90-2026-00470,3636380,0,1.10,
P-1400-91-2026-00024,3635117,0,1.70,
P-4200-90-2026-01108,3634924,0,1.10,
P-3600-90-2026-00477,3635198,0,1.10,
P-2000-90-2026-00376,3634977,0,1.10,
P-2200-90-2026-00517,3634991,0,1.10,
P-2400-90-2026-02257,3635992,0,1.10,
P-3800-90-2026-00642,3634885,0,1.10,
P-4400-90-2026-00423,3634860,0,1.10,
P-3200-90-2026-01711,3635550,0,1.10,
P-1200-90-2026-01374,3635250,0,1.10,
P-3200-90-2026-01745,3635999,0,1.10,
P-4400-90-2026-00430,3635342,0,1.10,
P-2405-90-2026-00111,3634595,0,1.10,
P-4400-91-2026-00147,3635151,0,1.70,
P-2400-90-2026-02292,3636479,0,1.10,
P-3600-90-2026-00486,3635486,0,1.70,
P-2604-90-2026-00225,3635095,0,1.10,
P-1200-90-2026-01396,3635654,0,1.10,
P-1200-90-2026-01439,3636015,0,1.10,
P-3211-90-2026-00591,3636194,0,1.10,
P-3800-90-2026-00654,3635136,0,1.10,
P-9061-90-2026-00278,3635585,0,1.10,
P-4203-90-2026-00336,3634848,0,1.10,
P-2403-90-2026-00469,3636328,0,1.10,
P-1477-90-2026-00185,3634931,0,1.10,
P-2400-90-2026-02211,3635272,0,1.10,
P-2408-90-2026-00360,3634054,0,1.10,
P-3205-90-2026-00215,3635419,0,1.10,
P-2000-90-2026-00384,3635455,0,1.10,
P-1200-90-2026-01376,3635329,0,1.10,
P-4200-90-2026-01076,3634331,0,1.10,
P-2400-90-2026-02130,3634040,0,1.10,
P-9076-90-2026-00104,3633453,0,1.10,
P-4000-90-2026-00845,3636246,0,1.10,
P-2403-90-2026-00427,3634156,0,1.10,
P-2301-90-2026-00201,3636259,0,1.70,
P-4202-91-2026-00071,3635517,0,1.70,
P-3600-90-2026-00493,3635627,0,1.70,
P-2403-90-2026-00438,3634584,0,1.10,
P-2400-90-2026-02235,3635700,0,1.10,
P-3211-90-2026-00596,3636370,0,1.10,
P-3600-90-2026-00490,3635573,0,1.70,
P-2600-90-2026-00280,3635188,0,1.10,
P-2400-90-2026-02190,3635064,0,1.10,
P-4200-90-2026-01087,3634571,0,1.10,
P-3800-90-2026-00621,3634377,0,1.10,
P-3603-91-2026-00007,3634142,0,1.70,
P-1411-90-2026-00540,3636496,0,1.10,
P-3800-92-2026-00114,3634075,0,1.10,
P-2407-90-2026-00583,3636329,0,1.10,
P-1200-90-2026-01473,3636526,0,1.10,
P-3200-90-2026-01747,3636018,0,1.10,
P-3603-90-2026-00156,3635232,0,1.10,
P-3200-90-2026-01682,3635213,0,1.10,
P-1453-90-2026-00041,3634563,0,1.10,
P-3200-90-2026-01796,3636437,0,1.10,
P-4000-90-2026-00789,3635358,0,1.10,
P-1200-90-2026-01446,3636116,0,1.10,
P-3211-90-2026-00578,3634943,0,1.10,
P-1400-90-2026-00208,3634539,0,1.70,
P-2604-90-2026-00234,3635801,0,1.10,
P-2200-90-2026-00514,3634927,0,1.10,
P-2000-90-2026-00367,3634525,0,1.10,
P-4006-90-2026-00364,3634535,0,1.10,
P-9061-91-2026-00474,3634745,0,1.10,
P-2405-90-2026-00110,3634504,0,1.10,
P-3600-90-2026-00462,3634786,0,1.70,
P-9086-90-2026-00239,3635478,0,1.10,
P-2200-90-2026-00523,3635207,0,1.10,
P-4200-90-2026-01136,3635758,0,1.10,
P-3211-91-2026-00309,3634407,0,1.10,
P-3200-90-2026-01632,3634553,0,1.10,
P-2408-90-2026-00364,3634116,0,1.10,
P-4006-90-2026-00391,3636470,0,1.10,
P-9061-91-2026-00471,3634510,0,1.10,
P-1452-90-2026-00136,3634708,0,1.10,
P-1200-90-2026-01359,3634903,0,1.10,
P-3800-90-2026-00615,3634123,0,1.10,
P-4005-90-2026-00170,3634746,0,1.10,
P-2000-90-2026-00404,3636219,0,1.10,
P-9061-90-2026-00279,3635716,0,1.10,
P-4200-90-2026-01125,3635442,0,1.10,
P-2403-90-2026-00467,3636250,0,1.10,
P-2000-90-2026-00365,3634476,0,1.10,
P-1488-90-2026-00317,3634984,0,1.10,
P-4000-90-2026-00802,3635666,0,1.10,
P-3603-90-2026-00158,3636405,0,1.70,
P-1200-90-2026-01355,3634792,0,1.10,
P-1411-90-2026-00525,3636270,0,1.10,
P-2000-90-2026-00369,3634636,0,1.10,
P-4200-90-2026-01134,3635628,0,1.10,
P-1200-90-2026-01347,3634534,0,1.10,
P-3400-90-2026-00295,3636049,0,1.10,
P-1200-90-2026-01402,3635725,0,1.10,
P-9076-90-2026-00112,3634138,0,1.10,
P-1200-90-2026-01407,3635767,0,1.10,
P-1477-90-2026-00197,3636398,0,1.10,
P-1200-90-2026-01413,3635822,0,1.10,
P-2408-90-2026-00363,3634115,0,1.10,
P-2400-90-2026-02223,3635459,0,1.10,
P-9076-90-2026-00105,3633455,0,1.10,
P-2604-90-2026-00231,3635680,0,1.10,
P-4200-90-2026-01068,3634157,0,1.10,
P-3800-90-2026-00628,3634562,0,1.10,
P-2600-90-2026-00290,3635707,0,1.10,
P-4203-90-2026-00343,3635301,0,1.10,
P-1200-90-2026-01386,3635531,0,1.10,
P-2604-90-2026-00217,3634154,0,1.10,
P-2301-90-2026-00182,3634105,0,1.10,
P-1200-90-2026-01463,3636430,0,1.10,
P-2403-90-2026-00443,3634857,0,1.10,
P-2400-90-2026-02215,3635382,0,1.10,
P-9086-92-2026-00027,3635063,0,1.10,
P-3800-90-2026-00677,3635768,0,1.10,
P-9075-90-2026-00157,3634972,0,1.10,
P-3200-90-2026-01761,3636183,0,1.10,
P-1200-90-2026-01356,3634805,0,1.10,
P-9075-90-2026-00154,3634505,0,1.10,
P-1400-92-2026-00158,3634876,0,1.10,
P-3200-90-2026-01642,3634783,0,1.10,
P-3800-90-2026-00691,3636184,0,1.10,
P-2403-92-2026-00139,3634954,0,1.10,
P-1200-90-2026-01372,3635255,0,1.10,
P-9061-91-2026-00484,3635520,0,1.10,
P-4400-90-2026-00406,3634213,0,1.10,
P-2301-90-2026-00194,3635310,0,1.10,
P-4203-90-2026-00332,3634507,0,1.10,
P-3200-90-2026-01618,3634266,0,1.10,
P-3200-90-2026-01723,3635777,0,1.10,
P-2400-90-2026-02167,3634637,0,1.10,
P-9102-90-2026-00035,3634583,0,1.10,
P-3800-90-2026-00646,3634955,0,1.10,
P-2215-90-2026-00137,3634736,0,1.10,
P-3200-90-2026-01686,3635240,0,1.10,
P-4400-90-2026-00433,3635509,0,1.10,
P-4200-90-2026-01145,3636051,0,1.10,
P-3800-90-2026-00690,3636172,0,1.10,
P-2200-90-2026-00530,3635568,0,1.10,
P-9061-91-2026-00490,3635987,0,1.10,
P-2403-90-2026-00466,3636249,0,1.10,
P-1200-90-2026-01350,3634648,0,1.10,
P-3200-90-2026-01654,3634958,0,1.10,
P-4000-90-2026-00846,3636264,0,1.10,
P-1200-90-2026-01370,3635221,0,1.10,
P-4006-91-2026-00447,3634572,0,1.70,
P-2409-90-2026-00082,3634719,0,1.10,
P-3200-90-2026-01721,3635757,0,1.10,
P-1400-90-2026-00218,3635672,0,1.70,
P-2405-90-2026-00109,3634419,0,1.10,
P-9086-90-2026-00230,3634084,0,1.10,
P-1200-90-2026-01458,3636256,0,1.10,
P-3200-90-2026-01612,3634169,0,1.10,
P-1200-90-2026-01424,3635845,0,1.10,
P-3200-91-2026-00123,3635558,0,1.10,
P-4200-90-2026-01140,3635850,0,1.70,
P-4200-90-2026-01103,3634856,0,1.10,
P-1400-90-2026-00211,3634812,0,1.70,
P-2200-90-2026-00535,3636177,0,1.10,
P-4000-90-2026-00769,3634807,0,1.10,
P-2409-90-2026-00083,3636600,0,1.10,
P-9061-90-2026-00289,3636971,0,1.10,
P-3800-90-2026-00701,3636599,0,1.10,
P-2400-90-2026-02329,3636875,0,1.10,
P-3200-90-2026-01805,3636654,0,1.10,
P-2408-90-2026-00396,3636566,0,1.10,
P-4203-90-2026-00354,3636582,0,1.10,
P-2200-90-2026-00543,3636865,0,1.10,
P-4000-90-2026-00853,3636701,0,1.10,
P-1200-90-2026-01490,3636755,0,1.10,
P-3600-90-2026-00526,3637366,0,1.70,
P-9086-90-2026-00253,3637561,0,1.10,
P-3600-90-2026-00512,3636710,0,1.70,
P-3200-90-2026-01844,3637709,0,1.10,
P-3200-90-2026-01820,3637057,0,1.10,
P-3600-90-2026-00529,3637520,0,1.70,
P-2405-90-2026-00143,3636964,0,1.10,
P-3800-90-2026-00718,3637166,0,1.10,
P-3800-91-2026-00058,3636647,0,1.10,
P-4200-90-2026-01202,3637565,0,1.10,
P-3800-90-2026-00733,3637594,0,1.10,
P-3211-91-2026-00325,3637778,0,1.10,
P-3211-90-2026-00583,3635706,0,1.10,
P-3200-90-2026-01848,3637782,0,1.10,
P-4200-90-2026-01209,3637723,0,1.10,
P-2400-90-2026-02394,3637759,0,1.10,
P-3800-90-2026-00709,3636874,0,1.10,
P-9077-90-2026-00137,3637644,0,1.10,
P-2200-90-2026-00546,3637050,0,1.10,
P-3800-90-2026-00697,3636547,0,1.10,
P-2000-90-2026-00412,3637042,0,1.10,
P-2214-90-2026-00148,3637071,0,1.10,
P-1488-91-2026-00328,3636402,0,1.10,
P-9086-91-2026-00078,3636963,0,1.10,
P-4000-90-2026-00871,3637145,0,1.10,
P-2600-90-2026-00298,3637000,0,1.10,
P-2000-90-2026-00416,3637338,0,1.10,
P-3200-90-2026-01810,3636906,0,1.10,
P-3205-90-2026-00230,3636816,0,1.10,
P-4000-90-2026-00877,3637295,0,1.10,
P-4000-90-2026-00847,3636550,0,1.10,
P-1200-90-2026-01506,3637218,0,1.10,
P-2202-90-2026-00549,3636787,0,1.70,
P-3200-90-2026-01827,3637311,0,1.10,
P-2403-92-2026-00149,3637428,0,1.10,
P-2403-90-2026-00481,3637401,0,1.10,
P-3800-91-2026-00059,3637019,0,1.10,
P-2400-90-2026-02361,3637343,0,1.10,
P-2200-90-2026-00551,3637162,0,1.10,
P-4200-90-2026-01178,3637105,0,1.10,
P-2200-90-2026-00547,3637080,0,1.10,
P-3800-90-2026-00705,3636689,0,1.10,
P-3603-90-2026-00164,3637331,0,1.10,
P-9086-90-2026-00251,3637324,0,1.10,
P-1200-90-2026-01507,3637207,0,1.10,
P-9086-91-2026-00077,3636930,0,1.10,
P-3200-90-2026-01806,3636679,0,1.10,
P-4203-90-2026-00370,3637253,0,1.10,
P-1200-90-2026-01500,3637031,0,1.10,
P-4200-90-2026-01181,3637221,0,1.10,
P-9077-90-2026-00135,3637239,0,1.10,
P-1200-90-2026-01505,3637178,0,1.10,
P-4006-90-2026-00398,3637301,0,1.10,
P-9061-91-2026-00497,3636613,0,1.10,
P-2408-90-2026-00399,3636641,0,1.10,
P-4006-90-2026-00396,3637222,0,1.10,
P-2604-90-2026-00243,3637094,0,1.10,
P-3800-91-2026-00057,3636260,0,1.10,
P-9086-91-2026-00085,3637140,0,1.10,
P-2408-90-2026-00409,3637260,0,1.10,
P-2400-90-2026-02313,3636636,0,1.10,
P-3800-90-2026-00708,3636845,0,1.10,
P-3603-90-2026-00160,3636668,0,1.10,
P-3400-90-2026-00308,3637559,0,1.70,
P-2600-90-2026-00300,3637161,0,1.10,
P-9061-90-2026-00304,3638053,0,1.10,
P-4400-90-2026-00469,3638095,0,1.10,
P-2215-90-2026-00141,3636885,0,1.10,
P-2400-90-2026-02384,3637647,0,1.10,
P-3211-91-2026-00323,3637303,0,1.10,
P-2400-90-2026-02392,3637775,0,1.10,
P-1200-92-2026-00161,3637798,0,1.10,
P-2200-90-2026-00557,3637318,0,1.10,
P-3400-90-2026-00318,3638172,0,1.70,
P-2400-90-2026-02380,3637612,0,1.10,
P-4000-90-2026-00882,3637560,0,1.10,
P-4200-90-2026-01154,3636619,0,1.10,
P-9086-91-2026-00076,3636886,0,1.10,
P-2403-90-2026-00476,3636891,0,1.10,
P-1200-90-2026-01532,3637661,0,1.10,
P-9086-90-2026-00254,3637786,0,1.10,
P-1452-90-2026-00146,3637660,0,1.10,
P-1200-90-2026-01541,3637810,0,1.10,
P-4200-90-2026-01214,3637872,0,1.10,
P-1200-90-2026-01491,3636826,0,1.10,
P-4000-90-2026-00874,3637220,0,1.10,
P-3900-90-2026-00094,3637667,0,1.10,
P-2400-90-2026-02353,3637278,0,1.10,
P-2400-90-2026-02408,3637974,0,1.10,
P-2408-90-2026-00415,3637696,0,1.10,
P-3200-90-2026-01818,3637017,0,1.10,
P-4000-90-2026-00890,3637851,0,1.10,
P-2000-91-2026-00023,3638146,0,1.10,
P-3600-90-2026-00516,3636842,0,1.70,
P-1474-90-2026-00125,3637363,0,1.10,
P-9086-90-2026-00255,3638213,0,1.10,
P-9076-90-2026-00118,3636551,0,1.10,
P-4200-90-2026-01171,3636862,0,1.10,
P-1492-91-2026-00085,3638445,0,1.10,
P-9075-90-2026-00170,3638646,0,1.10,
P-4400-90-2026-00468,3638093,0,1.10,
P-3800-90-2026-00737,3637806,0,1.10,
P-2400-90-2026-02411,3638014,0,1.10,
P-3200-90-2026-01871,3637955,0,1.10,
P-4000-90-2026-00905,3638070,0,1.10,
P-1492-90-2026-00155,3638269,0,1.10,
P-2400-90-2026-02453,3638603,0,1.10,
P-3200-90-2026-01908,3638469,0,1.10,
P-3200-90-2026-01845,3637725,0,1.10,
P-9077-90-2026-00141,3638479,0,1.10,
P-2214-90-2026-00156,3638587,0,1.10,
P-2202-90-2026-00568,3638517,0,1.10,
P-2200-90-2026-00567,3637906,0,1.10,
P-3400-90-2026-00320,3638265,0,1.70,
P-4000-90-2026-00912,3638318,0,1.10,
P-2400-90-2026-02455,3638589,0,1.10,
P-1200-91-2026-00355,3638593,0,1.10,
P-1200-90-2026-01564,3638173,0,1.10,
P-3211-90-2026-00621,3638344,0,1.10,
P-2403-90-2026-00494,3638482,0,1.10,
P-9097-90-2026-00146,3638647,0,1.10,
P-1200-90-2026-01593,3638557,0,1.10,
P-1200-90-2026-01550,3638023,0,1.10,
P-2403-90-2026-00488,3637804,0,1.10,
P-1200-90-2026-01566,3638167,0,1.10,
P-3200-90-2026-01898,3638348,0,1.10,
P-1411-90-2026-00558,3638377,0,1.10,
P-3211-90-2026-00630,3638546,0,1.10,
P-2200-90-2026-00569,3638259,0,1.10,
P-4203-90-2026-00377,3638376,0,1.10,
P-3200-90-2026-01891,3638262,0,1.10,
P-4203-90-2026-00380,3638597,0,1.10,
P-9071-92-2026-00041,3637626,0,1.10,
P-9082-90-2026-00072,3638527,0,1.10,
P-3800-90-2026-00754,3638352,0,1.10,
P-2400-90-2026-02433,3638177,0,1.10,
P-2200-90-2026-00577,3638368,0,1.10,
P-2400-90-2026-02441,3638303,0,1.10,
P-3200-90-2026-01929,3638600,0,1.10,
P-1200-90-2026-01570,3638252,0,1.10,
P-9061-91-2026-00555,3638398,0,1.10,
P-3211-90-2026-00629,3638536,0,1.10,
P-1200-91-2026-00345,3638013,0,1.10,
P-1200-90-2026-01591,3638408,0,1.10,
P-3200-90-2026-01843,3637670,0,1.10,
P-1200-90-2026-01537,3637758,0,1.10,
P-1200-90-2026-01556,3638101,0,1.10,
P-1200-91-2026-00342,3637711,0,1.10,
P-9097-90-2026-00142,3638639,0,1.10,
P-1200-90-2026-01579,3638320,0,1.10,
P-2405-90-2026-00146,3637715,0,1.10,
P-1474-90-2026-00127,3637813,0,1.10,
P-2403-90-2026-00486,3637587,0,1.10,
P-3211-90-2026-00628,3638553,0,1.10,
P-3200-90-2026-01889,3638209,0,1.10,
P-8000-90-2026-00156,3637025,0,1.10,
P-3211-90-2026-00617,3638084,0,1.10,
P-4006-90-2026-00409,3637658,0,1.10,
P-2400-90-2026-02527,3639781,0,1.10,
P-4006-91-2026-00521,3639295,0,1.70,
P-9076-90-2026-00132,3638665,0,1.10,
P-1452-90-2026-00157,3640149,0,1.10,
P-1488-91-2026-00358,3640211,0,1.10,
P-9071-90-2026-00068,3640323,0,1.10,
P-1200-90-2026-01647,3639528,0,1.10,
P-1200-90-2026-01617,3638897,0,1.10,
P-2405-90-2026-00151,3638994,0,1.10,
P-2604-90-2026-00264,3640236,0,1.10,
P-2604-92-2026-00092,3639854,0,1.10,
P-9061-91-2026-00560,3638702,0,1.10,
P-4006-90-2026-00432,3640126,0,1.10,
P-8035-91-2026-00112,3640308,0,1.10,
P-9077-90-2026-00148,3639663,0,1.10,
P-9086-90-2026-00260,3638677,0,1.10,
P-2405-90-2026-00156,3640202,0,1.10,
P-8000-91-2026-00136,3639908,0,1.70,
P-4200-90-2026-01311,3640080,0,1.10,
P-2405-90-2026-00157,3640253,0,1.10,
P-9061-90-2026-00319,3639693,0,1.10,
P-9091-90-2026-00097,3640293,0,1.10,
P-3200-90-2026-02012,3640206,0,1.10,
P-9086-90-2026-00261,3638911,0,1.10,
P-3800-90-2026-00772,3639014,0,1.10,
P-4200-90-2026-01312,3640086,0,1.10,
P-2202-90-2026-00595,3640091,0,1.10,
P-3200-90-2026-01931,3638690,0,1.10,
P-4200-90-2026-01252,3638826,0,1.10,
P-2400-90-2026-02487,3639022,0,1.10,
P-2400-90-2026-02477,3638875,0,1.10,
P-2409-90-2026-00089,3638923,0,1.10,
P-2400-90-2026-02486,3639021,0,1.10,
P-2403-90-2026-00514,3639629,0,1.10,
P-3200-90-2026-01947,3638988,0,1.10,
P-4200-90-2026-01244,3638681,0,1.10,
P-2214-90-2026-00157,3638797,0,1.10,
P-8067-91-2026-00097,3638773,0,1.10,
P-1411-90-2026-00567,3638987,0,1.10,
P-2408-90-2026-00430,3639110,0,1.10,
P-3603-90-2026-00174,3639104,0,1.70,
P-1200-90-2026-01629,3639212,0,1.10,
P-3200-90-2026-01977,3639604,0,1.10,
P-2214-90-2026-00164,3639005,0,1.10,
P-3900-90-2026-00098,3638843,0,1.10,
P-1492-90-2026-00161,3639599,0,1.10,
P-8035-91-2026-00108,3640132,0,1.10,
P-2200-90-2026-00588,3639359,0,1.10,
P-4200-90-2026-01257,3638933,0,1.10,
P-2600-90-2026-00311,3639172,0,1.10,
P-8072-92-2026-00034,3639984,0,1.10,
P-2409-90-2026-00090,3639085,0,1.10,
P-1477-90-2026-00218,3640271,0,1.10,
P-1200-90-2026-01700,3640324,0,1.10,
P-3200-90-2026-01964,3639310,0,1.10,
P-9078-90-2026-00026,3639193,0,1.10,
P-2000-90-2026-00432,3639144,0,1.10,
P-1200-90-2026-01695,3640115,0,1.10,
P-1200-90-2026-01683,3640011,0,1.10,
P-2400-90-2026-02541,3639915,0,1.10,
P-4006-91-2026-00527,3640052,0,1.10,
P-3200-90-2026-01943,3638906,0,1.10,
P-4005-90-2026-00194,3639476,0,1.10,
P-3200-90-2026-01984,3639732,0,1.10,
P-2408-90-2026-00435,3639339,0,1.10,
P-4000-90-2026-00940,3639336,0,1.10,
P-2000-90-2026-00441,3639870,0,1.10,
P-3200-90-2026-01992,3639862,0,1.10,
P-3800-90-2026-00783,3639653,0,1.10,
P-3600-90-2026-00566,3639873,0,1.10,
P-4400-90-2026-00479,3639412,0,1.10,
P-9082-90-2026-00075,3639148,0,1.10,
P-1200-90-2026-01658,3639728,0,1.10,
P-1200-90-2026-01678,3639981,0,1.10,
P-9068-90-2026-00104,3639747,0,1.10,
P-2400-90-2026-02502,3639209,0,1.10,
P-3200-90-2026-01981,3639658,0,1.10,
P-2214-90-2026-00179,3639948,0,1.10,
P-3600-90-2026-00563,3639842,0,1.70,
P-3600-90-2026-00572,3640141,0,1.70,
P-9067-90-2026-00021,3640239,0,1.10,
P-9061-90-2026-00323,3639893,0,1.10,
P-3600-90-2026-00555,3639423,0,1.70,
P-9075-90-2026-00181,3640299,0,1.10,
P-8000-90-2026-00187,3639950,0,1.70,
P-1200-90-2026-01667,3639857,0,1.10,
P-9068-90-2026-00108,3640037,0,1.10,
P-4006-90-2026-00418,3639007,0,1.10,
P-4203-90-2026-00401,3640137,0,1.10,
P-1200-90-2026-01603,3638698,0,1.10,
P-1411-90-2026-00571,3639289,0,1.10,
P-4400-90-2026-00474,3638823,0,1.10,
P-2202-90-2026-00596,3640142,0,1.10,
P-2406-90-2026-00102,3639577,0,1.10,
P-1200-90-2026-01666,3639876,0,1.10,
P-3400-90-2026-00335,3639623,0,1.70,
P-2400-90-2026-02482,3638983,0,1.10,
P-4000-90-2026-00924,3638836,0,1.10,
P-3200-90-2026-01940,3638848,0,1.10,
P-3800-90-2026-00773,3639011,0,1.10,
P-3600-90-2026-00545,3638905,0,1.70,
P-4006-91-2026-00516,3639124,0,1.10,
P-4006-90-2026-00420,3639330,0,1.10,
P-2202-90-2026-00592,3639757,0,1.10,
P-2409-92-2026-00031,3639716,0,1.10,
P-3600-90-2026-00553,3639404,0,1.70,
P-2400-90-2026-02483,3638997,0,1.10,
P-1477-90-2026-00210,3639220,0,1.10,
P-4200-90-2026-01254,3638859,0,1.10,
P-2200-90-2026-00585,3639210,0,1.10,
P-2202-90-2026-00581,3638862,0,1.70,
P-2400-90-2026-02529,3639783,0,1.10,
P-9102-90-2026-00042,3639380,0,1.10,
P-4200-90-2026-01274,3639408,0,1.10,
P-9086-92-2026-00033,3638732,0,1.10,
P-1402-91-2026-00005,3639596,0,1.10,
P-3200-90-2026-01944,3638908,0,1.10,
P-9076-90-2026-00135,3638870,0,1.10,
P-4200-90-2026-01288,3639630,0,1.10,
P-1200-90-2026-01691,3640051,0,1.10,
P-4200-90-2026-01268,3639312,0,1.10,
P-4000-90-2026-00923,3638813,0,1.10,
P-1488-91-2026-00345,3638630,0,1.10,
P-3800-90-2026-00764,3638781,0,1.10,
P-2405-90-2026-00152,3639182,0,1.10,
P-9068-91-2026-00085,3640014,0,1.10,
P-2604-90-2026-00254,3638913,0,1.10,
P-3200-90-2026-01950,3639082,0,1.10,
P-8035-90-2026-00081,3639898,0,1.10,
P-8072-90-2026-00081,3639100,0,1.10,
P-2202-90-2026-00634,3641870,0,1.10,
P-2408-90-2026-00460,3641803,0,1.10,
P-2202-90-2026-00623,3641411,0,1.10,
P-2400-90-2026-02566,3640446,0,1.10,
P-2400-90-2026-02563,3640426,0,1.10,
P-4005-90-2026-00203,3641671,0,1.10,
P-2400-90-2026-02577,3640567,0,1.10,
P-3205-90-2026-00259,3641015,0,1.10,
P-2407-90-2026-00679,3640978,0,1.10,
P-1200-90-2026-01755,3641555,0,1.10,
P-9022-98-2025-00018,3482309,11,1.10,
P-1200-91-2026-00385,3640670,0,1.10,
P-9077-90-2026-00155,3640365,0,1.10,
P-1411-90-2026-00605,3641832,0,1.10,
P-2400-90-2026-02639,3641416,0,1.10,
P-1477-90-2026-00229,3641099,0,1.10,
P-4400-91-2026-00160,3641267,0,1.70,
P-9102-91-2026-00021,3641752,0,1.10,
P-1411-90-2026-00600,3641358,0,1.10,
P-2202-90-2026-00628,3641731,0,1.70,
P-2200-90-2026-00605,3640751,0,1.10,
P-2202-90-2026-00614,3640620,0,1.10,
P-3603-92-2026-00088,3640870,0,1.10,
P-4400-90-2026-00491,3640467,0,1.10,
P-1488-91-2026-00366,3641017,0,1.10,
P-8066-90-2026-00015,3640684,0,1.10,
P-2405-90-2026-00158,3640530,0,1.10,
P-9061-91-2026-00622,3640892,0,1.10,
P-2403-90-2026-00525,3640603,0,1.10,
P-3200-90-2026-02038,3640587,0,1.10,
P-9061-91-2026-00616,3640391,0,1.10,
P-3400-97-2025-00004,3313517,65,11.00,
P-1200-90-2026-01706,3640481,0,1.10,
P-3603-90-2026-00185,3640773,0,1.10,
P-4200-92-2026-00192,3641018,0,1.10,
P-3800-90-2026-00809,3640657,0,1.10,
P-4006-91-2026-00536,3640891,0,1.10,
P-2400-90-2026-02614,3641087,0,1.10,
P-2406-90-2026-00108,3640516,0,1.10,
P-2301-91-2026-00057,3640772,0,1.10,
P-2202-90-2026-00616,3640813,0,1.10,
P-2200-90-2026-00602,3640580,0,1.10,
P-1200-90-2026-01724,3641040,0,1.10,
P-9075-90-2026-00189,3641116,0,1.10,
P-1411-90-2026-00593,3640642,0,1.10,
P-2200-90-2026-00607,3640784,0,1.10,
P-3800-90-2026-00814,3640791,0,1.10,
P-3901-90-2026-00103,3640376,0,1.10,
P-2400-90-2026-02560,3640420,0,1.10,
P-4006-90-2026-00441,3641061,0,1.10,
P-2400-90-2026-02580,3640581,0,1.10,
P-9071-90-2026-00072,3641965,0,1.10,
P-4000-90-2026-00999,3641562,0,1.10,
P-2400-90-2026-02670,3641620,0,1.10,
P-3900-91-2026-00005,3640699,0,1.10,
P-3800-90-2026-00805,3640496,0,1.10,
P-2403-90-2026-00540,3641781,0,1.10,
P-2400-90-2026-02590,3640734,0,1.10,
P-2202-90-2026-00622,3641306,0,1.10,
P-1200-90-2026-01735,3641225,0,1.10,
P-2400-90-2026-02584,3640681,0,1.10,
P-1200-90-2026-01748,3641459,0,1.10,
P-2403-90-2026-00546,3641922,0,1.10,
P-1200-90-2026-01733,3641191,0,1.10,
P-1200-90-2026-01776,3641882,0,1.10,
P-9077-90-2026-00160,3641213,0,1.10,
P-1400-92-2026-00196,3641372,0,1.10,
P-4200-90-2026-01369,3641504,0,1.10,
P-1200-90-2026-01731,3641145,0,1.10,
P-9061-91-2026-00653,3641560,0,1.10,
P-2400-90-2026-02696,3642002,0,1.10,
P-1400-90-2026-00262,3641482,0,1.70,
P-3900-92-2026-00066,3640706,0,1.10,
P-3200-90-2026-02030,3640418,0,1.10,
P-1200-90-2026-01720,3640847,0,1.10,
P-1452-90-2026-00158,3640408,0,1.10,
P-4203-90-2026-00411,3641064,0,1.10,
P-1411-90-2026-00595,3640799,0,1.10,
P-3205-90-2026-00265,3641675,0,1.10,
P-9061-91-2026-00657,3641700,0,1.10,
P-2408-90-2026-00456,3641400,0,1.10,
P-9091-90-2026-00102,3641168,0,1.10,
P-4203-90-2026-00406,3640509,0,1.10,
P-4000-90-2026-00991,3641302,0,1.10,
P-2403-90-2026-00524,3640484,0,1.10,
P-4200-90-2026-01387,3641996,0,1.10,
P-3211-90-2026-00679,3641884,0,1.10,
P-2400-90-2026-02624,3641252,0,1.10,
P-2407-90-2026-00667,3640819,0,1.10,
P-4200-90-2026-01353,3641194,0,1.10,
P-1411-90-2026-00612,3641863,0,1.10,
P-4200-90-2026-01372,3641546,0,1.10,
P-1400-90-2026-00260,3641436,0,1.70,
P-3200-90-2026-02115,3641954,0,1.10,
P-1200-90-2026-01740,3641285,0,1.10,
P-2400-90-2026-02597,3640834,0,1.10,
P-4203-90-2026-00418,3641732,0,1.10,
P-4000-90-2026-00973,3640797,0,1.10,
P-3800-90-2026-00829,3641359,0,1.10,
P-1411-92-2026-00235,3641470,0,1.70,
P-4200-90-2026-01366,3641488,0,1.10,
P-2000-90-2026-00449,3640721,0,1.10,
P-4200-90-2026-01351,3641138,0,1.10,
P-4203-90-2026-00415,3641442,0,1.10,
P-2200-90-2026-00610,3640900,0,1.10,
P-1400-90-2026-00259,3641286,0,1.10,
P-2400-90-2026-02625,3641256,0,1.10,
P-3200-90-2026-02063,3641301,0,1.10,
P-2400-90-2026-02690,3641963,0,1.10,
P-2200-91-2026-00031,3641696,0,1.10,
P-1411-90-2026-00606,3641834,0,1.10,
P-1200-90-2026-01766,3641672,0,1.10,
P-2400-90-2026-02686,3641957,0,1.10,
P-2400-90-2026-02648,3641493,0,1.10,
P-4006-90-2026-00449,3641428,0,1.10,
P-3200-90-2026-02061,3641261,0,1.10,
P-4000-90-2026-00987,3641226,0,1.10,
P-1488-91-2026-00370,3641523,0,1.10,
P-2200-91-2026-00030,3641642,0,1.10,
P-3600-90-2026-00607,3641721,0,1.70,
P-3200-90-2026-02102,3641878,0,1.10,
P-4200-90-2026-01367,3641489,0,1.10,
P-1453-90-2026-00062,3641960,0,1.10,
P-3600-90-2026-00606,3641702,0,1.70,
P-3200-90-2026-02088,3641640,0,1.10,
P-1411-90-2026-00608,3641840,0,1.10,
P-2403-92-2026-00167,3641885,0,1.10,
P-2400-90-2026-02621,3641200,0,1.10,
P-2403-90-2026-00539,3641458,0,1.70,
P-2400-90-2026-02685,3641864,0,1.10,
P-2400-90-2026-02691,3641972,0,1.10,
P-4006-90-2026-00457,3641900,0,1.10,
P-3200-90-2026-02086,3641607,0,1.10,
P-4202-90-2026-00351,3642062,0,1.10,
P-4200-90-2026-01435,3642989,0,1.10,
P-3200-91-2026-00160,3642492,0,1.10,
P-3205-90-2026-00269,3642125,0,1.10,
P-3200-90-2026-02223,3643482,0,1.10,
P-3200-90-2026-02133,3642320,0,1.10,
P-2408-90-2026-00469,3642270,0,1.10,
P-2400-90-2026-02727,3642495,0,1.10,
P-2000-90-2026-00465,3642493,0,1.10,
P-9093-91-2026-00037,3642730,0,1.10,
P-3603-90-2026-00205,3643490,0,1.10,
P-3211-90-2026-00694,3643251,0,1.10,
P-3800-90-2026-00858,3642700,0,1.10,
P-3800-90-2026-00863,3642894,0,1.10,
P-8000-96-2026-00002,3605085,6,1.10,
P-1452-90-2026-00162,3642011,0,1.10,
P-3600-90-2026-00636,3643087,0,1.70,
P-9075-90-2026-00193,3642288,0,1.10,
P-4006-90-2026-00483,3643569,0,1.10,
P-1488-90-2026-00391,3642358,0,1.10,
P-9061-91-2026-00661,3642052,0,1.10,
P-2202-90-2026-00649,3642369,0,1.10,
P-3200-90-2026-02194,3643296,0,1.10,
P-1411-90-2026-00615,3642224,0,1.10,
P-2406-90-2026-00114,3642852,0,1.10,
P-8000-91-2026-00152,3643235,0,1.70,
P-1477-90-2026-00237,3642498,0,1.10,
P-2202-90-2026-00650,3642428,0,1.10,
P-9061-91-2026-00666,3642457,0,1.10,
P-9061-93-2026-00021,3642309,0,1.10,
P-2408-91-2026-00033,3642284,0,1.10,
P-1200-90-2026-01816,3642811,0,1.10,
P-3600-90-2026-00638,3643125,0,1.70,
P-2000-90-2026-00476,3643407,0,1.10,
P-2405-90-2026-00170,3643640,0,1.10,
P-4000-90-2026-01043,3643059,0,1.10,
P-2400-90-2026-02748,3642853,0,1.10,
P-2403-90-2026-00548,3642097,0,1.10,
P-2200-90-2026-00642,3643128,0,1.10,
P-2408-90-2026-00486,3643582,0,1.10,
P-2408-90-2026-00487,3643599,0,1.10,
P-3800-90-2026-00848,3642421,0,1.10,
P-1492-90-2026-00182,3643082,0,1.10,
P-2301-90-2026-00245,3642590,0,1.10,
P-4400-90-2026-00530,3643415,0,1.10,
P-3800-90-2026-00845,3642357,0,1.10,
P-3200-90-2026-02074,3641547,0,1.10,
P-8000-90-2026-00193,3642177,0,1.70,
P-4200-90-2026-01392,3642047,0,1.10,
P-1452-90-2026-00164,3642013,0,1.10,
P-3800-90-2026-00856,3642713,0,1.10,
P-3200-92-2026-00154,3642068,0,1.10,
P-1200-90-2026-01812,3642777,0,1.10,
P-4203-90-2026-00431,3642860,0,1.10,
P-2409-90-2026-00104,3642349,0,1.10,
P-2409-90-2026-00102,3642118,0,1.10,
P-3603-90-2026-00193,3642180,0,1.10,
P-3901-90-2026-00112,3642472,0,1.10,
P-3400-90-2026-00368,3642499,0,1.10,
P-3600-90-2026-00613,3642198,0,1.70,
P-1488-90-2026-00389,3642308,0,1.10,
P-3211-90-2026-00695,3643260,0,1.10,
P-3200-90-2026-02227,3643532,0,1.10,
P-9061-91-2026-00686,3643313,0,1.10,
P-3600-90-2026-00640,3643244,0,1.70,
P-4203-90-2026-00428,3642726,0,1.10,
P-3200-92-2026-00156,3642138,0,1.10,
P-4400-90-2026-00519,3642695,0,1.10,
P-4006-90-2026-00462,3642404,0,1.10,
P-2400-90-2026-02751,3642862,0,1.10,
P-4006-90-2026-00474,3643247,0,1.10,
P-8061-93-2026-00002,3641971,0,1.10,
P-1492-90-2026-00183,3643318,0,1.10,
P-4200-90-2026-01394,3642056,0,1.10,
P-4006-90-2026-00472,3643086,0,1.10,
P-3200-90-2026-02126,3642218,0,1.10,
P-1488-91-2026-00381,3643378,0,1.10,
P-3600-90-2026-00633,3643006,0,1.70,
P-1474-91-2026-00062,3643000,0,1.70,
P-9061-91-2026-00675,3642801,0,1.10,
P-4203-90-2026-00432,3642922,0,1.10,
P-4200-90-2026-01402,3642141,0,1.10,
P-2301-90-2026-00247,3642907,0,1.10,
P-4006-90-2026-00458,3642276,0,1.10,
P-4200-90-2026-01421,3642681,0,1.10,
P-4006-90-2026-00459,3642373,0,1.10,
P-2400-90-2026-02752,3642865,0,1.10,
P-2400-90-2026-02713,3642213,0,1.10,
P-2202-90-2026-00659,3643544,0,1.10,
P-2400-90-2026-02703,3642054,0,1.10,
P-1200-90-2026-01814,3642793,0,1.10,
P-1452-90-2026-00165,3642065,0,1.10,
P-2400-90-2026-02755,3642912,0,1.10,
P-9082-90-2026-00082,3643004,0,1.10,
P-3200-90-2026-02225,3643514,0,1.10,
P-2200-90-2026-00622,3642240,0,1.10,
P-2604-90-2026-00282,3642194,0,1.10,
P-2400-90-2026-02723,3642441,0,1.10,
P-3800-90-2026-00839,3642164,0,1.10,
P-4006-90-2026-00473,3643181,0,1.10,
P-9086-90-2026-00272,3642291,0,1.10,
P-9061-91-2026-00662,3642059,0,1.10,
P-1411-90-2026-00616,3642326,0,1.10,
P-3200-90-2026-02177,3643140,0,1.10,
P-9075-90-2026-00199,3643506,0,1.10,
P-1474-90-2026-00145,3643325,0,1.10,
P-9086-90-2026-00274,3642542,0,1.10,
P-4006-90-2026-00469,3642608,0,1.10,
P-4400-90-2026-00524,3643078,0,1.10,
P-3200-90-2026-02213,3643409,0,1.10,
P-3200-90-2026-02210,3643402,0,1.10,
P-8035-90-2026-00092,3643093,0,1.10,
P-8067-91-2026-00109,3643362,0,1.10,
P-2604-90-2026-00285,3642521,0,1.10,
P-3200-90-2026-02173,3643052,0,1.10,
P-2400-90-2026-02776,3643204,0,1.10,
P-2400-90-2026-02726,3642468,0,1.10,
P-3200-90-2026-02232,3643591,0,1.10,
P-4005-91-2026-00015,3643422,0,1.10,
P-1200-90-2026-01783,3642128,0,1.10,
P-3400-90-2026-00370,3642624,0,1.10,
P-4400-92-2026-00228,3642478,0,1.10,
P-3600-90-2026-00634,3643041,0,1.70,
P-9091-90-2026-00107,3643722,0,1.10,
P-1200-90-2026-01868,3643776,0,1.10,
P-9097-90-2026-00159,3643685,0,1.10,
P-9086-90-2026-00283,3643676,0,1.10,
P-8035-90-2026-00097,3643643,0,1.10,
P-2604-90-2026-00294,3643733,0,1.10,
P-2202-90-2026-00665,3643687,0,1.10,
P-2400-90-2026-02806,3643629,0,1.10,
P-3901-90-2026-00115,3643735,0,1.10,
P-1453-90-2026-00066,3644176,0,1.10,
P-9075-90-2026-00210,3644080,0,1.10,
P-9097-90-2026-00162,3644085,0,1.10,
P-4202-90-2026-00364,3643974,0,1.10,
P-9075-90-2026-00207,3643864,0,1.10,
P-4202-90-2026-00362,3643861,0,1.10,
P-3800-90-2026-00879,3644153,0,1.10,
P-9102-90-2026-00048,3644058,0,1.10,
P-2301-90-2026-00255,3644130,0,1.70,
P-9102-90-2026-00050,3644115,0,1.10,
P-3211-90-2026-00731,3643984,0,1.10,
P-3211-90-2026-00726,3643891,0,1.10,
P-4200-90-2026-01474,3643992,0,1.10,
P-9102-90-2026-00047,3643993,0,1.10,
P-2400-90-2026-02834,3643922,0,1.10,
P-9075-90-2026-00211,3644133,0,1.10,
P-3211-92-2026-00263,3643769,0,1.10,
P-1411-90-2026-00642,3643858,0,1.10,
P-4200-90-2026-01464,3643883,0,1.10,
P-1492-91-2026-00095,3643850,0,1.10,
P-9082-90-2026-00090,3643886,0,1.10,
P-2409-90-2026-00111,3644144,0,1.10,
P-4005-90-2026-00210,3643975,0,1.10,
P-2202-90-2026-00671,3643814,0,1.10,
P-9086-90-2026-00285,3643813,0,1.10,
P-3200-90-2026-00355,3609286,0,1.10,
P-2604-92-2026-00010,3608216,0,1.10,
P-8035-91-2026-00018,3608222,0,1.10,
P-4000-90-2026-00123,3608405,0,1.10,
P-2400-90-2026-00343,3608830,0,1.10,
P-3900-90-2026-00007,3608519,0,1.10,
P-8035-90-2026-00015,3609288,0,1.10,
P-8000-90-2026-00031,3609427,0,1.10,
P-1200-90-2026-00178,3608420,0,1.10,
P-4000-90-2026-00150,3609026,0,1.10,
P-4202-90-2026-00044,3608432,0,1.10,
P-4000-90-2026-00161,3609206,0,1.10,
P-1488-90-2026-00051,3609227,0,1.10,
P-2214-90-2026-00027,3608186,0,1.10,
P-3211-90-2026-00056,3608491,0,1.10,
P-2403-92-2026-00022,3608398,0,1.10,
P-1411-90-2026-00042,3608229,0,1.10,
P-3211-90-2026-00069,3609060,0,1.10,
P-1200-91-2026-00064,3609335,0,1.10,
P-2400-90-2026-00350,3608884,0,1.10,
P-8035-90-2026-00016,3609347,0,1.10,
P-2202-90-2026-00041,3608159,0,1.10,
P-2407-90-2026-00060,3608545,0,1.10,
P-4005-90-2026-00021,3608513,0,1.10,
P-2403-90-2026-00058,3609036,0,1.10,
P-1400-90-2026-00019,3609481,0,1.70,
P-9086-90-2026-00033,3609406,0,1.10,
P-2400-90-2026-00371,3609233,0,1.10,
P-3901-90-2026-00004,3608534,0,1.10,
P-3600-90-2026-00063,3608148,0,1.70,
P-1492-90-2026-00010,3608484,0,1.10,
P-3800-90-2026-00091,3608178,0,1.10,
P-2403-90-2026-00057,3608907,0,1.10,
P-2403-90-2026-00052,3608565,0,1.10,
P-3211-90-2026-00054,3608474,0,1.10,
P-1200-90-2026-00215,3609149,0,1.10,
P-1488-91-2026-00056,3609341,0,1.10,
P-9082-90-2026-00007,3609407,0,1.10,
P-4000-90-2026-00111,3608203,0,1.10,
P-2605-90-2026-00008,3609321,0,1.10,
P-2200-90-2026-00055,3608416,0,1.10,
P-4000-90-2026-00168,3609307,0,1.10,
P-1492-91-2026-00010,3609306,0,1.10,
P-4006-90-2026-00014,3608564,0,1.10,
P-4000-90-2026-00126,3608495,0,1.10,
P-9086-90-2026-00027,3608409,0,1.10,
P-2400-92-2026-00052,3608489,0,1.10,
P-4200-90-2026-00190,3609256,0,1.70,
P-9102-90-2026-00002,3609491,0,1.10,
P-2604-90-2026-00023,3609061,0,1.10,
P-9097-90-2026-00012,3609521,0,1.10,
P-4200-90-2026-00150,3608187,0,1.10,
P-2000-98-2025-00004,3342704,8,5.50,
P-3200-90-2026-00289,3608347,0,1.10,
P-8000-91-2026-00031,3609319,0,1.10,
P-4200-90-2026-00187,3609217,0,1.70,
P-1488-91-2026-00053,3608762,0,1.10,
P-4200-90-2026-00160,3608460,0,1.10,
P-9068-90-2026-00011,3608336,0,1.10,
P-4006-91-2026-00059,3608228,0,1.10,
P-8067-91-2025-00198,3607896,0,1.10,
P-4400-91-2026-00029,3608338,0,1.70,
P-3211-90-2026-00053,3608465,0,1.10,
P-2600-91-2026-00002,3606963,0,1.10,
P-2200-90-2026-00051,3608213,0,1.10,
P-1200-90-2026-00227,3609216,0,1.10,
P-1411-90-2026-00062,3609084,0,1.10,
P-4000-90-2026-00152,3609078,0,1.10,
P-2400-90-2026-00374,3609370,0,1.10,
P-9061-98-2026-00002,3584926,0,81.40,
P-2403-90-2026-00059,3609417,0,1.70,
P-2202-90-2026-00066,3609533,0,1.10,
P-4200-90-2026-00165,3608667,0,1.10,
P-9086-92-2026-00003,3608163,0,1.10,
P-1200-91-2026-00058,3608319,0,1.10,
P-3211-90-2026-00059,3608595,0,1.10,
P-4000-90-2026-00134,3608635,0,1.10,
P-4006-90-2026-00016,3608652,0,1.10,
P-1492-90-2026-00015,3609320,0,1.10,
P-2400-90-2026-00335,3608784,0,1.10,
P-1200-90-2026-00189,3608791,0,1.10,
P-3200-90-2026-00367,3609424,0,1.10,
P-3200-90-2026-00373,3609512,0,1.10,
P-4000-90-2026-00119,3608342,0,1.10,
P-4203-90-2026-00035,3608681,0,1.10,
P-2301-91-2026-00005,3608944,0,1.10,
P-9061-91-2026-00071,3608966,0,1.10,
P-4006-90-2026-00020,3609300,0,1.10,
P-2403-90-2026-00064,3609454,0,1.10,
P-4203-90-2026-00038,3608895,0,1.10,
P-4400-90-2026-00062,3609360,0,1.10,
P-2403-90-2026-00046,3608202,0,1.10,
P-4005-90-2026-00016,3608257,0,1.10,
P-4200-90-2026-00179,3609043,0,1.10,
P-2408-90-2026-00045,3608385,0,1.10,
P-3800-90-2026-00116,3609152,0,1.10,
P-4006-90-2026-00017,3608662,0,1.10,
P-4005-90-2026-00027,3608929,0,1.10,
P-2400-90-2026-00318,3608453,0,1.10,
P-4200-90-2026-00159,3608442,0,1.10,
P-9022-96-2026-00003,3596928,0,7.70,
P-4005-90-2026-00034,3609403,0,1.10,
P-2400-90-2026-00341,3608810,0,1.10,
P-1488-90-2026-00048,3608878,0,1.10,
P-2400-92-2026-00056,3608649,0,1.10,
P-4000-90-2026-00145,3608877,0,1.10,
P-3800-90-2026-00106,3608897,0,1.10,
P-4200-90-2026-00166,3608699,0,1.10,
P-3800-90-2026-00115,3609119,0,1.10,
P-4005-90-2026-00024,3608609,0,1.10,
P-2400-90-2026-00315,3608423,0,1.10,
P-8061-91-2026-00002,3608404,0,1.10,
P-1411-90-2026-00071,3609545,0,1.10,
P-2604-90-2026-00021,3608923,0,1.10,
P-2301-90-2026-00020,3609006,0,1.70,
P-8000-90-2026-00028,3609262,0,1.10,
P-3200-90-2026-00298,3608656,0,1.10,
P-1400-90-2026-00014,3608131,0,1.10,
P-4005-90-2026-00018,3608359,0,1.10,
P-3600-90-2026-00075,3608619,0,1.70,
P-8035-90-2026-00013,3608114,0,1.10,
P-2400-90-2026-00347,3608872,0,1.10,
P-4006-90-2026-00015,3608621,0,1.10,
P-4006-91-2026-00056,3608151,0,1.10,
P-2000-90-2025-04562,3607617,0,1.10,
P-1411-90-2026-00051,3608682,0,1.10,
P-2407-90-2026-00062,3608734,0,1.70,
P-1400-90-2026-00015,3608794,0,1.70,
P-3800-90-2026-00131,3609657,0,1.10,
P-1400-90-2026-00031,3609589,0,1.70,
P-1400-90-2026-00030,3609587,0,1.70,
P-3211-90-2026-00084,3609661,0,1.10,
P-9068-90-2026-00017,3609650,0,1.10,
P-2202-90-2026-00070,3609531,0,1.70,
P-2400-90-2026-00386,3609566,0,1.10,
P-1411-90-2026-00074,3609637,0,1.10,
P-3800-90-2026-00128,3609644,0,1.10,
P-2400-90-2026-00388,3609617,0,1.10,
P-1492-91-2026-00012,3609935,0,1.10,
P-2400-90-2026-00396,3609726,0,1.10,
P-2403-90-2026-00080,3609882,0,1.10,
P-3603-90-2026-00025,3610019,0,1.10,
P-4202-90-2026-00065,3609740,0,1.10,
P-4203-91-2026-00003,3609784,0,1.10,
P-1488-90-2026-00061,3609852,0,1.10,
P-2403-90-2026-00084,3609926,0,1.10,
P-2400-90-2026-00399,3609800,0,1.10,
P-1488-90-2026-00060,3609664,0,1.10,
P-2202-90-2026-00083,3609691,0,1.70,
P-3211-90-2026-00097,3610005,0,1.10,
P-8000-90-2026-00032,3609936,0,1.10,
P-2400-90-2026-00403,3609813,0,1.10,
P-9086-90-2026-00046,3609954,0,1.10,
P-2408-90-2026-00061,3609770,0,1.10,
P-2400-90-2026-00407,3609819,0,1.10,
P-2301-91-2026-00007,3609965,0,1.10,
P-2400-90-2026-00486,3611142,0,1.10,
P-2400-90-2026-00460,3610561,0,1.10,
P-4202-90-2026-00077,3610659,0,1.10,
P-2301-90-2026-00027,3610769,0,1.70,
P-3200-90-2026-00404,3610773,0,1.10,
P-3200-90-2026-00416,3610924,0,1.10,
P-2400-90-2026-00443,3610154,0,1.10,
P-9086-90-2026-00060,3610911,0,1.10,
P-4400-90-2026-00084,3611244,0,1.10,
P-4200-90-2026-00215,3610480,0,1.10,
P-1200-90-2026-00259,3610544,0,1.10,
P-2400-91-2026-00051,3610155,0,1.70,
P-4000-90-2026-00185,3610556,0,1.10,
P-3205-90-2026-00038,3610595,0,1.10,
P-3800-90-2026-00143,3610381,0,1.10,
P-9086-90-2026-00058,3610634,0,1.10,
P-9022-90-2026-00006,3610533,0,1.10,
P-1200-90-2026-00261,3610588,0,1.10,
P-3400-96-2025-00001,3258742,279,1.10,
P-9091-90-2026-00028,3610833,0,1.10,
P-4200-90-2026-00221,3610635,0,1.10,
P-3200-90-2026-00396,3610738,0,1.10,
P-3400-90-2026-00071,3611051,0,1.70,
P-3200-90-2026-00417,3610939,0,1.10,
P-4200-90-2026-00220,3610612,0,1.10,
P-2409-90-2026-00009,3610620,0,1.10,
P-3200-90-2026-00424,3611030,0,1.10,
P-3800-90-2026-00138,3610120,0,1.10,
P-3600-90-2026-00096,3610575,0,1.70,
P-9061-91-2026-00083,3610059,0,1.10,
P-4400-90-2026-00066,3610305,0,1.10,
P-3901-90-2026-00010,3610371,0,1.10,
P-4000-90-2026-00197,3611024,0,1.10,
P-4400-90-2026-00069,3610471,0,1.10,
P-4000-90-2026-00194,3610958,0,1.10,
P-3200-90-2026-00410,3610856,0,1.10,
P-1200-90-2026-00288,3611203,0,1.10,
P-3200-90-2026-00408,3610820,0,1.10,
P-9076-90-2026-00018,3611245,0,1.10,
P-2403-90-2026-00100,3610884,0,1.10,
P-1200-90-2026-00280,3611027,0,1.10,
P-2600-90-2026-00059,3610890,0,1.10,
P-2405-90-2026-00027,3610688,0,1.10,
P-2400-90-2026-00490,3611197,0,1.10,
P-2403-90-2026-00097,3610695,0,1.10,
P-9086-93-2026-00006,3611028,0,1.10,
P-4200-90-2026-00219,3610587,0,1.10,
P-3200-90-2026-00491,3611784,0,1.10,
P-2202-90-2026-00106,3611770,0,1.10,
P-1200-90-2026-00294,3611253,0,1.10,
P-3200-90-2026-00479,3611645,0,1.10,
P-1200-90-2026-00317,3611554,0,1.10,
P-1200-90-2026-00323,3611623,0,1.10,
P-2000-90-2026-00077,3611392,0,1.10,
P-2400-90-2026-00496,3611327,0,1.10,
P-3200-90-2026-00460,3611516,0,1.10,
P-2405-90-2026-00025,3610274,0,1.10,
P-2000-90-2026-00059,3610084,0,1.10,
P-4006-90-2026-00046,3611796,0,1.10,
P-2407-90-2026-00106,3611794,0,1.10,
P-1200-90-2026-00325,3611605,0,1.10,
P-8004-90-2026-00005,3611510,0,1.70,
P-2403-90-2026-00093,3610449,0,1.10,
P-1200-91-2026-00079,3611346,0,1.10,
P-2403-92-2026-00040,3611821,0,1.10,
P-3211-90-2026-00126,3611686,0,1.10,
P-3211-90-2026-00119,3611432,0,1.10,
P-1200-91-2026-00078,3611294,0,1.10,
P-1488-90-2026-00094,3611842,0,1.10,
P-4000-90-2026-00173,3610271,0,1.10,
P-2400-90-2026-00500,3611368,0,1.10,
P-2301-90-2026-00034,3611722,0,1.10,
P-4200-90-2026-00214,3610454,0,1.10,
P-2406-90-2026-00025,3611797,0,1.10,
P-1474-90-2026-00026,3611411,0,1.10,
P-2400-90-2026-00440,3610097,0,1.10,
P-1488-90-2026-00086,3611590,0,1.70,
P-4400-90-2026-00091,3611460,0,1.10,
P-1200-90-2026-00310,3611446,0,1.10,
P-4006-90-2026-00038,3611255,0,1.10,
P-9075-90-2026-00022,3610409,0,1.10,
P-3600-90-2026-00107,3611045,0,1.70,
P-8000-90-2026-00034,3610560,0,1.70,
P-9061-90-2026-00062,3611559,0,1.10,
P-2403-92-2026-00035,3611250,0,1.10,
P-4202-90-2026-00079,3610965,0,1.70,
P-4202-90-2026-00074,3610101,0,1.70,
P-1200-90-2026-00314,3611494,0,1.10,
P-9061-95-2026-00001,3610788,0,13.20,
P-3200-90-2026-00441,3611249,0,1.10,
P-1200-90-2026-00289,3611207,0,1.10,
P-2604-90-2026-00044,3611825,0,1.10,
P-1200-90-2026-00243,3610089,0,1.10,
P-9082-90-2026-00011,3610506,0,1.10,
P-1411-90-2026-00105,3611011,0,1.10,
P-4200-90-2026-00204,3610221,0,1.70,
P-3200-90-2026-00432,3611110,0,1.10,
P-3200-90-2026-00380,3610146,0,1.10,
P-1488-90-2026-00093,3611841,0,1.70,
P-2400-90-2026-00475,3610901,0,1.10,
P-4400-90-2026-00083,3611224,0,1.10,
P-9061-91-2026-00085,3610043,0,1.10,
P-2202-90-2026-00096,3610113,0,1.10,
P-1488-90-2026-00068,3610532,0,1.10,
P-4203-90-2026-00062,3610740,0,1.10,
P-2403-90-2026-00102,3610925,0,1.10,
P-1400-91-2026-00009,3611399,0,1.70,
P-3200-90-2026-00411,3610860,0,1.10,
P-4006-91-2026-00079,3610460,0,1.10,
P-3200-90-2026-00429,3611044,0,1.10,
P-1200-91-2026-00071,3610515,0,1.10,
P-2202-90-2026-00108,3611795,0,1.10,
P-3200-90-2026-00385,3610291,0,1.10,
P-3200-90-2026-00494,3611853,0,1.10,
P-3211-90-2026-00108,3610874,0,1.10,
P-3400-90-2026-00074,3611479,0,1.70,
P-1200-90-2026-00305,3611341,0,1.10,
P-2200-90-2026-00074,3610248,0,1.10,
P-2400-90-2026-00447,3610216,0,1.10,
P-4200-90-2026-00242,3611430,0,1.10,
P-4006-91-2026-00092,3611493,0,1.10,
P-4200-90-2026-00209,3610322,0,1.10,
P-2202-90-2026-00114,3611889,0,1.10,
P-2400-90-2026-00473,3610878,0,1.10,
P-1200-90-2026-00250,3610319,0,1.10,
P-2400-90-2026-00522,3611803,0,1.10,
P-4000-90-2026-00214,3611475,0,1.10,
P-4006-91-2026-00098,3611693,0,1.10,
P-1200-90-2026-00328,3611827,0,1.10,
P-4006-91-2026-00096,3611654,0,1.10,
P-2407-90-2026-00104,3611711,0,1.10,
P-9061-91-2026-00084,3610060,0,1.10,
P-4400-92-2026-00024,3610173,0,1.10,
P-1411-90-2026-00096,3610238,0,1.10,
P-3600-90-2026-00088,3610122,0,1.70,
P-3200-91-2026-00040,3611275,0,1.10,
P-2604-90-2026-00036,3610712,0,1.10,
P-1200-90-2026-00255,3610456,0,1.10,
P-2408-90-2026-00087,3610996,0,1.10,
P-3200-90-2026-00471,3611580,0,1.10,
P-1488-91-2026-00070,3611400,0,1.10,
P-3211-90-2026-00159,3613465,0,1.10,
P-9071-90-2026-00014,3613499,0,1.10,
P-4000-90-2026-00244,3612697,0,1.10,
P-3200-90-2026-00533,3612775,0,1.10,
P-2400-90-2026-00549,3612162,0,1.10,
P-4200-90-2026-00283,3612703,0,1.10,
P-1200-90-2026-00369,3612834,0,1.10,
P-4200-90-2026-00285,3612772,0,1.10,
P-3200-90-2026-00548,3612958,0,1.10,
P-3900-90-2026-00020,3612349,0,1.10,
P-3600-90-2026-00120,3612606,0,1.10,
P-2200-90-2026-00109,3612533,0,1.10,
P-4200-90-2026-00291,3612993,0,1.10,
P-9086-90-2026-00077,3612691,0,1.10,
P-1200-90-2026-00396,3613249,0,1.10,
P-2200-90-2026-00107,3612476,0,1.10,
P-2600-90-2026-00074,3612957,0,1.10,
P-3205-90-2026-00052,3612938,0,1.10,
P-2301-90-2026-00049,3613369,0,1.70,
P-2405-90-2026-00034,3612767,0,1.10,
P-1492-90-2026-00030,3612258,0,1.10,
P-2403-90-2026-00115,3612328,0,1.70,
P-1411-90-2026-00123,3612521,0,1.10,
P-1200-90-2026-00400,3613373,0,1.10,
P-1474-90-2026-00036,3613154,0,1.10,
P-4000-90-2026-00228,3612231,0,1.10,
P-2200-90-2026-00117,3612953,0,1.10,
P-2200-90-2026-00112,3612705,0,1.10,
P-4200-90-2026-00282,3612713,0,1.10,
P-3800-90-2026-00206,3613032,0,1.10,
P-3200-90-2026-00563,3613198,0,1.10,
P-4400-90-2026-00100,3611967,0,1.10,
P-4200-90-2026-00266,3612375,0,1.10,
P-9061-90-2026-00065,3611993,0,1.10,
P-1492-90-2026-00034,3612882,0,1.10,
P-3200-90-2026-00555,3613041,0,1.10,
P-1452-90-2026-00041,3613284,0,1.10,
P-3800-90-2026-00205,3612997,0,1.10,
P-2600-90-2026-00073,3612891,0,1.10,
P-3200-90-2026-00571,3613225,0,1.10,
P-2200-90-2026-00091,3612001,0,1.10,
P-1200-90-2026-00389,3613196,0,1.10,
P-9077-91-2026-00003,3612138,0,1.10,
P-1492-90-2026-00033,3612687,0,1.10,
P-2604-90-2026-00047,3612088,0,1.10,
P-1411-90-2026-00131,3613235,0,1.10,
P-2605-91-2026-00002,3611972,0,1.10,
P-2202-90-2026-00120,3612340,0,1.10,
P-2301-90-2026-00038,3612336,0,1.70,
P-2405-90-2026-00030,3612200,0,1.10,
P-1200-91-2026-00083,3612017,0,1.10,
P-2301-90-2026-00037,3612204,0,1.10,
P-3800-90-2026-00191,3612471,0,1.10,
P-4000-90-2026-00233,3612440,0,1.10,
P-9061-91-2026-00122,3612239,0,1.10,
P-2400-90-2026-00570,3612488,0,1.10,
P-2400-90-2026-00572,3612509,0,1.10,
P-3600-90-2026-00115,3612321,0,1.70,
P-4203-90-2026-00074,3611926,0,1.10,
P-3900-90-2026-00021,3612576,0,1.10,
P-8000-91-2026-00045,3611916,0,1.10,
P-1488-91-2026-00075,3612415,0,1.10,
P-2301-90-2026-00040,3612377,0,1.10,
P-3200-90-2026-00502,3612095,0,1.10,
P-2403-92-2026-00047,3612402,0,1.10,
P-3400-90-2026-00086,3612034,0,1.70,
P-8043-91-2026-00003,3612365,0,1.10,
P-3211-90-2026-00138,3612343,0,1.10,
P-2407-90-2026-00118,3612136,0,1.10,
P-2000-90-2026-00100,3612393,0,1.10,
P-9068-90-2026-00026,3611891,0,1.10,
P-4200-91-2026-00024,3612860,0,1.10,
P-3211-91-2026-00132,3612723,0,1.10,
P-2200-90-2026-00111,3612696,0,1.10,
P-2400-90-2026-00635,3613341,0,1.10,
P-2403-92-2026-00052,3613423,0,1.10,
P-3600-90-2026-00126,3612928,0,1.70,
P-3800-90-2026-00187,3612379,0,1.10,
P-2400-90-2026-00628,3613264,0,1.10,
P-9070-90-2026-00022,3612954,0,1.10,
P-9075-90-2026-00032,3613401,0,1.10,
P-3200-90-2026-00547,3612931,0,1.10,
P-2202-91-2026-00031,3613386,0,1.70,
P-4006-90-2026-00055,3612791,0,1.10,
P-2403-92-2026-00045,3612371,0,1.10,
P-1200-90-2026-00393,3613216,0,1.10,
P-2403-90-2026-00124,3613420,0,1.10,
P-3600-90-2026-00112,3612024,0,1.70,
P-4200-90-2026-00278,3612598,0,1.10,
P-3400-90-2026-00091,3612087,0,1.70,
P-2400-90-2026-00599,3612906,0,1.10,
P-2405-90-2026-00037,3613385,0,1.10,
P-4200-90-2026-00290,3612966,0,1.10,
P-4400-90-2026-00105,3612157,0,1.70,
P-3211-90-2026-00139,3612401,0,1.10,
P-2200-90-2026-00125,3613353,0,1.10,
P-3800-91-2026-00019,3611325,0,1.10,
P-2400-90-2026-00591,3612781,0,1.10,
P-2000-90-2026-00109,3613331,0,1.10,
P-2408-90-2026-00105,3613355,0,1.10,
P-4200-90-2026-00302,3613330,0,1.10,
P-4006-90-2026-00061,3613446,0,1.10,
P-3800-90-2026-00180,3611905,0,1.10,
P-2400-90-2026-00616,3613110,0,1.10,
P-9061-90-2026-00067,3612784,0,1.10,
P-1477-90-2026-00045,3613306,0,1.10,
P-8000-92-2026-00007,3613491,0,1.10,
P-2400-91-2026-00073,3613472,0,1.10,
P-3211-90-2026-00151,3613177,0,1.10,
P-2400-90-2026-00536,3611922,0,1.10,
P-2200-90-2026-00105,3612358,0,1.10,
P-4000-90-2026-00271,3613885,0,1.10,
P-1200-90-2026-00465,3614609,0,1.10,
P-3200-90-2026-00668,3614933,0,1.10,
P-1411-90-2026-00148,3614431,0,1.10,
P-2407-90-2026-00126,3614004,0,1.10,
P-8035-90-2026-00029,3614219,0,1.10,
P-1477-90-2026-00062,3614812,0,1.10,
P-1477-90-2026-00060,3614478,0,1.10,
P-2403-90-2026-00130,3614131,0,1.10,
P-1477-90-2026-00056,3614059,0,1.10,
P-1200-91-2026-00108,3614267,0,1.10,
P-9061-91-2026-00144,3614328,0,1.10,
P-1488-90-2026-00126,3614726,0,1.10,
P-2407-90-2026-00130,3614117,0,1.70,
P-2604-90-2026-00063,3614021,0,1.10,
P-1200-90-2026-00478,3614839,0,1.10,
P-2202-90-2026-00144,3614185,0,1.10,
P-1411-90-2026-00145,3614254,0,1.10,
P-3800-90-2026-00228,3614338,0,1.10,
P-3200-90-2026-00661,3614798,0,1.10,
P-4005-90-2026-00054,3614828,0,1.10,
P-3200-90-2026-00619,3614088,0,1.10,
P-9067-90-2026-00008,3614113,0,1.10,
P-8000-90-2026-00054,3613849,0,1.10,
P-9061-90-2026-00080,3614762,0,1.10,
P-8072-90-2026-00023,3613711,0,1.10,
P-2400-90-2026-00700,3614460,0,1.10,
P-2400-90-2026-00701,3614515,0,1.10,
P-3200-90-2026-00659,3614707,0,1.10,
P-2400-90-2026-00680,3614167,0,1.10,
P-2200-90-2026-00141,3614319,0,1.10,
P-2400-90-2026-00673,3614016,0,1.10,
P-2400-90-2026-00651,3613662,0,1.10,
P-4200-90-2026-00324,3614287,0,1.10,
P-3211-90-2026-00167,3613764,0,1.10,
P-4203-90-2026-00094,3613796,0,1.10,
P-3400-90-2026-00120,3613832,0,1.70,
P-3800-90-2026-00226,3614246,0,1.10,
P-1488-90-2026-00119,3614255,0,1.10,
P-2400-90-2026-00729,3614847,0,1.10,
P-2604-90-2026-00064,3614404,0,1.10,
P-3800-90-2026-00217,3613720,0,1.10,
P-3200-90-2026-00673,3614931,0,1.10,
P-2604-90-2026-00066,3614473,0,1.10,
P-3603-90-2026-00042,3613935,0,1.10,
P-1488-90-2026-00125,3614618,0,1.10,
P-1488-90-2026-00118,3614221,0,1.10,
P-4006-90-2026-00069,3614203,0,1.10,
P-2000-90-2026-00130,3614481,0,1.10,
P-1411-90-2026-00156,3614855,0,1.10,
P-4200-90-2026-00332,3614564,0,1.10,
P-3603-90-2026-00048,3614934,0,1.10,
P-3200-90-2026-00642,3614462,0,1.10,
P-4000-90-2026-00272,3613931,0,1.10,
P-3603-90-2026-00047,3614909,0,1.10,
P-2605-90-2026-00015,3613997,0,1.10,
P-1411-90-2026-00152,3614678,0,1.10,
P-2400-90-2026-00670,3613919,0,1.10,
P-2000-90-2026-00124,3614097,0,1.10,
P-4000-90-2026-00274,3613994,0,1.10,
P-4200-90-2026-00335,3614753,0,1.10,
P-9061-91-2026-00149,3614635,0,1.10,
P-1452-90-2026-00048,3614843,0,1.10,
P-3211-90-2026-00181,3614461,0,1.10,
P-2301-90-2026-00053,3614256,0,1.10,
P-2600-90-2026-00093,3613841,0,1.10,
P-4400-90-2026-00141,3614512,0,1.10,
P-4006-91-2026-00144,3614972,0,1.10,
P-2406-90-2026-00031,3613590,0,1.10,
P-3200-90-2026-00607,3613922,0,1.10,
P-3901-90-2026-00020,3614002,0,1.10,
P-1411-90-2026-00144,3614189,0,1.10,
P-1200-90-2026-00410,3613734,0,1.10,
P-3600-90-2026-00132,3613710,0,1.10,
P-4200-90-2026-00316,3614176,0,1.10,
P-1452-90-2026-00047,3614342,0,1.10,
P-8072-90-2026-00024,3614031,0,1.10,
P-1411-90-2026-00142,3614134,0,1.10,
P-3211-90-2026-00182,3614483,0,1.10,
P-1488-90-2026-00122,3614505,0,1.10,
P-1200-90-2026-00421,3614036,0,1.10,
P-3200-90-2026-00611,3613969,0,1.10,
P-9071-90-2026-00015,3614906,0,1.10,
P-4005-90-2026-00052,3614442,0,1.10,
P-2600-90-2026-00092,3613785,0,1.10,
P-3211-90-2026-00170,3614049,0,1.10,
P-3200-90-2026-00625,3614151,0,1.10,
P-1200-90-2026-00457,3614550,0,1.10,
P-4200-90-2026-00336,3614766,0,1.10,
P-3211-90-2026-00189,3614627,0,1.10,
P-3211-90-2026-00168,3613793,0,1.10,
P-4203-90-2026-00099,3614050,0,1.10,
P-3600-90-2026-00131,3613688,0,1.70,
P-2400-90-2026-00624,3613187,0,1.10,
P-9097-90-2026-00026,3613515,0,1.10,
P-4006-91-2026-00127,3613723,0,1.10,
P-4200-90-2026-00306,3613735,0,1.10,
P-3900-90-2026-00036,3615896,0,1.10,
P-2600-90-2026-00107,3615012,0,1.10,
P-3600-90-2026-00151,3615194,0,1.70,
P-9022-90-2026-00011,3615597,0,1.10,
P-1452-90-2026-00051,3615262,0,1.10,
P-9022-90-2026-00012,3615607,0,1.10,
P-4000-90-2026-00334,3615892,0,1.10,
P-2400-90-2026-00821,3616401,0,1.10,
P-4200-90-2026-00381,3615853,0,1.10,
P-2400-90-2026-00753,3615110,0,1.10,
P-3205-90-2026-00060,3615003,0,1.70,
P-1200-90-2026-00508,3615912,0,1.10,
P-2406-90-2026-00037,3615632,0,1.10,
P-9061-91-2026-00170,3615729,0,1.10,
P-1488-90-2026-00144,3616409,0,1.10,
P-1200-90-2026-00514,3616213,0,1.10,
P-2000-90-2026-00153,3616079,0,1.10,
P-4000-90-2026-00331,3615819,0,1.10,
P-9061-91-2026-00173,3615875,0,1.10,
P-2400-90-2026-00754,3615156,0,1.10,
P-9061-91-2026-00168,3615718,0,1.10,
P-4006-90-2026-00103,3616378,0,1.10,
P-3211-90-2026-00210,3616106,0,1.10,
P-3205-90-2026-00068,3615673,0,1.10,
P-1488-90-2026-00142,3616406,0,1.10,
P-2407-90-2026-00137,3615538,0,1.70,
P-4400-90-2026-00160,3615779,0,1.10,
P-4200-90-2026-00380,3615790,0,1.10,
P-3200-91-2026-00067,3616299,0,1.10,
P-4200-90-2026-00388,3615977,0,1.10,
P-3211-90-2026-00224,3616376,0,1.10,
P-2000-90-2026-00139,3615274,0,1.10,
P-4200-90-2026-00393,3616084,0,1.10,
P-1411-90-2026-00169,3615192,0,1.10,
P-3211-90-2026-00206,3615775,0,1.10,
P-4400-90-2026-00164,3616023,0,1.10,
P-1200-90-2026-00492,3615265,0,1.10,
P-9061-91-2026-00171,3615782,0,1.10,
P-4000-90-2026-00339,3616025,0,1.10,
P-8000-90-2026-00060,3615665,0,1.70,
P-9093-90-2026-00022,3616219,0,1.10,
P-1488-90-2026-00141,3616379,0,1.10,
P-4006-90-2026-00104,3616393,0,1.10,
P-2400-90-2026-00799,3616033,0,1.10,
P-4006-91-2026-00134,3614149,0,1.10,
P-4000-90-2026-00332,3615823,0,1.10,
P-4200-90-2026-00377,3615743,0,1.10,
P-3200-90-2026-00679,3615100,0,1.10,
P-2403-90-2026-00141,3615150,0,1.10,
P-3200-90-2026-00676,3615025,0,1.10,
P-3211-91-2026-00148,3614599,0,1.10,
P-4200-90-2026-00390,3616015,0,1.10,
P-9061-91-2026-00158,3615264,0,1.10,
P-1477-90-2026-00070,3616286,0,1.10,
P-1411-90-2026-00170,3615249,0,1.10,
P-2400-90-2026-00825,3616391,0,1.10,
P-1488-91-2026-00170,3615347,0,1.10,
P-1400-90-2026-00068,3615379,0,1.70,
P-1400-90-2026-00074,3615554,0,1.10,
P-4006-90-2026-00084,3615062,0,1.10,
P-3200-90-2026-00771,3616248,0,1.10,
P-1200-90-2026-00518,3616252,0,1.10,
P-2202-90-2026-00161,3615703,0,1.10,
P-2000-90-2026-00158,3616251,0,1.10,
P-4200-91-2026-00033,3616200,0,1.10,
P-2202-90-2026-00153,3615129,0,1.10,
P-2403-92-2026-00064,3616263,0,1.10,
P-3901-90-2026-00027,3615620,0,1.10,
P-3800-90-2026-00255,3615753,0,1.10,
P-3600-90-2026-00163,3615901,0,1.70,
P-2407-90-2026-00143,3615816,0,1.10,
P-2400-90-2026-00798,3616001,0,1.10,
P-3800-90-2026-00256,3615751,0,1.10,
P-1411-90-2026-00190,3616343,0,1.10,
P-8067-91-2026-00026,3614010,0,1.10,
P-2301-90-2026-00061,3615453,0,1.10,
P-3800-90-2026-00258,3615810,0,1.10,
P-4000-90-2026-00321,3615541,0,1.10,
P-2400-91-2026-00110,3616207,0,1.10,
P-9061-91-2026-00172,3615842,0,1.10,
P-9086-90-2026-00100,3615515,0,1.10,
P-2408-90-2026-00119,3615023,0,1.10,
P-3800-90-2026-00250,3615652,0,1.10,
P-8000-90-2026-00064,3616114,0,1.70,
P-1492-90-2026-00053,3616243,0,1.10,
P-3211-90-2026-00215,3616267,0,1.10,
P-2214-90-2026-00050,3615314,0,1.10,
P-2200-90-2026-00164,3615689,0,1.10,
P-9086-90-2026-00104,3615717,0,1.10,
P-3900-90-2026-00037,3615980,0,1.10,
P-9093-90-2026-00021,3616032,0,1.10,
P-4200-90-2026-00367,3615481,0,1.10,
P-3800-90-2026-00244,3615275,0,1.10,
P-3800-90-2026-00263,3616225,0,1.10,
P-1200-90-2026-00483,3615052,0,1.10,
P-2200-90-2026-00155,3615113,0,1.10,
P-1200-90-2026-00482,3615035,0,1.10,
P-9086-90-2026-00106,3615894,0,1.10,
P-4200-90-2026-00354,3615241,0,1.10,
P-2202-90-2026-00165,3616381,0,1.10,
P-9075-90-2026-00051,3616389,0,1.10,
P-2400-90-2026-00789,3615870,0,1.10,
P-2600-90-2026-00126,3616618,0,1.10,
P-3211-91-2026-00159,3615838,0,1.10,
P-9071-90-2026-00019,3616841,0,1.10,
P-4200-90-2026-00421,3617086,0,1.10,
P-3211-90-2026-00225,3616498,0,1.10,
P-9061-90-2026-00094,3616585,0,1.10,
P-3400-90-2026-00155,3617010,0,1.70,
P-1477-90-2026-00077,3617015,0,1.10,
P-2400-90-2026-00885,3617361,0,1.10,
P-1200-90-2026-00537,3616728,0,1.10,
P-4203-90-2026-00131,3616669,0,1.10,
P-2200-90-2026-00178,3616690,0,1.10,
P-3600-90-2026-00174,3616935,0,1.70,
P-3600-90-2026-00181,3617272,0,1.10,
P-8069-96-2026-00002,3607030,9,1.10,
P-3211-90-2026-00246,3617484,0,1.10,
P-8035-93-2026-00013,3617023,0,1.10,
P-3901-90-2026-00031,3616622,0,1.10,
P-3400-90-2026-00149,3616916,0,1.10,
P-1492-90-2026-00060,3617504,0,1.10,
P-3211-90-2026-00250,3617573,0,1.10,
P-1200-90-2026-00536,3616719,0,1.10,
P-3211-90-2026-00226,3616523,0,1.10,
P-4202-90-2026-00139,3617047,0,1.10,
P-9061-90-2026-00095,3616758,0,1.10,
P-3211-92-2026-00083,3616953,0,1.10,
P-3800-90-2026-00279,3617256,0,1.10,
P-3211-92-2026-00079,3616546,0,1.10,
P-2301-90-2026-00075,3617494,0,1.10,
P-8072-90-2026-00029,3617568,0,1.10,
P-8000-90-2026-00068,3616897,0,1.70,
P-3800-90-2026-00283,3617476,0,1.10,
P-4200-90-2026-00413,3616927,0,1.10,
P-3600-90-2026-00182,3617274,0,1.70,
P-3200-90-2026-00828,3617346,0,1.10,
P-1200-90-2026-00553,3616971,0,1.10,
P-2408-90-2026-00147,3617517,0,1.10,
P-2214-92-2026-00054,3617529,0,1.10,
P-9077-90-2026-00042,3617241,0,1.10,
P-9061-90-2026-00093,3616561,0,1.10,
P-2604-90-2026-00082,3616872,0,1.10,
P-2200-90-2026-00198,3617224,0,1.10,
P-2400-90-2026-00863,3616967,0,1.70,
P-3600-90-2026-00177,3617065,0,1.70,
P-3600-90-2026-00176,3616949,0,1.70,
P-3205-90-2026-00076,3616637,0,1.10,
P-1200-90-2026-00561,3617115,0,1.10,
P-4203-90-2026-00130,3616659,0,1.10,
P-9061-90-2026-00102,3617077,0,1.10,
P-4006-91-2026-00173,3616596,0,1.70,
P-2200-90-2026-00195,3617069,0,1.10,
P-2408-90-2026-00148,3617569,0,1.10,
P-3900-90-2026-00038,3616583,0,1.10,
P-1200-90-2026-00567,3617178,0,1.10,
P-9061-90-2026-00098,3616874,0,1.10,
P-1200-91-2026-00143,3617550,0,1.10,
P-3211-91-2026-00175,3617547,0,1.10,
P-4000-90-2026-00355,3616917,0,1.10,
P-2301-90-2026-00066,3616793,0,1.10,
P-2214-90-2026-00054,3616602,0,1.10,
P-2200-90-2026-00196,3617195,0,1.10,
P-4000-90-2026-00363,3617085,0,1.10,
P-9070-90-2026-00043,3617214,0,1.10,
P-1200-90-2026-00589,3617401,0,1.10,
P-2408-90-2026-00146,3617490,0,1.10,
P-2400-90-2026-00842,3616692,0,1.10,
P-4200-90-2026-00402,3616559,0,1.10,
P-2400-92-2026-00131,3617309,0,1.10,
P-3901-90-2026-00033,3616651,0,1.10,
P-4202-90-2026-00141,3617601,0,1.70,
P-1200-90-2026-00594,3617578,0,1.10,
P-2400-90-2026-00901,3617623,0,1.10,
P-2400-90-2026-00908,3617646,0,1.10,
P-9075-90-2026-00061,3617637,0,1.10,
P-9077-90-2026-00045,3617647,0,1.10,
P-1411-90-2026-00212,3617614,0,1.10,
P-1200-90-2026-00596,3617640,0,1.10,
P-1400-90-2026-00099,3617615,0,1.70,
P-3211-90-2026-00266,3617892,0,1.10,
P-4006-91-2026-00189,3617880,0,1.10,
P-4006-90-2026-00124,3617980,0,1.10,
P-3211-90-2026-00269,3618013,0,1.10,
P-4203-90-2026-00153,3617967,0,1.10,
P-3205-90-2026-00082,3617713,0,1.10,
P-2202-90-2026-00198,3617893,0,1.10,
P-1411-90-2026-00218,3617785,0,1.10,
P-2400-90-2026-00916,3617798,0,1.70,
P-1200-90-2026-00597,3617972,0,1.10,
P-9070-90-2026-00047,3617962,0,1.10,
P-9097-90-2026-00051,3617914,0,1.10,
P-2408-90-2026-00150,3617712,0,1.10,
P-9076-90-2026-00047,3617943,0,1.10,
P-3211-90-2026-00267,3617908,0,1.10,
P-3211-90-2026-00261,3617814,0,1.10,
P-2604-90-2026-00090,3617704,0,1.10,
P-2604-90-2026-00093,3617728,0,1.10,
P-9068-90-2026-00041,3617899,0,1.10,
P-2400-92-2026-00136,3617965,0,1.10,
P-2400-90-2026-00927,3617961,0,1.10,
P-2403-90-2026-00188,3617745,0,1.10,
P-2403-90-2026-00183,3617689,0,1.10,
P-2301-90-2026-00079,3618032,0,1.10,
P-2202-91-2026-00051,3617887,0,1.10,
P-3211-91-2026-00177,3617933,0,1.10,
P-9086-90-2026-00120,3617754,0,1.10,
P-2604-90-2026-00095,3617966,0,1.10,
P-4005-90-2026-00076,3618020,0,1.10,
P-2403-90-2026-00182,3617677,0,1.10,
P-2202-90-2026-00188,3617707,0,1.10,
P-2604-90-2026-00096,3618001,0,1.10,
P-9086-90-2026-00119,3617738,0,1.10,
P-3600-90-2026-00188,3618109,0,1.70,
P-3200-90-2026-00868,3618782,0,1.10,
P-9061-91-2026-00187,3617960,0,1.10,
P-3600-90-2026-00200,3618739,0,1.10,
P-9076-90-2026-00048,3618041,0,1.10,
P-2600-90-2026-00135,3618161,0,1.10,
P-2400-90-2026-01026,3619226,0,1.10,
P-1492-91-2026-00039,3619515,0,1.10,
P-8069-96-2026-00002,3607030,14,1.10,
P-3200-90-2026-00923,3619645,0,1.10,
P-3800-90-2026-00317,3619421,0,1.10,
P-4400-90-2026-00198,3618265,0,1.10,
P-1488-90-2026-00164,3619039,0,1.10,
P-2200-90-2026-00207,3618486,0,1.10,
P-1488-90-2026-00159,3618369,0,1.10,
P-2200-90-2026-00218,3618849,0,1.10,
P-2202-90-2026-00226,3619435,0,1.10,
P-3200-90-2026-00920,3619652,0,1.10,
P-8000-91-2026-00073,3618257,0,1.70,
P-2403-90-2026-00198,3618290,0,1.10,
P-4203-90-2026-00166,3618760,0,1.10,
P-1200-90-2026-00601,3618125,0,1.10,
P-4000-90-2026-00414,3618810,0,1.10,
P-2403-90-2026-00213,3619576,0,1.10,
P-4000-90-2026-00416,3618850,0,1.10,
P-3600-90-2026-00197,3618552,0,1.70,
P-2400-90-2026-00974,3618619,0,1.10,
P-4005-90-2026-00091,3619061,0,1.10,
P-1200-90-2026-00613,3618529,0,1.10,
P-9068-90-2026-00048,3618903,0,1.10,
P-3200-90-2026-00889,3619354,0,1.10,
P-2400-90-2026-01049,3619580,0,1.10,
P-4000-90-2026-00404,3618574,0,1.10,
P-4000-90-2026-00428,3619359,0,1.10,
P-2400-90-2026-01019,3619174,0,1.10,
P-1200-90-2026-00642,3619111,0,1.10,
P-1200-90-2026-00603,3618297,0,1.10,
P-9061-91-2026-00204,3618452,0,1.10,
P-1452-90-2026-00063,3618177,0,1.10,
P-8067-91-2026-00029,3614522,0,1.10,
P-2407-90-2026-00181,3618626,0,1.10,
P-2403-90-2026-00210,3618905,0,1.10,
P-2400-91-2026-00141,3619471,0,1.10,
P-1200-90-2026-00618,3618587,0,1.10,
P-4000-90-2026-00413,3618779,0,1.10,
P-3205-90-2026-00091,3619304,0,1.10,
P-2400-90-2026-01009,3619060,0,1.10,
P-1411-90-2026-00233,3618879,0,1.10,
P-2200-90-2026-00225,3619131,0,1.10,
P-4203-90-2026-00160,3618538,0,1.10,
P-1488-90-2026-00160,3618434,0,1.70,
P-9077-90-2026-00053,3619659,0,1.10,
P-9061-91-2026-00210,3618660,0,1.10,
P-2600-90-2026-00149,3619483,0,1.10,
P-4203-90-2026-00171,3619044,0,1.10,
P-1400-90-2026-00107,3618729,0,1.10,
P-3200-90-2026-00866,3618750,0,1.10,
P-2403-90-2026-00212,3619075,0,1.70,
P-4000-90-2026-00426,3619294,0,1.10,
P-4200-90-2026-00437,3618096,0,1.10,
P-3600-90-2026-00209,3619087,0,1.70,
P-3200-90-2026-00903,3619532,0,1.10,
P-2400-90-2026-00984,3618724,0,1.10,
P-1488-90-2026-00169,3619571,0,1.10,
P-8000-91-2026-00074,3618691,0,1.70,
P-2400-90-2026-00978,3618663,0,1.10,
P-1200-90-2026-00620,3618650,0,1.10,
P-9082-92-2026-00004,3618506,0,1.10,
P-4000-90-2026-00409,3618717,0,1.10,
P-2403-91-2026-00030,3618952,0,1.10,
P-2214-90-2026-00062,3619090,0,1.10,
P-3603-90-2026-00068,3619127,0,1.10,
P-9086-90-2026-00126,3618296,0,1.10,
P-3200-90-2026-00922,3619643,0,1.10,
P-4000-90-2026-00415,3618833,0,1.10,
P-2202-90-2026-00215,3618291,0,1.10,
P-4203-90-2026-00161,3618568,0,1.10,
P-2600-90-2026-00140,3618701,0,1.10,
P-2400-91-2026-00124,3618565,0,1.10,
P-2000-90-2026-00181,3618572,0,1.70,
P-2200-90-2026-00222,3619024,0,1.10,
P-2400-90-2026-00951,3618255,0,1.10,
P-2200-90-2026-00221,3618984,0,1.10,
P-4200-90-2026-00451,3618370,0,1.10,
P-1411-90-2026-00234,3619164,0,1.10,
P-3200-90-2026-00861,3618556,0,1.10,
P-3200-90-2026-00896,3619464,0,1.10,
P-2600-90-2026-00141,3618704,0,1.10,
P-1200-92-2026-00059,3618120,0,1.10,
P-3800-90-2026-00312,3619113,0,1.10,
P-2000-92-2026-00089,3618861,0,1.10,
P-1200-90-2026-00657,3619330,0,1.10,
P-3901-90-2026-00039,3618385,0,1.10,
P-9061-91-2026-00157,3615179,0,1.10,
P-9075-90-2026-00065,3618280,0,1.10,
P-2400-90-2026-00961,3618419,0,1.10,
P-3603-90-2026-00078,3620960,0,1.10,
P-1200-90-2026-00706,3620470,0,1.10,
P-3603-90-2026-00073,3620357,0,1.10,
P-1488-90-2026-00187,3620522,0,1.10,
P-2403-90-2026-00227,3620868,0,1.10,
P-4203-90-2026-00179,3620262,0,1.10,
P-2400-90-2026-01118,3620559,0,1.10,
P-2406-90-2026-00056,3619816,0,1.10,
P-1200-90-2026-00691,3620150,0,1.10,
P-1200-90-2026-00693,3620206,0,1.10,
P-3800-90-2026-00325,3619946,0,1.10,
P-2406-90-2026-00060,3620940,0,1.10,
P-3211-91-2026-00193,3619955,0,1.10,
P-1200-90-2026-00720,3620784,0,1.10,
P-1200-90-2026-00700,3620299,0,1.10,
P-3200-90-2026-00997,3620945,0,1.10,
P-3200-90-2026-00965,3620459,0,1.10,
P-2200-90-2026-00242,3620156,0,1.10,
P-4200-90-2026-00500,3619702,0,1.10,
P-2403-92-2026-00074,3619867,0,1.10,
P-8072-90-2026-00036,3620549,0,1.10,
P-4000-90-2026-00448,3620502,0,1.10,
P-3603-90-2026-00077,3620936,0,1.10,
P-4400-90-2026-00235,3620177,0,1.10,
P-2604-90-2026-00111,3620089,0,1.10,
P-2301-90-2026-00097,3620916,0,1.10,
P-3200-90-2026-01003,3621001,0,1.10,
P-4200-90-2026-00512,3620233,0,1.10,
P-3400-92-2026-00027,3620099,0,1.10,
P-2408-90-2026-00179,3619910,0,1.10,
P-3200-90-2026-01004,3620989,0,1.10,
P-3200-90-2026-00953,3620216,0,1.10,
P-1200-90-2026-00675,3619773,0,1.10,
P-3600-90-2026-00221,3619823,0,1.10,
P-1200-90-2026-00714,3620668,0,1.10,
P-4005-92-2026-00031,3620448,0,1.10,
P-2400-90-2026-01129,3620680,0,1.10,
P-2200-90-2026-00254,3620872,0,1.10,
P-9093-91-2026-00014,3619510,0,1.10,
P-4005-90-2026-00098,3620408,0,1.10,
P-4400-92-2026-00139,3620293,0,1.10,
P-8000-91-2026-00083,3620741,0,1.10,
P-3600-90-2026-00224,3619947,0,1.70,
P-4200-92-2026-00087,3620654,0,1.10,
P-3200-91-2026-00085,3620803,0,1.10,
P-3211-90-2026-00304,3620686,0,1.10,
P-2400-90-2026-01061,3619703,0,1.10,
P-2400-90-2026-01113,3620472,0,1.10,
P-1200-90-2026-00712,3620655,0,1.10,
P-3211-90-2026-00314,3620988,0,1.10,
P-2400-90-2026-01088,3620046,0,1.10,
P-2403-90-2026-00228,3620885,0,1.10,
P-9068-91-2026-00046,3620827,0,1.10,
P-3603-90-2026-00072,3620284,0,1.70,
P-4005-90-2026-00099,3620613,0,1.10,
P-9077-90-2026-00055,3620345,0,1.10,
P-4000-90-2026-00433,3619788,0,1.10,
P-4000-90-2026-00443,3620051,0,1.10,
P-9061-90-2026-00124,3619690,0,1.10,
P-2202-90-2026-00240,3620271,0,1.10,
P-2202-90-2026-00244,3620492,0,1.70,
P-2600-90-2026-00157,3620127,0,1.10,
P-1200-90-2026-00699,3620297,0,1.10,
P-3800-90-2026-00321,3619818,0,1.10,
P-8000-90-2026-00094,3620704,0,1.10,
P-4200-90-2026-00516,3620404,0,1.10,
P-2301-90-2026-00095,3620853,0,1.10,
P-9075-90-2026-00072,3620027,0,1.10,
P-4203-90-2026-00190,3620876,0,1.10,
P-3200-90-2026-00991,3620884,0,1.10,
P-4005-90-2026-00103,3620894,0,1.10,
P-3800-90-2026-00338,3620586,0,1.10,
P-3603-90-2026-00080,3620991,0,1.10,
P-1200-90-2026-00718,3620774,0,1.10,
P-3200-90-2026-00945,3620062,0,1.10,
P-1200-90-2026-00677,3619845,0,1.10,
P-1200-92-2026-00078,3620776,0,1.10,
P-8034-98-2026-00001,3616142,0,2.20,
P-3800-90-2026-00336,3620427,0,1.10,
P-3400-91-2026-00008,3619981,0,1.70,
P-3200-90-2026-00963,3620417,0,1.10,
P-3800-90-2026-00335,3620365,0,1.10,
P-2408-90-2026-00197,3622287,0,1.10,
P-3211-90-2026-00340,3622313,0,1.10,
P-3400-90-2026-00195,3621809,0,1.70,
P-4202-90-2026-00178,3621681,0,1.10,
P-3603-90-2026-00082,3621215,0,1.10,
P-2400-90-2026-01194,3621876,0,1.10,
P-3205-90-2026-00108,3622347,0,1.10,
P-9086-91-2026-00042,3621119,0,1.10,
P-2403-90-2026-00252,3621893,0,1.10,
P-3400-90-2026-00192,3621568,0,1.70,
P-1200-90-2026-00771,3621912,0,1.10,
P-4202-90-2026-00168,3621431,0,1.10,
P-3200-90-2026-01066,3622403,0,1.10,
P-1411-90-2026-00271,3621406,0,1.10,
P-9068-90-2026-00057,3621870,0,1.10,
P-2200-90-2026-00256,3621124,0,1.10,
P-2202-90-2026-00264,3622263,0,1.10,
P-9061-91-2026-00243,3621024,0,1.10,
P-2301-90-2026-00107,3621579,0,1.70,
P-2400-90-2026-01225,3622353,0,1.10,
P-2400-90-2026-01185,3621721,0,1.10,
P-4400-90-2026-00253,3621302,0,1.70,
P-2400-90-2026-01169,3621526,0,1.10,
P-1411-90-2026-00277,3622316,0,1.10,
P-1200-90-2026-00798,3622193,0,1.10,
P-3800-90-2026-00345,3621159,0,1.10,
P-2600-90-2026-00168,3621572,0,1.10,
P-2400-90-2026-01206,3622041,0,1.10,
P-1492-90-2026-00077,3621778,0,1.10,
P-2301-90-2026-00108,3621616,0,1.10,
P-9061-91-2026-00264,3622129,0,1.10,
P-8000-90-2026-00101,3621295,0,1.10,
P-2403-90-2026-00239,3621273,0,1.10,
P-1477-90-2026-00121,3621456,0,1.10,
P-4203-90-2026-00194,3621049,0,1.10,
P-2400-90-2026-01195,3621878,0,1.10,
P-4200-90-2026-00571,3622118,0,1.10,
P-3600-90-2026-00239,3621185,0,1.10,
P-1200-91-2026-00186,3622157,0,1.10,
P-1200-90-2026-00753,3621611,0,1.10,
P-3600-90-2026-00254,3622262,0,1.70,
P-2403-90-2026-00236,3621157,0,1.10,
P-1200-91-2026-00175,3621284,0,1.10,
P-2200-90-2026-00273,3621703,0,1.10,
P-2200-90-2026-00257,3621182,0,1.10,
P-2400-90-2026-01163,3621381,0,1.10,
P-2400-90-2026-01174,3621599,0,1.10,
P-2604-90-2026-00126,3622330,0,1.10,
P-4203-90-2026-00192,3621043,0,1.10,
P-3603-90-2026-00088,3622340,0,1.10,
P-2200-90-2026-00267,3621432,0,1.10,
P-4203-90-2026-00195,3621064,0,1.10,
P-3211-90-2026-00344,3622368,0,1.10,
P-1400-90-2026-00123,3621330,0,1.70,
P-3400-90-2026-00189,3621105,0,1.70,
P-1200-90-2026-00741,3621170,0,1.10,
P-2400-90-2026-01150,3621111,0,1.10,
P-2400-90-2026-01149,3621089,0,1.10,
P-8069-96-2026-00002,3607030,20,2.20,
P-1477-90-2026-00114,3621127,0,1.10,
P-9076-90-2026-00052,3621059,0,1.10,
P-2200-90-2026-00258,3621232,0,1.10,
P-2403-90-2026-00238,3621227,0,1.10,
P-9086-90-2026-00155,3621998,0,1.10,
P-2400-90-2026-01180,3621682,0,1.10,
P-1200-90-2026-00801,3622214,0,1.10,
P-2400-90-2026-01216,3622160,0,1.10,
P-2202-90-2026-00258,3621731,0,1.10,
P-2408-90-2026-00195,3621811,0,1.10,
P-4200-90-2026-00540,3621350,0,1.10,
P-4200-91-2026-00041,3622251,0,1.10,
P-2301-90-2026-00110,3621773,0,1.10,
P-1200-92-2026-00081,3621155,0,1.10,
P-3205-90-2026-00110,3622369,0,1.10,
P-2400-90-2026-01209,3622091,0,1.10,
P-4006-90-2026-00180,3622438,0,1.10,
P-1200-91-2026-00182,3621936,0,1.10,
P-2400-90-2026-01153,3621140,0,1.10,
P-2000-92-2026-00115,3621594,0,1.10,
P-9082-90-2026-00030,3622271,0,1.10,
P-2600-90-2026-00166,3621073,0,1.10,
P-8000-91-2026-00087,3621263,0,1.70,
P-2400-90-2026-01183,3621705,0,1.10,
P-1452-90-2026-00075,3621707,0,1.10,
P-3901-90-2026-00050,3621332,0,1.10,
P-3800-90-2026-00364,3622176,0,1.10,
P-1200-90-2026-00787,3622028,0,1.10,
P-9061-91-2026-00262,3621980,0,1.10,
P-9086-90-2026-00153,3621935,0,1.10,
P-9077-90-2026-00057,3621926,0,1.10,
P-3200-90-2026-01027,3621962,0,1.10,
P-1200-90-2026-00766,3621851,0,1.10,
P-3211-90-2026-00320,3621397,0,1.10,
P-3200-90-2026-01053,3622278,0,1.10,
P-9061-91-2026-00248,3621153,0,1.10,
P-2400-90-2026-01157,3621239,0,1.10,
P-4200-90-2026-00558,3621795,0,1.10,
P-2400-90-2026-01175,3621607,0,1.10,
P-1411-90-2026-00268,3621137,0,1.10,
P-1400-90-2026-00135,3622463,0,1.70,
P-4000-90-2026-00531,3623420,0,1.10,
P-1400-92-2026-00065,3622464,0,1.10,
P-2400-90-2026-01247,3622669,0,1.10,
P-3200-90-2026-01126,3623738,0,1.10,
P-1400-92-2026-00067,3622466,0,1.10,
P-2400-90-2026-01355,3623857,0,1.10,
P-1200-90-2026-00854,3623407,0,1.10,
P-9086-90-2026-00165,3623513,0,1.10,
P-4000-90-2026-00494,3622516,0,1.10,
P-4200-90-2026-00603,3623058,0,1.10,
P-9070-90-2026-00056,3623711,0,1.10,
P-3200-90-2026-01136,3623820,0,1.10,
P-1488-90-2026-00218,3623226,0,1.10,
P-3600-90-2026-00274,3623298,0,1.70,
P-3200-90-2026-01134,3623815,0,1.10,
P-2400-90-2026-01246,3622642,0,1.10,
P-2408-90-2026-00203,3622767,0,1.10,
P-8066-90-2026-00009,3623773,0,1.10,
P-4000-90-2026-00528,3623348,0,1.10,
P-9061-91-2026-00270,3622493,0,1.10,
P-3200-91-2026-00101,3622524,0,1.10,
P-3200-90-2026-01089,3623043,0,1.10,
P-2000-90-2026-00231,3622880,0,1.10,
P-4200-90-2026-00614,3623537,0,1.10,
P-2200-90-2026-00308,3623458,0,1.10,
P-3200-90-2026-01088,3622990,0,1.10,
P-2400-90-2026-01303,3623499,0,1.10,
P-2400-90-2026-01305,3623555,0,1.10,
P-3211-90-2026-00364,3623474,0,1.10,
P-3200-90-2026-01108,3623307,0,1.10,
P-9097-90-2026-00077,3623863,0,1.10,
P-8035-91-2026-00063,3623438,0,1.10,
P-9077-91-2026-00034,3622458,0,1.10,
P-2400-90-2026-01309,3623565,0,1.10,
P-3600-90-2026-00278,3623665,0,1.70,
P-4202-90-2026-00185,3622541,0,1.10,
P-4200-90-2026-00594,3622812,0,1.10,
P-2400-90-2026-01295,3623413,0,1.10,
P-4400-90-2026-00297,3623422,0,1.10,
P-4005-90-2026-00108,3623733,0,1.10,
P-9077-92-2026-00011,3623313,0,1.10,
P-1200-90-2026-00820,3622856,0,1.10,
P-2400-90-2026-01282,3623279,0,1.10,
P-3603-90-2026-00091,3622860,0,1.10,
P-4006-91-2026-00276,3622943,0,1.10,
P-3600-90-2026-00263,3622846,0,1.70,
P-1200-90-2026-00822,3622872,0,1.10,
P-2202-91-2026-00090,3623037,0,1.70,
P-9086-90-2026-00160,3622611,0,1.10,
P-2400-91-2026-00158,3623041,0,1.10,
P-1477-90-2026-00129,3623154,0,1.10,
P-2409-90-2026-00042,3623046,0,1.10,
P-1200-90-2026-00833,3623030,0,1.10,
P-9076-90-2026-00056,3623095,0,1.10,
P-4200-90-2026-00600,3622950,0,1.10,
P-1411-90-2026-00298,3623236,0,1.10,
P-8069-98-2026-00004,3609050,4,4.40,
P-2214-90-2026-00073,3622514,0,1.10,
P-8000-90-2026-00105,3622989,0,1.70,
P-3600-92-2026-00044,3623128,0,1.10,
P-2400-90-2026-01234,3622497,0,1.10,
P-2400-90-2026-01262,3622933,0,1.10,
P-2407-92-2026-00149,3622955,0,1.70,
P-4400-90-2026-00291,3622968,0,1.10,
P-9061-90-2026-00162,3622657,0,1.10,
P-2600-90-2026-00177,3622748,0,1.10,
P-2000-90-2026-00233,3623036,0,1.10,
P-4200-90-2026-00580,3622605,0,1.10,
P-9086-90-2026-00163,3623159,0,1.10,
P-2600-90-2026-00178,3622845,0,1.10,
P-3800-90-2026-00387,3623165,0,1.10,
P-2200-90-2026-00304,3623247,0,1.10,
P-2604-90-2026-00131,3622633,0,1.10,
P-1200-90-2026-00846,3623265,0,1.10,
P-1200-90-2026-00810,3622536,0,1.10,
P-4006-90-2026-00189,3622941,0,1.10,
P-2409-90-2026-00043,3623244,0,1.10,
P-4000-90-2026-00495,3622534,0,1.10,
P-4000-90-2026-00512,3623004,0,1.10,
P-3200-90-2026-01129,3623763,0,1.10,
P-1411-90-2026-00314,3623804,0,1.10,
P-2202-90-2026-00295,3623880,0,1.10,
P-3800-90-2026-00394,3623477,0,1.10,
P-3200-90-2026-01139,3623844,0,1.10,
P-4200-90-2026-00618,3623596,0,1.10,
P-4200-90-2026-00592,3622741,0,1.10,
P-3211-90-2026-00374,3623800,0,1.10,
P-4000-90-2026-00497,3622558,0,1.10,
P-1411-90-2026-00302,3623331,0,1.10,
P-3800-90-2026-00399,3623704,0,1.10,
P-3400-90-2026-00201,3622581,0,1.70,
P-2301-90-2026-00118,3622925,0,1.10,
P-1200-90-2026-00872,3623652,0,1.10,
P-2400-92-2026-00185,3623401,0,1.10,
P-1411-90-2026-00304,3623378,0,1.10,
P-4200-90-2026-00617,3623595,0,1.10,
P-9061-91-2026-00281,3623382,0,1.10,
P-2400-90-2026-01243,3622620,0,1.10,
P-2400-90-2026-01239,3622526,0,1.10,
P-1200-91-2026-00201,3623614,0,1.10,
P-2403-90-2026-00284,3623764,0,1.10,
P-9061-91-2026-00274,3622894,0,1.10,
P-2200-90-2026-00307,3623377,0,1.10,
P-3200-90-2026-01102,3623201,0,1.10,
P-2400-90-2026-01297,3623425,0,1.10,
P-4200-90-2026-00588,3622682,0,1.10,
P-3800-90-2026-00374,3622679,0,1.10,
P-2000-92-2026-00127,3623195,0,1.10,
P-3800-90-2026-00391,3623325,0,1.10,
P-3200-90-2026-01113,3623447,0,1.10,
P-2403-90-2026-00291,3623939,0,1.10,
P-4200-90-2026-00634,3623931,0,1.10,
P-1400-90-2026-00137,3623979,0,1.70,
P-2403-92-2026-00092,3624091,0,1.10,
P-2400-91-2026-00169,3624025,0,1.10,
P-3211-90-2026-00385,3624135,0,1.10,
P-9097-90-2026-00079,3624126,0,1.10,
P-2400-90-2026-01356,3623886,0,1.10,
P-1411-90-2026-00327,3624113,0,1.10,
P-2202-90-2026-00313,3624109,0,1.10,
P-1452-90-2026-00084,3623997,0,1.10,
P-2604-90-2026-00143,3623991,0,1.10,
P-4006-90-2026-00203,3623866,0,1.10,
P-2408-90-2026-00220,3623995,0,1.10,
P-1200-90-2026-00882,3624105,0,1.10,
P-2400-90-2026-01373,3624138,0,1.10,
P-2202-90-2026-00304,3623963,0,1.10,
P-4006-90-2026-00206,3623935,0,1.10,
P-2407-90-2026-00280,3624125,0,1.10,
P-2202-90-2026-00310,3624053,0,1.10,
P-1200-90-2026-00878,3624081,0,1.10,
P-4200-91-2026-00045,3624158,0,1.10,
P-3211-91-2026-00234,3624133,0,1.10,
P-1452-90-2026-00086,3624000,0,1.10,
P-4200-90-2026-00646,3624182,0,1.10,
P-9075-90-2026-00098,3624234,0,1.10,
P-3205-90-2026-00116,3624266,0,1.10,
P-1488-91-2026-00225,3624176,0,1.70,
P-9086-90-2026-00168,3624244,0,1.10,
P-9086-90-2026-00170,3624226,0,1.10,
P-9068-91-2026-00048,3624165,0,1.10,
P-9086-90-2026-00172,3624230,0,1.10,
P-4203-90-2026-00233,3624267,0,1.10,
P-2202-90-2026-00318,3624233,0,1.70,
P-4200-90-2026-00649,3624242,0,1.10,
P-2604-90-2026-00146,3624490,0,1.10,
P-4200-90-2026-00658,3624485,0,1.10,
P-2202-90-2026-00327,3624416,0,1.70,
P-9075-90-2026-00106,3624510,0,1.10,
P-2400-90-2026-01400,3624428,0,1.10,
P-9086-90-2026-00174,3624462,0,1.10,
P-2407-92-2026-00168,3624339,0,1.70,
P-9067-90-2026-00015,3624512,0,1.10,
P-1488-91-2026-00227,3624330,0,1.10,
P-2301-90-2026-00127,3624492,0,1.70,
P-3205-90-2026-00123,3624447,0,1.10,
P-2604-90-2026-00145,3624408,0,1.10,
P-9102-90-2026-00019,3624450,0,1.10,
P-4006-90-2026-00216,3624385,0,1.10,
P-2202-90-2026-00329,3624427,0,1.10,
P-2403-90-2026-00301,3624629,0,1.10,
P-3205-90-2026-00128,3624758,0,1.10,
P-2400-90-2026-01439,3624736,0,1.10,
P-2400-90-2026-01436,3624712,0,1.10,
P-1488-91-2026-00230,3624725,0,1.10,
P-4006-90-2026-00233,3624902,0,1.10,
P-1411-90-2026-00356,3624791,0,1.10,
P-4203-90-2026-00241,3624670,0,1.10,
P-1452-90-2026-00092,3624763,0,1.10,
P-4005-90-2026-00113,3624569,0,1.10,
P-8072-90-2026-00053,3624784,0,1.10,
P-3211-90-2026-00401,3624520,0,1.10,
P-2400-90-2026-01424,3624591,0,1.10,
P-4200-90-2026-00670,3624713,0,1.10,
P-4203-90-2026-00239,3624636,0,1.10,
P-4203-90-2026-00236,3624577,0,1.10,
P-2403-90-2026-00293,3624540,0,1.10,
P-2403-90-2026-00299,3624616,0,1.10,
P-9061-91-2026-00298,3624893,0,1.10,
P-1452-90-2026-00090,3624709,0,1.10,
P-2409-90-2026-00051,3624831,0,1.10,
P-2406-90-2026-00074,3624859,0,1.10,
P-9076-90-2026-00066,3624813,0,1.10,
P-9102-90-2026-00020,3624824,0,1.10,
P-2400-90-2026-01444,3624838,0,1.10,
P-2400-91-2026-00176,3624888,0,1.10,
P-2403-90-2026-00295,3624545,0,1.10,
P-2403-90-2026-00294,3624543,0,1.10,
P-2604-90-2026-00150,3624970,0,1.10,
P-9102-90-2026-00021,3624927,0,1.10,
P-3900-90-2026-00055,3624981,0,1.10,
P-2600-90-2026-00189,3624985,0,1.10,
P-3211-90-2026-00408,3624966,0,1.10,
P-4203-90-2026-00246,3624967,0,1.10,
P-1200-90-2026-00892,3625083,0,1.10,
P-2403-90-2026-00320,3625192,0,1.10,
P-2400-90-2026-01482,3625367,0,1.10,
P-2214-90-2026-00091,3625343,0,1.10,
P-9097-90-2026-00086,3624936,0,1.10,
P-2400-90-2026-01463,3625122,0,1.10,
P-9061-91-2026-00307,3624958,0,1.10,
P-1411-90-2026-00365,3625228,0,1.10,
P-1200-90-2026-00904,3625337,0,1.10,
P-2000-90-2026-00245,3625025,0,1.10,
P-3901-90-2026-00058,3625040,0,1.10,
P-3200-90-2026-01149,3625328,0,1.10,
P-2400-90-2026-01475,3625251,0,1.10,
P-1200-90-2026-00905,3625443,0,1.10,
P-1200-90-2026-00907,3625464,0,1.10,
P-9076-90-2026-00070,3624944,0,1.10,
P-2400-90-2026-01480,3625377,0,1.10,
P-4200-90-2026-00694,3625460,0,1.10,
P-2403-90-2026-00317,3625017,0,1.10,
P-2400-90-2026-01493,3625552,0,1.10,
P-4200-90-2026-00692,3625440,0,1.10,
P-4200-90-2026-00691,3625388,0,1.10,
P-4203-90-2026-00247,3624977,0,1.10,
P-2408-90-2026-00236,3624972,0,1.10,
P-1200-90-2026-00915,3625595,0,1.10,
P-3800-90-2026-00430,3625581,0,1.10,
P-3603-90-2026-00113,3626392,0,1.10,
P-1452-90-2026-00102,3627052,0,1.10,
P-3400-96-2025-00001,3258742,291,1.10,
P-1488-90-2026-00238,3626021,0,1.10,
P-4200-91-2026-00049,3626933,0,1.10,
P-4005-90-2026-00121,3626237,0,1.10,
P-3200-90-2026-01153,3625518,0,1.10,
P-2400-90-2026-01522,3626107,0,1.10,
P-1200-90-2026-00913,3625577,0,1.10,
P-3200-90-2026-01177,3626227,0,1.10,
P-2408-90-2026-00257,3626382,0,1.10,
P-4200-90-2026-00701,3625833,0,1.10,
P-2403-90-2026-00335,3626436,0,1.10,
P-3600-90-2026-00311,3627002,0,1.70,
P-2400-90-2026-01526,3626210,0,1.10,
P-3800-90-2026-00437,3625966,0,1.10,
P-2400-90-2026-01598,3627071,0,1.10,
P-1200-90-2026-00921,3625670,0,1.10,
P-1200-90-2026-00908,3625497,0,1.10,
P-1200-90-2026-00943,3626118,0,1.10,
P-2200-90-2026-00324,3625471,0,1.10,
P-2202-90-2026-00378,3627103,0,1.10,
P-2214-90-2026-00092,3625620,0,1.10,
P-9082-90-2026-00043,3625909,0,1.10,
P-4000-90-2026-00580,3626244,0,1.10,
P-2400-90-2026-01563,3626648,0,1.10,
P-8035-91-2026-00073,3626850,0,1.10,
P-4000-90-2026-00597,3626729,0,1.10,
P-3400-90-2026-00234,3626384,0,1.10,
P-1411-90-2026-00370,3625712,0,1.10,
P-3200-90-2026-01166,3625809,0,1.10,
P-3600-90-2026-00288,3625482,0,1.70,
P-3211-91-2026-00243,3625898,0,1.10,
P-3800-90-2026-00426,3625459,0,1.10,
P-3600-90-2026-00294,3625811,0,1.70,
P-2406-90-2026-00077,3625952,0,1.10,
P-9076-90-2026-00077,3626043,0,1.10,
P-3200-90-2026-01184,3626372,0,1.10,
P-3211-91-2026-00253,3626727,0,1.10,
P-3211-90-2026-00421,3625945,0,1.10,
P-2200-90-2026-00348,3626882,0,1.10,
P-2200-90-2026-00349,3626953,0,1.10,
P-4006-90-2026-00239,3625856,0,1.10,
P-2400-90-2026-01573,3626797,0,1.10,
P-2400-90-2026-01544,3626420,0,1.10,
P-2301-90-2026-00145,3626606,0,1.70,
P-4200-90-2026-00721,3626351,0,1.10,
P-1488-91-2026-00235,3626000,0,1.10,
P-3211-90-2026-00431,3626324,0,1.10,
P-1492-90-2026-00102,3626908,0,1.10,
P-4200-90-2026-00743,3626839,0,1.70,
P-1200-90-2026-00959,3626528,0,1.10,
P-4202-90-2026-00253,3627171,0,1.10,
P-3200-90-2026-01254,3627226,0,1.10,
P-1488-90-2026-00258,3627248,0,1.10,
P-3211-90-2026-00432,3626401,0,1.10,
P-3211-90-2026-00413,3625307,0,1.10,
P-2408-90-2026-00260,3626506,0,1.10,
P-3205-90-2026-00135,3625580,0,1.10,
P-4203-90-2026-00262,3626023,0,1.10,
P-4006-90-2026-00238,3625791,0,1.10,
P-1200-90-2026-00932,3625829,0,1.10,
P-2200-90-2026-00350,3626971,0,1.10,
P-2400-90-2026-01511,3625793,0,1.10,
P-1200-90-2026-00927,3625728,0,1.10,
P-4203-90-2026-00259,3625710,0,1.10,
P-2408-90-2026-00263,3626951,0,1.10,
P-1200-90-2026-00922,3625699,0,1.10,
P-4006-90-2026-00246,3626378,0,1.10,
P-3600-90-2026-00302,3626424,0,1.70,
P-4006-90-2026-00254,3626563,0,1.10,
P-1452-90-2026-00096,3625742,0,1.10,
P-2400-90-2026-01468,3625209,0,1.10,
P-2202-91-2026-00111,3625802,0,1.70,
P-2202-90-2026-00359,3625599,0,1.70,
P-2400-90-2026-01525,3626151,0,1.10,
P-2000-92-2026-00133,3625701,0,1.10,
P-1477-90-2026-00150,3627006,0,1.10,
P-3800-90-2026-00456,3626944,0,1.10,
P-4006-90-2026-00249,3626423,0,1.10,
P-2403-90-2026-00329,3626179,0,1.10,
P-1200-90-2026-00948,3626180,0,1.10,
P-3200-90-2026-01211,3626753,0,1.10,
P-1200-91-2026-00208,3625178,0,1.10,
P-8035-91-2026-00072,3626087,0,1.10,
P-2403-90-2026-00331,3626240,0,1.10,
P-3200-90-2026-01194,3626568,0,1.10,
P-3211-91-2026-00254,3626836,0,1.10,
P-9093-90-2026-00030,3626822,0,1.10,
P-3200-90-2026-01230,3627018,0,1.10,
P-1488-90-2026-00241,3626206,0,1.10,
P-1200-91-2026-00214,3625772,0,1.10,
P-3200-90-2026-01199,3626629,0,1.10,
P-8000-90-2026-00112,3626462,0,1.70,
P-1200-91-2026-00213,3625755,0,1.10,
P-3200-90-2026-01213,3626745,0,1.10,
P-8072-90-2026-00061,3627086,0,1.10,
P-3900-90-2026-00057,3625495,0,1.70,
P-2600-90-2026-00193,3625871,0,1.10,
P-4200-90-2026-00747,3626907,0,1.70,
P-2408-91-2026-00021,3626996,0,1.10,
P-2600-90-2026-00194,3625953,0,1.10,
P-1488-91-2026-00239,3626356,0,1.10,
P-1200-90-2026-00977,3626918,0,1.10,
P-8000-91-2026-00101,3625984,0,1.10,
P-9077-90-2026-00078,3625997,0,1.10,
P-9022-98-2025-00014,3360002,1,1.10,
P-1200-92-2026-00111,3626833,0,1.10,
P-4400-90-2026-00321,3626193,0,1.10,
P-1200-90-2026-00911,3625543,0,1.10,
P-1200-90-2026-00961,3626588,0,1.10,
P-3603-90-2026-00112,3626263,0,1.70,
P-2301-90-2026-00139,3625866,0,1.10,
P-4000-90-2026-00588,3626481,0,1.10,
P-8072-90-2026-00059,3626061,0,1.10,
P-9061-91-2026-00311,3625451,0,1.10,
P-4203-90-2026-00258,3625683,0,1.10,
P-2407-90-2026-00318,3625542,0,1.10,
P-4000-90-2026-00574,3626178,0,1.10,
P-3211-90-2026-00422,3625981,0,1.10,
P-2409-90-2026-00057,3625714,0,1.10,
P-3900-90-2026-00060,3625798,0,1.10,
P-1200-90-2026-00954,3626354,0,1.10,
P-9097-90-2026-00099,3626678,0,1.10,
P-2408-90-2026-00259,3626473,0,1.10,
P-2403-90-2026-00338,3627213,0,1.10,
P-2400-90-2026-01553,3626503,0,1.10,
P-2000-90-2026-00282,3628060,0,1.10,
P-2400-90-2026-01650,3627821,0,1.10,
P-3800-90-2026-00471,3628268,0,1.10,
P-2400-91-2026-00193,3628200,0,1.10,
P-8035-93-2026-00029,3628437,0,1.10,
P-3211-90-2026-00479,3628682,0,1.10,
P-9097-91-2026-00027,3627634,0,1.10,
P-3900-90-2026-00067,3627929,0,1.10,
P-1200-90-2026-01071,3628738,0,1.10,
P-1200-90-2026-01009,3627502,0,1.10,
P-1200-90-2026-01074,3628794,0,1.10,
P-1200-91-2026-00251,3628558,0,1.10,
P-2200-90-2026-00364,3628053,0,1.10,
P-2202-90-2026-00397,3628357,0,1.70,
P-9061-91-2026-00333,3627302,0,1.10,
P-4200-90-2026-00820,3628845,0,1.10,
P-4200-90-2026-00781,3627889,0,1.10,
P-4200-90-2026-00770,3627678,0,1.10,
P-9061-91-2026-00308,3624964,0,1.10,
P-4200-90-2026-00766,3627594,0,1.70,
P-4400-91-2026-00130,3628528,0,1.70,
P-4005-90-2026-00140,3627788,0,1.10,
P-8069-96-2026-00002,3607030,37,6.60,
P-4200-90-2026-00765,3627576,0,1.10,
P-9068-90-2026-00067,3628703,0,1.10,
P-4400-90-2026-00330,3627386,0,1.10,
P-2600-90-2026-00215,3628130,0,1.10,
P-2407-90-2026-00372,3627979,0,1.10,
P-3200-90-2026-01307,3628392,0,1.10,
P-3200-90-2026-01340,3629018,0,1.10,
P-2400-90-2026-01668,3628186,0,1.10,
P-4200-90-2026-00753,3627316,0,1.10,
P-4400-90-2026-00346,3628464,0,1.10,
P-3800-90-2026-00475,3628369,0,1.10,
P-2403-90-2026-00352,3628941,0,1.10,
P-8035-90-2026-00064,3629074,0,1.10,
P-1488-90-2026-00269,3628628,0,1.10,
P-8000-90-2026-00123,3628789,0,1.10,
P-3211-90-2026-00454,3627407,0,1.10,
P-9075-90-2026-00122,3628624,0,1.10,
P-4200-90-2026-00816,3628742,0,1.10,
P-9022-90-2026-00014,3627922,0,1.10,
P-1200-90-2026-01005,3627433,0,1.10,
P-4200-90-2026-00758,3627440,0,1.10,
P-1492-90-2026-00105,3627615,0,1.10,
P-4200-90-2026-00783,3627956,0,1.10,
P-9061-90-2026-00186,3627513,0,1.10,
P-3200-90-2026-01319,3628728,0,1.10,
P-2403-90-2026-00354,3629021,0,1.70,
P-1200-90-2026-01012,3627572,0,1.10,
P-1200-90-2026-01086,3628933,0,1.10,
P-1411-90-2026-00423,3628958,0,1.10,
P-3800-90-2026-00470,3627817,0,1.10,
P-2407-90-2026-00361,3627588,0,1.10,
P-2408-90-2026-00286,3628950,0,1.10,
P-1200-90-2026-01026,3627806,0,1.10,
P-4006-90-2026-00266,3627617,0,1.10,
P-3900-90-2026-00066,3627776,0,1.10,
P-2200-90-2026-00372,3628317,0,1.10,
P-2408-90-2026-00284,3628466,0,1.10,
P-4000-90-2026-00609,3627466,0,1.10,
P-3200-90-2026-01282,3627612,0,1.10,
P-1200-91-2026-00256,3628716,0,1.10,
P-2202-90-2026-00385,3627733,0,1.10,
P-2301-90-2026-00147,3628041,0,1.10,
P-1200-92-2026-00125,3628828,0,1.10,
P-1411-90-2026-00399,3627416,0,1.10,
P-9061-91-2026-00337,3627289,0,1.10,
P-2400-90-2026-01652,3627893,0,1.10,
P-4005-90-2026-00134,3627344,0,1.10,
P-3603-90-2026-00120,3628974,0,1.10,
P-9086-90-2026-00199,3628462,0,1.10,
P-4000-90-2026-00614,3627761,0,1.10,
P-2400-92-2026-00234,3627710,0,1.10,
P-1452-90-2026-00105,3627413,0,1.10,
P-2400-90-2026-01698,3628695,0,1.10,
P-2400-90-2026-01680,3628427,0,1.10,
P-3603-90-2026-00119,3628282,0,1.70,
P-1411-90-2026-00408,3627960,0,1.10,
P-2301-90-2026-00149,3628195,0,1.70,
P-1200-90-2026-01088,3629053,0,1.10,
P-3211-90-2026-00481,3628784,0,1.10,
P-4200-90-2026-00780,3627874,0,1.10,
P-2408-90-2026-00282,3628203,0,1.10,
P-9061-91-2026-00312,3625502,0,1.10,
P-1474-91-2026-00032,3628269,0,1.70,
P-1411-90-2026-00412,3628216,0,1.10,
P-2604-90-2026-00169,3628683,0,1.10,
P-2400-90-2026-01616,3627341,0,1.10,
P-8072-90-2026-00064,3628244,0,1.10,
P-2400-90-2026-01662,3628077,0,1.10,
P-3200-90-2026-01334,3628947,0,1.10,
P-3200-90-2026-01335,3628972,0,1.10,
P-4200-90-2026-00768,3627607,0,1.10,
P-2400-90-2026-01632,3627557,0,1.10,
P-2400-90-2026-01719,3628992,0,1.10,
P-4000-90-2026-00623,3628153,0,1.10,
P-1200-90-2026-01037,3628239,0,1.10,
P-2400-90-2026-01675,3628308,0,1.10,
P-8035-90-2026-00059,3627906,0,1.10,
P-3901-90-2026-00063,3627943,0,1.10,
P-3200-90-2026-01293,3628140,0,1.10,
P-3205-90-2026-00159,3628157,0,1.10,
P-4006-90-2026-00265,3627512,0,1.10,
P-1200-91-2026-00260,3628752,0,1.10,
P-3211-90-2026-00473,3628336,0,1.10,
P-8000-91-2026-00108,3628642,0,1.10,
P-2200-90-2026-00383,3628824,0,1.10,
P-3200-90-2026-01344,3629052,0,1.10,
P-3200-90-2026-01345,3629054,0,1.10,
P-8000-91-2026-00107,3628450,0,1.10,
P-2400-90-2026-01677,3628407,0,1.10,
P-3400-90-2026-00239,3628198,0,1.10,
P-4202-90-2026-00261,3627988,0,1.10,
P-1200-91-2026-00246,3627616,0,1.10,
P-1411-90-2026-00419,3628575,0,1.10,
P-4006-90-2026-00276,3628713,0,1.10,
P-2400-91-2026-00196,3629013,0,1.10,
P-3400-90-2026-00238,3628129,0,1.70,
P-3211-90-2026-00477,3628563,0,1.10,
P-1200-91-2026-00262,3628911,0,1.10,
P-1411-90-2026-00444,3630148,0,1.10,
P-1400-90-2026-00172,3629274,0,1.10,
P-4200-90-2026-00873,3630728,0,1.10,
P-2400-90-2026-01736,3629257,0,1.10,
P-2409-90-2026-00067,3630643,0,1.10,
P-3600-90-2025-01520,3338816,1,1.10,
P-1200-90-2026-01125,3630027,0,1.10,
P-1492-91-2026-00063,3630705,0,1.10,
P-4000-92-2026-00086,3630677,0,1.10,
P-3200-90-2026-01357,3629266,0,1.10,
P-1411-90-2026-00437,3629525,0,1.10,
P-9091-90-2026-00049,3629238,0,1.10,
P-4000-90-2026-00653,3629658,0,1.10,
P-4200-90-2026-00828,3629370,0,1.10,
P-3200-90-2026-01373,3629776,0,1.10,
P-1492-90-2026-00122,3630165,0,1.10,
P-3800-90-2026-00495,3629573,0,1.10,
P-1492-91-2026-00057,3629194,0,1.10,
P-2200-90-2026-00402,3629919,0,1.10,
P-3200-90-2026-01418,3630594,0,1.10,
P-2202-90-2026-00414,3629529,0,1.10,
P-1200-90-2026-01126,3630091,0,1.10,
P-9061-93-2026-00018,3630596,0,1.10,
P-8067-91-2026-00082,3629323,0,1.10,
P-1488-91-2026-00286,3630450,0,1.10,
P-4200-90-2026-00841,3629821,0,1.10,
P-4006-91-2026-00389,3630211,0,1.70,
P-2408-90-2026-00298,3629499,0,1.10,
P-1488-90-2026-00274,3629608,0,1.10,
P-2400-90-2026-01803,3630543,0,1.70,
P-9061-91-2026-00385,3629712,0,1.10,
P-2400-90-2026-01813,3630748,0,1.10,
P-9076-90-2026-00087,3629092,0,1.10,
P-9075-90-2026-00133,3630571,0,1.10,
P-8035-91-2026-00077,3629357,0,1.10,
P-9091-90-2026-00050,3629816,0,1.10,
P-9077-90-2026-00105,3630265,0,1.10,
P-3600-90-2026-00356,3629908,0,1.70,
P-4200-90-2026-00831,3629518,0,1.10,
P-1411-90-2026-00433,3629253,0,1.10,
P-2408-90-2026-00293,3629261,0,1.10,
P-3800-90-2026-00515,3630326,0,1.10,
P-2000-90-2026-00312,3630681,0,1.10,
P-3800-90-2026-00493,3629455,0,1.10,
P-4000-91-2026-00047,3628143,0,1.10,
P-1411-92-2026-00169,3629625,0,1.10,
P-3800-90-2026-00519,3630660,0,1.10,
P-9061-90-2026-00214,3629633,0,1.10,
P-1200-90-2026-01148,3630494,0,1.10,
P-1200-90-2026-01163,3630631,0,1.10,
P-4005-90-2026-00145,3629622,0,1.10,
P-2400-90-2026-01762,3629862,0,1.10,
P-4203-90-2026-00285,3630068,0,1.10,
P-2400-90-2026-01754,3629551,0,1.10,
P-1200-92-2026-00131,3629365,0,1.10,
P-3205-90-2026-00174,3630189,0,1.10,
P-9061-90-2026-00255,3630616,0,1.10,
P-1200-90-2026-01093,3629169,0,1.10,
P-2600-92-2026-00059,3630393,0,1.10,
P-2400-90-2026-01768,3630006,0,1.10,
P-1200-90-2026-01141,3630342,0,1.10,
P-1452-90-2026-00114,3629780,0,1.10,
P-1400-90-2026-00180,3630200,0,1.70,
P-9061-91-2026-00387,3629841,0,1.10,
P-4000-90-2026-00667,3630166,0,1.10,
P-9071-90-2026-00045,3629752,0,1.10,
P-4200-90-2026-00863,3630336,0,1.10,
P-2400-90-2026-01772,3630097,0,1.10,
P-2407-90-2026-00407,3629489,0,1.10,
P-4200-90-2026-00824,3629130,0,1.10,
P-1200-90-2026-01112,3629597,0,1.10,
P-2604-90-2026-00179,3629793,0,1.10,
P-1200-90-2026-01146,3630457,0,1.10,
P-3200-90-2026-01423,3630741,0,1.10,
P-3603-90-2026-00132,3630801,0,1.10,
P-2400-90-2026-01769,3630008,0,1.10,
P-2202-90-2026-00420,3629653,0,1.10,
P-3211-90-2026-00498,3629358,0,1.10,
P-2403-90-2026-00359,3629465,0,1.10,
P-2400-90-2026-01744,3629347,0,1.10,
P-2214-90-2026-00124,3629804,0,1.10,
P-1452-90-2026-00115,3629825,0,1.10,
P-9061-90-2026-00212,3629425,0,1.10,
P-4200-90-2026-00851,3630058,0,1.10,
P-8069-96-2026-00002,3607030,40,5.50,
P-3200-90-2026-01403,3630443,0,1.10,
P-3200-90-2026-01427,3630784,0,1.10,
P-2200-90-2026-00410,3630414,0,1.10,
P-3200-90-2026-01394,3630195,0,1.10,
P-3211-91-2026-00271,3628896,0,1.10,
P-2200-90-2026-00400,3629895,0,1.10,
P-3600-90-2026-00341,3629320,0,1.10,
P-9061-91-2026-00384,3629612,0,1.10,
P-1411-90-2026-00438,3629550,0,1.10,
P-2400-90-2026-01773,3630102,0,1.10,
P-3211-90-2026-00514,3630353,0,1.10,
P-3400-90-2026-00252,3629997,0,1.10,
P-2301-90-2026-00161,3629786,0,1.10,
P-1400-90-2026-00182,3630310,0,1.10,
P-2200-90-2026-00394,3629431,0,1.10,
P-9077-92-2026-00020,3629066,0,1.10,
P-1200-90-2026-01104,3629451,0,1.10,
P-2400-90-2026-01789,3630309,0,1.10,
P-3200-90-2026-01378,3630057,0,1.10,
P-4000-90-2026-00658,3629761,0,1.10,
P-2200-90-2026-00441,3631505,0,1.10,
P-1400-92-2026-00137,3631631,0,1.10,
P-1200-90-2026-01295,3632887,0,1.10,
P-9061-91-2026-00419,3630844,0,1.10,
P-2400-90-2026-01956,3632699,0,1.10,
P-2408-90-2026-00327,3631812,0,1.10,
P-3800-90-2026-00557,3631737,0,1.10,
P-2600-90-2026-00247,3631955,0,1.10,
P-1488-90-2026-00291,3631741,0,1.10,
P-4200-90-2026-00950,3632151,0,1.10,
P-3800-90-2026-00580,3632301,0,1.10,
P-2408-90-2026-00339,3632851,0,1.10,
P-8067-91-2026-00088,3631929,0,1.10,
P-3800-90-2026-00558,3631740,0,1.10,
P-3600-90-2026-00439,3632606,0,1.70,
P-3200-90-2026-01536,3632305,0,1.10,
P-2600-90-2026-00258,3632626,0,1.10,
P-4200-90-2026-00885,3630951,0,1.70,
P-3211-90-2026-00541,3632303,0,1.10,
P-2400-90-2026-01913,3632154,0,1.10,
P-9075-90-2026-00135,3630914,0,1.10,
P-2200-90-2026-00431,3631171,0,1.10,
P-9082-90-2026-00060,3632746,0,1.10,
P-1200-90-2026-01243,3632328,0,1.10,
P-2301-90-2026-00180,3632798,0,1.10,
P-2400-90-2026-01973,3632835,0,1.10,
P-2202-90-2026-00450,3631623,0,1.10,
P-2400-90-2026-01888,3631773,0,1.10,
P-8069-96-2026-00002,3607030,42,5.50,
P-9067-92-2026-00009,3630835,0,1.10,
P-4200-90-2026-00917,3631509,0,1.10,
P-1474-90-2026-00113,3632643,0,1.10,
P-1200-90-2026-01201,3631632,0,1.10,
P-3200-90-2026-01526,3632163,0,1.10,
P-3800-90-2026-00575,3632234,0,1.10,
P-2400-90-2026-01878,3631644,0,1.10,
P-4005-90-2026-00161,3632719,0,1.10,
P-2403-90-2026-00388,3631587,0,1.10,
P-4006-90-2026-00311,3631614,0,1.10,
P-1411-90-2026-00479,3633014,0,1.10,
P-9082-90-2026-00058,3632054,0,1.10,
P-4006-90-2026-00330,3633005,0,1.10,
P-2202-92-2026-00351,3632526,0,1.70,
P-2202-90-2026-00459,3632300,0,1.10,
P-1200-90-2026-01226,3632047,0,1.10,
P-9071-90-2026-00052,3632217,0,1.10,
P-4200-90-2026-00887,3631016,0,1.70,
P-1400-90-2026-00195,3632353,0,1.10,
P-1200-90-2026-01177,3631124,0,1.10,
P-3800-90-2026-00598,3632872,0,1.10,
P-4203-90-2026-00303,3631486,0,1.10,
P-3200-90-2026-01589,3632886,0,1.10,
P-1200-90-2026-01305,3633055,0,1.10,
P-3800-90-2026-00526,3630971,0,1.10,
P-4000-90-2026-00733,3632556,0,1.10,
P-2400-90-2026-01983,3632925,0,1.10,
P-4400-90-2026-00380,3631541,0,1.10,
P-3200-90-2026-01523,3632123,0,1.10,
P-2202-90-2026-00461,3632541,0,1.10,
P-1200-90-2026-01300,3633028,0,1.10,
P-1200-91-2026-00305,3633010,0,1.10,
P-2200-90-2026-00459,3631876,0,1.10,
P-4200-90-2026-00967,3632411,0,1.10,
P-4006-91-2026-00427,3632723,0,1.70,
P-4203-90-2026-00311,3631967,0,1.10,
P-4200-90-2026-00936,3631853,0,1.10,
P-1200-90-2026-01246,3632339,0,1.10,
P-4006-90-2026-00315,3631800,0,1.10,
P-2400-90-2026-01971,3632822,0,1.10,
P-9082-90-2026-00056,3631789,0,1.10,
P-1200-90-2026-01314,3633067,0,1.10,
P-2604-90-2026-00200,3632535,0,1.10,
P-8043-98-2026-00002,3605996,15,3.30,
P-2403-90-2026-00398,3632222,0,1.10,
P-3200-90-2026-01528,3632185,0,1.10,
P-9071-90-2026-00054,3632953,0,1.10,
P-2200-90-2026-00466,3632140,0,1.10,
P-2408-90-2026-00332,3632266,0,1.10,
P-3200-90-2026-01571,3632616,0,1.10,
P-3600-90-2026-00434,3632366,0,1.70,
P-1200-90-2026-01215,3631878,0,1.10,
P-4200-90-2026-00944,3632062,0,1.10,
P-2600-90-2026-00259,3632655,0,1.10,
P-4000-90-2026-00687,3631095,0,1.10,
P-3800-90-2026-00568,3631966,0,1.10,
P-2400-90-2026-01902,3632015,0,1.10,
P-2200-90-2026-00432,3631199,0,1.10,
P-3211-92-2026-00196,3630785,0,1.10,
P-3800-90-2026-00566,3631903,0,1.10,
P-4200-90-2026-00970,3632477,0,1.10,
P-1411-90-2026-00473,3632281,0,1.10,
P-4000-90-2026-00737,3632597,0,1.10,
P-2407-90-2026-00445,3630931,0,1.10,
P-1200-90-2026-01181,3631252,0,1.10,
P-2403-90-2026-00378,3630911,0,1.10,
P-2200-90-2026-00438,3631417,0,1.10,
P-1200-90-2026-01183,3631261,0,1.10,
P-4203-92-2026-00064,3630959,0,1.10,
P-4200-90-2026-00916,3631466,0,1.10,
P-4200-90-2026-00898,3631216,0,1.10,
P-2400-92-2026-00281,3631011,0,1.10,
P-9061-91-2026-00421,3630938,0,1.10,
P-4200-90-2026-00886,3630977,0,1.10,
P-2600-92-2026-00064,3631272,0,1.10,
P-4200-90-2026-00879,3630901,0,1.10,
P-4000-90-2026-00689,3631146,0,1.10,
P-3200-92-2026-00131,3631230,0,1.10,
P-3200-90-2026-01453,3631264,0,1.10,
P-1200-90-2026-01191,3631421,0,1.10,
P-3200-90-2026-01448,3631130,0,1.10,
P-4200-90-2026-00910,3631423,0,1.10,
P-1200-90-2026-01203,3631649,0,1.10,
P-4203-91-2026-00025,3631605,0,1.10,
P-3205-90-2026-00187,3631569,0,1.10,
P-9076-90-2026-00097,3631114,0,1.10,
P-1492-91-2026-00067,3631259,0,1.10,
P-8000-90-2026-00140,3631253,0,1.70,
P-3800-90-2026-00554,3631712,0,1.10,
P-9071-90-2026-00049,3631689,0,1.10,
P-1452-90-2026-00118,3631725,0,1.10,
P-9102-90-2026-00028,3631268,0,1.10,
P-1488-90-2026-00284,3631558,0,1.10,
P-2400-90-2026-01858,3631352,0,1.10,
P-3600-90-2026-00402,3631539,0,1.70,
P-1400-92-2026-00135,3631560,0,1.10,
P-2403-90-2026-00384,3631176,0,1.10,
P-2400-90-2026-01869,3631561,0,1.10,
P-4006-90-2026-00304,3630936,0,1.10,
P-2400-90-2026-01823,3630885,0,1.10,
P-1200-90-2026-01200,3631567,0,1.10,
P-4203-90-2026-00287,3630867,0,1.10,
P-3200-90-2026-01441,3630985,0,1.10,
P-2202-90-2026-00452,3631726,0,1.10,
P-4005-90-2026-00151,3630991,0,1.10,
P-3200-90-2026-01467,3631375,0,1.10,
P-1200-90-2026-01209,3631707,0,1.10,
P-2400-90-2026-01883,3631698,0,1.10,
P-4200-90-2026-00903,3631274,0,1.10,
P-3600-90-2026-00397,3631399,0,1.70,
P-9077-90-2026-00107,3631700,0,1.10,
P-2400-90-2026-01963,3632777,0,1.10,
P-2400-90-2026-01833,3631024,0,1.10,
P-1200-90-2026-01303,3633031,0,1.10,
P-2400-90-2026-01995,3632977,0,1.10,
P-4006-91-2026-00414,3631765,0,1.70,
P-3901-90-2026-00074,3630862,0,1.10,
P-3200-90-2026-01477,3631534,0,1.10,
P-1200-91-2026-00295,3632146,0,1.10,
P-1400-91-2026-00021,3631850,0,1.70,
P-3211-90-2026-00532,3631628,0,1.10,
P-3600-90-2026-00393,3631245,0,1.70,
P-2400-90-2026-01906,3632074,0,1.10,
P-4200-90-2026-00928,3631696,0,1.70,
P-1200-90-2026-01172,3631069,0,1.10,
P-2403-90-2026-00382,3631098,0,1.10,
P-3200-90-2026-01473,3631476,0,1.10,
P-4203-92-2026-00065,3631291,0,1.10,
P-2408-90-2026-00340,3632926,0,1.10,
P-3800-90-2026-00572,3632198,0,1.10,
P-2400-90-2026-01821,3630871,0,1.10,
P-3600-90-2026-00411,3631716,0,1.70,
P-3800-90-2026-00589,3632603,0,1.10,
P-2604-90-2026-00197,3632284,0,1.10,
P-4200-90-2026-00988,3632856,0,1.10,
P-2407-90-2026-00490,3632030,0,1.70,
P-2407-90-2026-00483,3631861,0,1.10,
P-1411-90-2026-00478,3632994,0,1.10,
P-1200-90-2026-01302,3633030,0,1.10,
P-2400-90-2026-01981,3632877,0,1.10,
P-9070-90-2026-00064,3632265,0,1.10,
P-4203-90-2026-00312,3632060,0,1.10,
P-3200-90-2026-01436,3630890,0,1.10,
P-2400-90-2026-01843,3631085,0,1.10,
P-1200-90-2026-01219,3631965,0,1.10,
P-2400-90-2026-01842,3631097,0,1.10,
P-1488-90-2026-00285,3631619,0,1.10,
P-9077-90-2026-00111,3632912,0,1.10,
P-2403-92-2026-00127,3630972,0,1.10,
P-2403-90-2026-00396,3632045,0,1.10,
P-1477-90-2026-00172,3630929,0,1.10,
P-1200-90-2026-01190,3631376,0,1.10,
P-4000-90-2026-00692,3631219,0,1.10,
P-9086-91-2026-00064,3632670,0,1.10,
P-4000-90-2026-00714,3632116,0,1.10,
P-1200-90-2026-01240,3632223,0,1.10,
P-2604-90-2026-00191,3631341,0,1.10,
P-9086-91-2026-00058,3631776,0,1.10,
P-2200-90-2026-00430,3631155,0,1.10,
P-1200-90-2026-01222,3632005,0,1.10,
P-1200-91-2026-00290,3631457,0,1.10,
P-3200-90-2026-01578,3632739,0,1.10,
P-1477-90-2026-00175,3632823,0,1.10,
P-1200-91-2026-00288,3631033,0,1.10,
P-2000-90-2026-00351,3632860,0,1.10,
P-1411-91-2026-00060,3632557,0,1.10,
P-3800-90-2026-00563,3631866,0,1.10,
P-3900-90-2026-00078,3631720,0,1.10,
P-4000-90-2026-00744,3632776,0,1.10,
P-9086-90-2026-00215,3632100,0,1.10,
P-1200-90-2026-01286,3632803,0,1.10,
P-2400-90-2026-02048,3633239,0,1.10,
P-4006-90-2026-00335,3633334,0,1.10,
P-4200-90-2026-01006,3633204,0,1.10,
P-4200-90-2026-01009,3633284,0,1.10,
P-1488-91-2026-00291,3630836,0,1.10,
P-2400-90-2026-02034,3633144,0,1.10,
P-9077-90-2026-00121,3633309,0,1.10,
P-3901-90-2026-00082,3633109,0,1.10,
P-2400-90-2026-02061,3633393,0,1.10,
P-1453-90-2026-00031,3633126,0,1.10,
P-2400-90-2026-02013,3633069,0,1.10,
P-2400-90-2026-02019,3633098,0,1.10,
P-9086-91-2026-00065,3632919,0,1.10,
P-2400-90-2026-02036,3633177,0,1.10,
P-4200-90-2026-01002,3633158,0,1.10,
P-3211-90-2026-00552,3633346,0,1.10,
P-1411-90-2026-00481,3633255,0,1.10,
P-1411-90-2026-00496,3633783,0,1.10,
P-4200-90-2026-01056,3633771,0,1.10,
P-4006-90-2026-00339,3633491,0,1.10,
P-1411-90-2026-00488,3633441,0,1.10,
P-3205-90-2026-00200,3633794,0,1.10,
P-9076-90-2026-00102,3633375,0,1.10,
P-1452-90-2026-00125,3633593,0,1.10,
P-2400-90-2026-02080,3633595,0,1.10,
P-1452-90-2026-00127,3633610,0,1.10,
P-2400-90-2026-02090,3633674,0,1.10,
P-2403-91-2026-00046,3633482,0,1.10,
P-4200-90-2026-01055,3633745,0,1.10,
P-4203-90-2026-00319,3633755,0,1.10,
P-2403-90-2026-00408,3633434,0,1.10,
P-2403-90-2026-00418,3633732,0,1.10,
P-9097-90-2026-00123,3633915,0,1.10,
P-2403-90-2026-00419,3633735,0,1.10,
P-2400-90-2026-02078,3633567,0,1.10,
P-4006-92-2026-00121,3633582,0,1.10,
P-4200-90-2026-01029,3633488,0,1.10,
P-2400-90-2026-02118,3633906,0,1.10,
P-2202-90-2026-00502,3633775,0,1.10,
P-4200-90-2026-01059,3633856,0,1.70,
P-1411-90-2026-00497,3633809,0,1.10,
P-2400-90-2026-02101,3633770,0,1.10,
P-2400-90-2026-02073,3633552,0,1.10,
P-2400-90-2026-02071,3633528,0,1.10,
P-1453-90-2026-00038,3633772,0,1.10,
P-2403-90-2026-00405,3633379,0,1.10,
P-3901-90-2026-00085,3633677,0,1.10,
P-3211-90-2026-00554,3633422,0,1.10,
P-2403-90-2026-00406,3633389,0,1.10,
P-1492-90-2026-00136,3633471,0,1.10,
P-2202-90-2026-00496,3633654,0,1.10,
P-4200-90-2026-01063,3633847,0,1.70,
P-2400-90-2026-02120,3633919,0,1.70,
P-2408-90-2026-00351,3633681,0,1.10,
P-2400-90-2026-02104,3633805,0,1.10,
P-2408-90-2026-00354,3633724,0,1.10,
P-2202-90-2026-00507,3633810,0,1.10,
P-4006-90-2026-00341,3633585,0,1.10,
P-4200-90-2026-01043,3633622,0,1.70,
P-4203-90-2026-00318,3633744,0,1.10,
P-4200-90-2026-01049,3633700,0,1.10,
P-9068-91-2026-00072,3635018,0,1.10,
P-2202-90-2026-00547,3636486,0,1.10,
P-4000-90-2026-00788,3635344,0,1.10,
P-2400-90-2026-02231,3635647,0,1.10,
P-4006-90-2026-00381,3635940,0,1.10,
P-2403-92-2026-00147,3636411,0,1.10,
P-3603-90-2026-00149,3634163,0,1.10,
P-3600-90-2026-00498,3635833,0,1.70,
P-1200-90-2026-01433,3635976,0,1.10,
P-4200-90-2026-01081,3634438,0,1.10,
P-3901-90-2026-00088,3634492,0,1.10,
P-4203-90-2026-00350,3636120,0,1.10,
P-3600-90-2026-00457,3634566,0,1.70,
P-2202-90-2026-00540,3636217,0,1.70,
P-2400-90-2026-02210,3635270,0,1.10,
P-4005-90-2026-00173,3635273,0,1.10,
P-2200-90-2026-00525,3635400,0,1.10,
P-2400-90-2026-02178,3634761,0,1.10,
P-3800-90-2026-00680,3635884,0,1.10,
P-2400-90-2026-02179,3634815,0,1.10,
P-9061-90-2026-00280,3635783,0,1.10,
P-4000-90-2026-00772,3634883,0,1.10,
P-3211-91-2026-00318,3635978,0,1.10,
P-4200-90-2026-01075,3634319,0,1.10,
P-1492-90-2026-00151,3636384,0,1.10,
P-3211-90-2026-00585,3635835,0,1.10,
P-1488-90-2026-00314,3634887,0,1.10,
P-2400-90-2026-02230,3635584,0,1.10,
P-2301-91-2026-00048,3634550,0,1.10,
P-3200-90-2026-01756,3636079,0,1.10,
P-2400-90-2026-02272,3636140,0,1.10,
P-2200-90-2026-00508,3634802,0,1.10,
P-2400-90-2026-02301,3636534,0,1.10,
P-2200-90-2026-00504,3634795,0,1.10,
P-9061-90-2026-00281,3635863,0,1.10,
P-2000-90-2026-00395,3636032,0,1.10,
P-2600-90-2026-00277,3635013,0,1.10,
P-2400-90-2026-02286,3636377,0,1.10,
P-3200-90-2026-01701,3635437,0,1.10,
P-2202-92-2026-00380,3635084,0,1.10,
P-9086-91-2026-00073,3635865,0,1.10,
P-4200-90-2026-01074,3634307,0,1.10,
P-3211-90-2026-00566,3634248,0,1.10,
P-3211-90-2026-00593,3636280,0,1.10,
P-3800-90-2026-00618,3634182,0,1.10,
P-3800-90-2026-00617,3634158,0,1.10,
P-3200-90-2026-01630,3634506,0,1.10,
P-3200-90-2026-01696,3635373,0,1.10,
P-2600-90-2026-00271,3634589,0,1.10,
P-2400-90-2026-02135,3634076,0,1.10,
P-2400-90-2026-02170,3634651,0,1.10,
P-9086-90-2026-00236,3634552,0,1.10,
P-2400-90-2026-02195,3635131,0,1.10,
P-1492-90-2026-00146,3635199,0,1.10,
P-9061-91-2026-00458,3634118,0,1.10,
P-3200-90-2026-01712,3635593,0,1.10,
P-9068-91-2026-00077,3635788,0,1.10,
P-3211-90-2026-00588,3636162,0,1.10,
P-3200-90-2026-01719,3635732,0,1.10,
P-2403-92-2026-00145,3636406,0,1.10,
P-1200-90-2026-01403,3635773,0,1.10,
P-2400-90-2026-02255,3635939,0,1.10,
P-4000-90-2026-00825,3636017,0,1.10,
P-1492-90-2026-00145,3634874,0,1.10,
P-4000-90-2026-00790,3635423,0,1.10,
P-4200-90-2026-01124,3635421,0,1.70,
P-2200-90-2026-00532,3635921,0,1.10,
P-3205-90-2026-00205,3634614,0,1.10,
P-2202-91-2026-00142,3635256,0,1.10,
P-3200-90-2026-01638,3634628,0,1.10,
P-9086-90-2026-00240,3636423,0,1.10,
P-4200-90-2026-01099,3634749,0,1.10,
P-9061-90-2026-00285,3636092,0,1.10,
P-2407-90-2026-00585,3636484,0,1.10,
P-4000-90-2026-00804,3635703,0,1.10,
P-2403-90-2026-00462,3635742,0,1.10,
P-4000-90-2026-00820,3635887,0,1.10,
P-2202-90-2026-00523,3634516,0,1.10,
P-9061-90-2026-00286,3636186,0,1.10,
P-3400-97-2025-00004,3313517,61,37.40,
P-1477-90-2026-00183,3634653,0,1.10,
P-4000-90-2026-00810,3635751,0,1.10,
P-2600-90-2026-00285,3635267,0,1.10,
P-2400-90-2026-02161,3634500,0,1.10,
P-2202-90-2026-00533,3635404,0,1.10,
P-2604-90-2026-00240,3636350,0,1.10,
P-2200-90-2026-00499,3634592,0,1.10,
P-4200-90-2026-01133,3635637,0,1.10,
P-2408-90-2026-00365,3634144,0,1.10,
P-3800-90-2026-00637,3634756,0,1.10,
P-1411-90-2026-00516,3635516,0,1.10,
P-3600-90-2026-00464,3634866,0,1.10,
P-4000-90-2026-00760,3634451,0,1.10,
P-2407-90-2026-00575,3635350,0,1.10,
P-1411-90-2026-00513,3635049,0,1.10,
P-4000-90-2026-00778,3635037,0,1.10,
P-9061-91-2026-00486,3635541,0,1.10,
P-2400-90-2026-02182,3634914,0,1.10,
P-2600-90-2026-00268,3634401,0,1.10,
P-3200-91-2026-00121,3634923,0,1.10,
P-2400-90-2026-02225,3635470,0,1.10,
P-2400-91-2026-00224,3635722,0,1.10,
P-4200-90-2026-01107,3634900,0,1.10,
P-9086-91-2026-00072,3635432,0,1.10,
P-1411-90-2026-00527,3636306,0,1.70,
P-2400-90-2026-02219,3635439,0,1.10,
P-1200-90-2026-01369,3635158,0,1.10,
P-2202-90-2026-00531,3635268,0,1.70,
P-4203-90-2026-00351,3636303,0,1.10,
P-3800-90-2026-00664,3635444,0,1.10,
P-1200-90-2026-01467,3636503,0,1.10,
P-3200-91-2026-00119,3634233,0,1.10,
P-4400-90-2026-00434,3635639,0,1.10,
P-4006-90-2026-00385,3636267,0,1.10,
P-9061-90-2026-00273,3633996,0,1.10,
P-9075-90-2026-00155,3634827,0,1.10,
P-4200-90-2026-01123,3635377,0,1.10,
P-2400-90-2026-02163,3634509,0,1.10,
P-4203-90-2026-00334,3634652,0,1.10,
P-2604-90-2026-00216,3634017,0,1.10,
P-3200-90-2026-01685,3635225,0,1.10,
P-3600-90-2026-00460,3634663,0,1.70,
P-4000-90-2026-00763,3634520,0,1.10,
P-2000-90-2026-00372,3634759,0,1.10,
P-3600-90-2026-00484,3635441,0,1.70,
P-2400-90-2026-02221,3635429,0,1.10,
P-1000-98-2026-00013,3607263,2,1.10,
P-2301-90-2026-00195,3635354,0,1.10,
P-4202-90-2026-00315,3635658,0,1.10,
P-2200-90-2026-00511,3634837,0,1.10,
P-3800-90-2026-00678,3635836,0,1.10,
P-2604-92-2026-00075,3634091,0,1.10,
P-1200-90-2026-01371,3635235,0,1.10,
P-4000-90-2026-00762,3634490,0,1.10,
P-1488-91-2026-00323,3635621,0,1.10,
P-1488-92-2026-00146,3636274,0,1.10,
P-9061-91-2026-00466,3634235,0,1.10,
P-9102-90-2026-00036,3636396,0,1.10,
P-1200-90-2026-01348,3634558,0,1.10,
P-9077-90-2026-00130,3634993,0,1.10,
P-1200-90-2026-01428,3635922,0,1.10,
P-2400-90-2026-02269,3636076,0,1.10,
P-2000-90-2026-00368,3634633,0,1.10,
P-2301-90-2026-00185,3634634,0,1.10,
P-1200-90-2026-01434,3635981,0,1.10,
P-1411-90-2026-00535,3636416,0,1.70,
P-4000-90-2026-00750,3633988,0,1.10,
P-4203-90-2026-00330,3634227,0,1.10,
P-2400-90-2026-02187,3634976,0,1.10,
P-2408-90-2026-00384,3635325,0,1.10,
P-1492-91-2026-00076,3635760,0,1.10,
P-4000-90-2026-00803,3635671,0,1.10,
P-3211-90-2026-00572,3634707,0,1.10,
P-2200-90-2026-00537,3636212,0,1.10,
P-1200-90-2026-01455,3636201,0,1.10,
P-1488-90-2026-00315,3634921,0,1.10,
P-4006-91-2026-00444,3634302,0,1.70,
P-1488-91-2026-00331,3636483,0,1.10,
P-4006-90-2026-00380,3635960,0,1.10,
P-4000-90-2026-00834,3636083,0,1.10,
P-9082-90-2026-00066,3634448,0,1.10,
P-2400-90-2026-02279,3636224,0,1.10,
P-3200-90-2026-01770,3636313,0,1.10,
P-3800-90-2026-00627,3634530,0,1.10,
P-2408-90-2026-00374,3634982,0,1.10,
P-2400-91-2026-00227,3636234,0,1.10,
P-1477-90-2026-00193,3636016,0,1.10,
P-1200-90-2026-01383,3635493,0,1.10,
P-2200-90-2026-00491,3634204,0,1.10,
P-1200-90-2026-01366,3635082,0,1.10,
P-2406-90-2026-00091,3636262,0,1.10,
P-3400-90-2026-00277,3634480,0,1.70,
P-3400-90-2026-00287,3635319,0,1.70,
P-8072-90-2026-00077,3636251,0,1.10,
P-2202-90-2026-00521,3634469,0,1.10,
P-4006-90-2026-00378,3635877,0,1.10,
P-2407-90-2026-00580,3635692,0,1.10,
P-3200-90-2026-01700,3635414,0,1.10,
P-4400-90-2026-00407,3634211,0,1.10,
P-9076-90-2026-00115,3636346,0,1.10,
P-8035-90-2026-00074,3634292,0,1.10,
P-2214-90-2026-00144,3636460,0,1.10,
P-3600-90-2026-00450,3634244,0,1.10,
P-2604-90-2026-00224,3634532,0,1.10,
P-2200-90-2026-00519,3635038,0,1.10,
P-1200-90-2026-01454,3636195,0,1.10,
P-2408-91-2026-00027,3634617,0,1.10,
P-3200-90-2026-01714,3635648,0,1.10,
P-2200-90-2026-00515,3634992,0,1.10,
P-4200-90-2026-01142,3635932,0,1.10,
P-2403-90-2026-00451,3635410,0,1.10,
P-3400-90-2026-00298,3636112,0,1.70,
P-2400-91-2026-00235,3636243,0,1.10,
P-1411-90-2026-00538,3636492,0,1.10,
P-2301-91-2026-00050,3636426,0,1.10,
P-4000-90-2026-00837,3636132,0,1.10,
P-2403-90-2026-00473,3636743,0,1.10,
P-2215-90-2026-00140,3636879,0,1.10,
P-2202-91-2026-00146,3636833,0,1.10,
P-3800-90-2026-00696,3636561,0,1.10,
P-3603-90-2026-00163,3637008,0,1.10,
P-2407-90-2026-00613,3637029,0,1.10,
P-3200-90-2026-01825,3637282,0,1.10,
P-4000-90-2026-00856,3636717,0,1.10,
P-4200-90-2026-01194,3637384,0,1.10,
P-9061-90-2026-00293,3637426,0,1.10,
P-2409-90-2026-00087,3637534,0,1.10,
P-1488-92-2026-00150,3637114,0,1.70,
P-4200-90-2026-01182,3637226,0,1.10,
P-2200-90-2026-00561,3637505,0,1.10,
P-3600-90-2026-00510,3636696,0,1.70,
P-2400-90-2026-02368,3637459,0,1.10,
P-2400-90-2026-02308,3636584,0,1.10,
P-2400-90-2026-02364,3637396,0,1.10,
P-3600-90-2026-00519,3636970,0,1.70,
P-2408-90-2026-00402,3636878,0,1.10,
P-2400-90-2026-02369,3637464,0,1.10,
P-1200-93-2026-00022,3637127,0,1.10,
P-9061-91-2026-00494,3636543,0,1.10,
P-2400-90-2026-02366,3637423,0,1.10,
P-2403-90-2026-00480,3637377,0,1.10,
P-3800-90-2026-00734,3637651,0,1.10,
P-9070-90-2026-00072,3637656,0,1.10,
P-2400-90-2026-02341,3637079,0,1.10,
P-1400-90-2026-00223,3636530,0,1.70,
P-4200-91-2026-00062,3637139,0,1.10,
P-3211-90-2026-00598,3636711,0,1.10,
P-2214-90-2026-00149,3637146,0,1.10,
P-2403-90-2026-00474,3636760,0,1.10,
P-4203-90-2026-00361,3636890,0,1.10,
P-2400-90-2026-02335,3637027,0,1.10,
P-3901-90-2026-00095,3636557,0,1.10,
P-4200-90-2026-01162,3636747,0,1.10,
P-4400-90-2026-00445,3636652,0,1.10,
P-1200-90-2026-01514,3637412,0,1.10,
P-4200-90-2026-01201,3637521,0,1.10,
P-2400-90-2026-02311,3636621,0,1.10,
P-4006-90-2026-00399,3637339,0,1.10,
P-4400-90-2026-00450,3636929,0,1.10,
P-2409-90-2026-00086,3637463,0,1.10,
P-1488-90-2026-00342,3637400,0,1.10,
P-1200-90-2026-01521,3637538,0,1.10,
P-4202-90-2026-00323,3637449,0,1.10,
P-4202-90-2026-00321,3637180,0,1.10,
P-3200-90-2026-01823,3637280,0,1.10,
P-2600-90-2026-00297,3636796,0,1.10,
P-2408-90-2026-00400,3636726,0,1.10,
P-3400-98-2026-00002,3625035,0,1.10,
P-2408-90-2026-00408,3637252,0,1.10,
P-3800-90-2026-00722,3637212,0,1.10,
P-2600-90-2026-00294,3636727,0,1.10,
P-4000-90-2026-00875,3637230,0,1.10,
P-2400-90-2026-02349,3637256,0,1.10,
P-4000-90-2026-00870,3637117,0,1.10,
P-4005-90-2026-00183,3637055,0,1.10,
P-2403-90-2026-00478,3637046,0,1.10,
P-4203-90-2026-00374,3637797,0,1.10,
P-2403-90-2026-00483,3637518,0,1.10,
P-4203-90-2026-00372,3637530,0,1.10,
P-1200-90-2026-01539,3637796,0,1.10,
P-1200-91-2026-00344,3637938,0,1.10,
P-1200-90-2026-01558,3638111,0,1.10,
P-3211-90-2026-00605,3637420,0,1.10,
P-1200-90-2026-01530,3637607,0,1.10,
P-4200-90-2026-01220,3638001,0,1.10,
P-4203-90-2026-00371,3637367,0,1.10,
P-3200-90-2026-01821,3637124,0,1.10,
P-3200-90-2026-01842,3637666,0,1.10,
P-3800-90-2026-00738,3637839,0,1.10,
P-1200-90-2026-01540,3637819,0,1.10,
P-3400-90-2026-00313,3637862,0,1.10,
P-2400-90-2026-02326,3636802,0,1.10,
P-1200-90-2026-01543,3637901,0,1.10,
P-4200-90-2026-01215,3637878,0,1.10,
P-3400-90-2026-00305,3637048,0,1.70,
P-2400-90-2026-02397,3637864,0,1.10,
P-3211-90-2026-00614,3637970,0,1.10,
P-4200-90-2026-01208,3637707,0,1.10,
P-4200-90-2026-01177,3637099,0,1.10,
P-4200-90-2026-01186,3637283,0,1.10,
P-2202-90-2026-00551,3636956,0,1.70,
P-2301-90-2026-00210,3637845,0,1.10,
P-4200-90-2026-01227,3638222,0,1.10,
P-3800-92-2026-00126,3636968,0,1.10,
P-4400-90-2026-00458,3637741,0,1.10,
P-2406-90-2026-00096,3637770,0,1.10,
P-9086-91-2026-00084,3637112,0,1.10,
P-9078-90-2026-00025,3637926,0,1.10,
P-9061-91-2026-00527,3637746,0,1.10,
P-3603-90-2026-00170,3638556,0,1.10,
P-4200-90-2026-01221,3638028,0,1.10,
P-2408-90-2026-00421,3638573,0,1.10,
P-2202-90-2026-00564,3638181,0,1.10,
P-2400-90-2026-02388,3637688,0,1.10,
P-9061-90-2026-00305,3638310,0,1.10,
P-3211-90-2026-00627,3638489,0,1.10,
P-1452-90-2026-00147,3638350,0,1.10,
P-2400-90-2026-02463,3638620,0,1.10,
P-3200-90-2026-01919,3638509,0,1.10,
P-3200-90-2026-01883,3638155,0,1.10,
P-2403-90-2026-00492,3638456,0,1.10,
P-9070-91-2026-00015,3637605,0,1.10,
P-1492-90-2026-00156,3638420,0,1.10,
P-1200-90-2026-01548,3637991,0,1.10,
P-3211-91-2026-00321,3636804,0,1.10,
P-1488-90-2026-00352,3638483,0,1.10,
P-1200-90-2026-01575,3638278,0,1.10,
P-2400-90-2026-02431,3638145,0,1.10,
P-2407-90-2026-00628,3637877,0,1.10,
P-2202-90-2026-00569,3638580,0,1.10,
P-3200-90-2026-01896,3638313,0,1.10,
P-4203-90-2026-00378,3638485,0,1.10,
P-4000-90-2026-00914,3638393,0,1.10,
P-9070-90-2026-00075,3638635,0,1.10,
P-1200-92-2026-00163,3638050,0,1.10,
P-3200-90-2026-01905,3638477,0,1.10,
P-4200-90-2026-01238,3638379,0,1.10,
P-2200-90-2026-00574,3638307,0,1.10,
P-3603-90-2026-00169,3638490,0,1.10,
P-1200-90-2026-01599,3638579,0,1.10,
P-2400-90-2026-02464,3638621,0,1.10,
P-2400-90-2026-02454,3638605,0,1.10,
P-4000-90-2026-00897,3637959,0,1.10,
P-4400-91-2026-00153,3638279,0,1.70,
P-9093-92-2026-00027,3637186,0,1.10,
P-1477-90-2026-00207,3638448,0,1.10,
P-1200-90-2026-01602,3638614,0,1.10,
P-3200-90-2026-01866,3637933,0,1.10,
P-4200-90-2026-01234,3638283,0,1.10,
P-9082-90-2026-00071,3637964,0,1.10,
P-3211-90-2026-00603,3637235,0,1.10,
P-4400-91-2026-00151,3636748,0,1.10,
P-2200-90-2026-00576,3638334,0,1.10,
P-1400-90-2026-00234,3638220,0,1.10,
P-8043-98-2026-00002,3605996,19,3.30,
P-2604-90-2026-00248,3637701,0,1.10,
P-3200-90-2026-01874,3637965,0,1.10,
P-2400-90-2026-02446,3638409,0,1.10,
P-4200-90-2026-01205,3637638,0,1.10,
P-1200-90-2026-01586,3638401,0,1.10,
P-4200-90-2026-01233,3638315,0,1.10,
P-2406-90-2026-00097,3637861,0,1.10,
P-3200-90-2026-01851,3637814,0,1.10,
P-3400-91-2026-00016,3636913,0,1.70,
P-3603-90-2026-00167,3638052,0,1.70,
P-1488-90-2026-00343,3637592,0,1.10,
P-3400-90-2026-00319,3638236,0,1.70,
P-3200-90-2026-01892,3638237,0,1.10,
P-2604-90-2026-00249,3637812,0,1.10,
P-3200-90-2026-01922,3638540,0,1.10,
P-2000-90-2026-00426,3638382,0,1.10,
P-1200-90-2026-01587,3638402,0,1.10,
P-2400-90-2026-02500,3639221,0,1.10,
P-3200-90-2026-02008,3640009,0,1.10,
P-4203-91-2026-00045,3637886,0,1.10,
P-3211-90-2026-00636,3638972,0,1.10,
P-3200-91-2026-00139,3639515,0,1.10,
P-4200-90-2026-01295,3639751,0,1.10,
P-2400-90-2026-02538,3639860,0,1.10,
P-3200-90-2026-01961,3639254,0,1.10,
P-8000-90-2026-00183,3639789,0,1.70,
P-2400-90-2026-02498,3639167,0,1.10,
P-9061-90-2026-00320,3639809,0,1.10,
P-3600-90-2026-00559,3639626,0,1.10,
P-3200-90-2026-01988,3639818,0,1.10,
P-2000-90-2026-00443,3639924,0,1.10,
P-9076-90-2026-00131,3638663,0,1.10,
P-3800-90-2026-00758,3638688,0,1.10,
P-4203-90-2026-00381,3638669,0,1.10,
P-4203-92-2026-00082,3638693,0,1.10,
P-2400-90-2026-02505,3639296,0,1.10,
P-2400-90-2026-02473,3638770,0,1.10,
P-2403-90-2026-00520,3640279,0,1.10,
P-2405-90-2026-00150,3638827,0,1.10,
P-8035-90-2026-00082,3639987,0,1.10,
P-8000-90-2026-00185,3639851,0,1.70,
P-1474-90-2026-00135,3640352,0,1.10,
P-2400-90-2026-02557,3640361,0,1.10,
P-2400-90-2026-02547,3640035,0,1.10,
P-1400-90-2026-00238,3638672,0,1.10,
P-2408-90-2026-00426,3638802,0,1.10,
P-2403-90-2026-00500,3638864,0,1.10,
P-4000-90-2026-00916,3638697,0,1.10,
P-3200-90-2026-01938,3638825,0,1.10,
P-4202-90-2026-00349,3639735,0,1.10,
P-1453-90-2026-00049,3638828,0,1.10,
P-4200-90-2026-01250,3638731,0,1.10,
P-2200-90-2026-00583,3639042,0,1.10,
P-4005-90-2026-00188,3638892,0,1.10,
P-8000-90-2026-00179,3639497,0,1.10,
P-3200-91-2026-00142,3640162,0,1.10,
P-2200-90-2026-00584,3639128,0,1.10,
P-2403-90-2026-00505,3639092,0,1.10,
P-2400-90-2026-02469,3638696,0,1.10,
P-8067-91-2026-00099,3638986,0,1.10,
P-1400-90-2026-00244,3639489,0,1.70,
P-2000-91-2026-00025,3639169,0,1.10,
P-1200-90-2026-01619,3638946,0,1.10,
P-3800-90-2026-00769,3638964,0,1.10,
P-4203-90-2026-00392,3639223,0,1.10,
P-4200-90-2026-01263,3639256,0,1.10,
P-4200-90-2026-01306,3639930,0,1.10,
P-9061-91-2026-00568,3639176,0,1.10,
P-1488-90-2026-00366,3639990,0,1.10,
P-2600-91-2026-00020,3637793,0,1.10,
P-1200-90-2026-01686,3640034,0,1.10,
P-3600-90-2026-00570,3640105,0,1.70,
P-4203-90-2026-00386,3638886,0,1.10,
P-3200-90-2026-02004,3639970,0,1.10,
P-2400-90-2026-02526,3639720,0,1.10,
P-9091-90-2026-00087,3639677,0,1.10,
P-3200-90-2026-01971,3639414,0,1.10,
P-3200-90-2026-01962,3639278,0,1.10,
P-2408-90-2026-00433,3639249,0,1.10,
P-2200-90-2026-00586,3639271,0,1.10,
P-3200-90-2026-01989,3639821,0,1.10,
P-4200-90-2026-01276,3639428,0,1.10,
P-9068-90-2026-00107,3639825,0,1.10,
P-3800-90-2026-00798,3639989,0,1.10,
P-4000-90-2026-00942,3639411,0,1.10,
P-2405-90-2026-00154,3639533,0,1.10,
P-8069-96-2026-00003,3619913,4,1.10,
P-1200-90-2026-01681,3640004,0,1.10,
P-9075-90-2026-00182,3640357,0,1.10,
P-4200-90-2026-01293,3639719,0,1.10,
P-4200-90-2026-01278,3639461,0,1.10,
P-1200-90-2026-01639,3639448,0,1.10,
P-3200-90-2026-01990,3639828,0,1.10,
P-8072-90-2026-00085,3640233,0,1.10,
P-2202-90-2026-00606,3640362,0,1.10,
P-1411-90-2026-00581,3640169,0,1.10,
P-4400-90-2026-00482,3639712,0,1.10,
P-3200-90-2026-02020,3640267,0,1.10,
P-3800-90-2026-00762,3638745,0,1.10,
P-9086-92-2026-00034,3638751,0,1.10,
P-3205-90-2026-00245,3638747,0,1.10,
P-9071-92-2026-00042,3639196,0,1.10,
P-2202-90-2026-00583,3638984,0,1.10,
P-2400-90-2026-02543,3639934,0,1.10,
P-2400-90-2026-02535,3639856,0,1.10,
P-2200-90-2026-00592,3639619,0,1.10,
P-1492-90-2026-00160,3639485,0,1.10,
P-1453-90-2026-00052,3640180,0,1.10,
P-1200-90-2026-01643,3639487,0,1.10,
P-3600-90-2026-00550,3639087,0,1.70,
P-4006-90-2026-00416,3638833,0,1.10,
P-4203-90-2026-00390,3639108,0,1.10,
P-2400-90-2026-02495,3639119,0,1.10,
P-1200-90-2026-01605,3638717,0,1.10,
P-4200-90-2026-01287,3639611,0,1.10,
P-2604-90-2026-00256,3639049,0,1.10,
P-2400-91-2026-00244,3639130,0,1.10,
P-2600-90-2026-00312,3639226,0,1.10,
P-3400-90-2026-00333,3639586,0,1.70,
P-2600-90-2026-00314,3639760,0,1.10,
P-4200-90-2026-01296,3639778,0,1.10,
P-3200-90-2026-02022,3640315,0,1.10,
P-3211-90-2026-00632,3638660,0,1.10,
P-3200-90-2026-01932,3638733,0,1.10,
P-2000-90-2026-00427,3638695,0,1.10,
P-2400-90-2026-02540,3639899,0,1.10,
P-2202-90-2026-00585,3639070,0,1.10,
P-3800-90-2026-00768,3638880,0,1.10,
P-1200-90-2026-01609,3638792,0,1.10,
P-3400-90-2026-00341,3640002,0,1.70,
P-4400-90-2026-00484,3639826,0,1.10,
P-1488-90-2026-00372,3640252,0,1.10,
P-4203-90-2026-00402,3640223,0,1.10,
P-4200-90-2026-01318,3640337,0,1.10,
P-3205-90-2026-00247,3638881,0,1.10,
P-1000-96-2025-00007,3376675,21,1.10,
P-1492-90-2026-00163,3640118,0,1.10,
P-2400-90-2026-02542,3639917,0,1.10,
P-4005-90-2026-00190,3639001,0,1.10,
P-2407-90-2026-00650,3639612,0,1.10,
P-3800-90-2026-00797,3639985,0,1.10,
P-2400-90-2026-02524,3639618,0,1.10,
P-4000-90-2026-00922,3638791,0,1.10,
P-2400-90-2026-02514,3639455,0,1.10,
P-8035-91-2026-00109,3640182,0,1.10,
P-1200-90-2026-01669,3639900,0,1.10,
P-3901-90-2026-00102,3640166,0,1.10,
P-8000-91-2026-00131,3639186,0,1.70,
P-3600-90-2026-00589,3640711,0,1.70,
P-4000-90-2026-00977,3640932,0,1.10,
P-4203-90-2026-00412,3641148,0,1.10,
P-1200-90-2026-01739,3641268,0,1.10,
P-8072-90-2026-00087,3640913,0,1.10,
P-4202-90-2026-00350,3640441,0,1.10,
P-3800-90-2026-00817,3641062,0,1.10,
P-1488-90-2026-00383,3641165,0,1.10,
P-3800-90-2026-00822,3641183,0,1.10,
P-4200-90-2026-01325,3640555,0,1.10,
P-2400-90-2026-02684,3641860,0,1.10,
P-3200-90-2026-02062,3641263,0,1.10,
P-2000-90-2026-00447,3640546,0,1.10,
P-3900-90-2026-00103,3640519,0,1.10,
P-4000-90-2026-00961,3640511,0,1.10,
P-1400-90-2026-00252,3640659,0,1.70,
P-2408-90-2026-00450,3640468,0,1.10,
P-4200-90-2026-01331,3640627,0,1.10,
P-9077-90-2026-00154,3640364,0,1.10,
P-2408-90-2026-00449,3640463,0,1.10,
P-3901-90-2026-00105,3640732,0,1.10,
P-2403-90-2026-00529,3640745,0,1.10,
P-4005-90-2026-00201,3640746,0,1.10,
P-3900-92-2026-00069,3640910,0,1.10,
P-1200-91-2026-00381,3640497,0,1.10,
P-2200-90-2026-00600,3640438,0,1.10,
P-3200-90-2026-02046,3640942,0,1.10,
P-3200-90-2026-02032,3640428,0,1.10,
P-1477-90-2026-00221,3640474,0,1.10,
P-3200-90-2026-02035,3640552,0,1.10,
P-3200-90-2026-02049,3641084,0,1.10,
P-2600-90-2026-00317,3640514,0,1.10,
P-2403-90-2026-00530,3640770,0,1.10,
P-2000-90-2026-00448,3640676,0,1.10,
P-2400-90-2026-02617,3641132,0,1.10,
P-4200-90-2026-01324,3640477,0,1.10,
P-9077-90-2026-00156,3641024,0,1.10,
P-2202-90-2026-00620,3641153,0,1.10,
P-1400-90-2026-00249,3640350,0,1.10,
P-3400-90-2026-00345,3640503,0,1.70,
P-2403-90-2026-00528,3640719,0,1.10,
P-3603-90-2026-00186,3641033,0,1.10,
P-4203-90-2026-00405,3640450,0,1.10,
P-1492-90-2026-00174,3641265,0,1.10,
P-2214-90-2026-00184,3641861,0,1.10,
P-2400-90-2026-02627,3641264,0,1.10,
P-1200-90-2026-01734,3641223,0,1.10,
P-4400-90-2026-00499,3641103,0,1.10,
P-2200-90-2026-00613,3641143,0,1.10,
P-2202-90-2026-00621,3641182,0,1.10,
P-3211-90-2026-00668,3641501,0,1.10,
P-2200-90-2026-00615,3641326,0,1.10,
P-1400-92-2026-00190,3641227,0,1.10,
P-1200-90-2026-01754,3641534,0,1.10,
P-3200-90-2026-02085,3641586,0,1.10,
P-4200-90-2026-01377,3641703,0,1.10,
P-3200-90-2026-02107,3641904,0,1.10,
P-4006-90-2026-00455,3641881,0,1.10,
P-1400-92-2026-00199,3641386,0,1.10,
P-9076-90-2026-00149,3641755,0,1.10,
P-2400-90-2026-02656,3641556,0,1.10,
P-9086-90-2026-00269,3641479,0,1.10,
P-9076-90-2026-00142,3640057,0,1.10,
P-2400-90-2026-02612,3641052,0,1.10,
P-2408-90-2026-00451,3640486,0,1.10,
P-9086-90-2026-00267,3640547,0,1.10,
P-2604-90-2026-00274,3641453,0,1.10,
P-2214-90-2026-00183,3641434,0,1.10,
P-2200-90-2026-00618,3641472,0,1.10,
P-2408-90-2026-00455,3641362,0,1.10,
P-1200-90-2026-01771,3641761,0,1.10,
P-9061-90-2026-00329,3641461,0,1.10,
P-3200-90-2026-02096,3641780,0,1.10,
P-2301-90-2026-00230,3640705,0,1.70,
P-4000-90-2026-01010,3641734,0,1.10,
P-3200-90-2026-02080,3641594,0,1.10,
P-2400-90-2026-02594,3640804,0,1.10,
P-4200-90-2026-01371,3641554,0,1.10,
P-4202-91-2026-00081,3641314,0,1.10,
P-1200-90-2026-01772,3641777,0,1.10,
P-1488-98-2025-00003,3587826,2,1.10,
P-3800-90-2026-00830,3641365,0,1.10,
P-9075-90-2026-00183,3640495,0,1.10,
P-1200-90-2026-01704,3640430,0,1.10,
P-1200-90-2026-01711,3640535,0,1.10,
P-3800-90-2026-00810,3640663,0,1.10,
P-3400-90-2026-00347,3640779,0,1.70,
P-4000-90-2026-00995,3641383,0,1.10,
P-4006-90-2026-00438,3640774,0,1.10,
P-1400-92-2026-00195,3641349,0,1.10,
P-1411-92-2026-00234,3641407,0,1.10,
P-3603-90-2026-00187,3641124,0,1.10,
P-2408-91-2026-00031,3641792,0,1.10,
P-2406-90-2026-00109,3640955,0,1.10,
P-4200-90-2026-01361,3641393,0,1.10,
P-4203-90-2026-00413,3641192,0,1.10,
P-4200-90-2026-01323,3640449,0,1.10,
P-3200-90-2026-02067,3641441,0,1.10,
P-1411-90-2026-00607,3641825,0,1.10,
P-4000-90-2026-00997,3641498,0,1.10,
P-2400-90-2026-02641,3641437,0,1.10,
P-4200-90-2026-01359,3641337,0,1.10,
P-2403-90-2026-00543,3641888,0,1.10,
P-2400-90-2026-02638,3641409,0,1.10,
P-9061-91-2026-00639,3641308,0,1.10,
P-3400-90-2026-00354,3641681,0,1.10,
P-1492-90-2026-00179,3641758,0,1.10,
P-2214-90-2026-00185,3641943,0,1.10,
P-9075-90-2026-00185,3640889,0,1.10,
P-2400-90-2026-02605,3640941,0,1.10,
P-1200-90-2026-01753,3641553,0,1.10,
P-4000-90-2026-00998,3641520,0,1.10,
P-2202-90-2026-00640,3641955,0,1.70,
P-1200-90-2026-01763,3641628,0,1.10,
P-2600-90-2026-00326,3641659,0,1.10,
P-1411-90-2026-00597,3641100,0,1.10,
P-4200-90-2026-01385,3641787,0,1.10,
P-1488-90-2026-00386,3641925,0,1.10,
P-3200-90-2026-02110,3641932,0,1.10,
P-1400-92-2026-00193,3641344,0,1.10,
P-8000-91-2026-00155,3643278,0,1.10,
P-9061-91-2026-00676,3642923,0,1.10,
P-3200-90-2026-02131,3642315,0,1.10,
P-9077-90-2026-00167,3643610,0,1.10,
P-1452-90-2026-00169,3642958,0,1.10,
P-4006-91-2026-00574,3643194,0,1.10,
P-4200-90-2026-01415,3642538,0,1.10,
P-4203-90-2026-00427,3642511,0,1.10,
P-2600-90-2026-00334,3643013,0,1.10,
P-3211-92-2026-00254,3643034,0,1.10,
P-3200-92-2026-00153,3642058,0,1.10,
P-4200-90-2026-01442,3643177,0,1.10,
P-4400-90-2026-00527,3643210,0,1.10,
P-3600-90-2026-00635,3643076,0,1.70,
P-1200-90-2026-01826,3642975,0,1.10,
P-4200-90-2026-01440,3643145,0,1.10,
P-4200-90-2026-01397,3642095,0,1.10,
P-3211-92-2026-00253,3642996,0,1.10,
P-4000-90-2026-01020,3642263,0,1.10,
P-1200-90-2026-01791,3642298,0,1.10,
P-8035-91-2026-00115,3642279,0,1.10,
P-2408-90-2026-00475,3642664,0,1.10,
P-4200-90-2026-01426,3642843,0,1.10,
P-4203-90-2026-00425,3642388,0,1.10,
P-3200-90-2026-02157,3642791,0,1.10,
P-9076-90-2026-00157,3642381,0,1.10,
P-3800-90-2026-00850,3642504,0,1.10,
P-3200-90-2026-02197,3643327,0,1.10,
P-2301-90-2026-00240,3642081,0,1.10,
P-1200-90-2026-01832,3643055,0,1.10,
P-1488-90-2026-00404,3643573,0,1.10,
P-3211-90-2026-00697,3643472,0,1.10,
P-3200-90-2026-02234,3643602,0,1.10,
P-2400-90-2026-02715,3642252,0,1.10,
P-1488-90-2026-00396,3643338,0,1.10,
P-3400-90-2026-00382,3643262,0,1.70,
P-3400-90-2026-00385,3643316,0,1.10,
P-4006-90-2026-00471,3642839,0,1.10,
P-3400-90-2026-00392,3643429,0,1.10,
P-3600-90-2026-00608,3642025,0,1.70,
P-2000-90-2026-00462,3642301,0,1.10,
P-3205-90-2026-00275,3642929,0,1.10,
P-2407-90-2026-00693,3642766,0,1.10,
P-3800-90-2026-00842,3642300,0,1.10,
P-3600-90-2026-00617,3642311,0,1.70,
P-1200-90-2026-01803,3642460,0,1.10,
P-1200-90-2026-01786,3642200,0,1.10,
P-4200-90-2026-01406,3642307,0,1.10,
P-3211-90-2026-00685,3642707,0,1.10,
P-3800-90-2026-00861,3642751,0,1.10,
P-2408-90-2026-00482,3643206,0,1.10,
P-4202-90-2026-00360,3643103,0,1.70,
P-4200-90-2026-01432,3642970,0,1.10,
P-2405-90-2026-00168,3643058,0,1.10,
P-4000-90-2026-01035,3642709,0,1.10,
P-2600-90-2026-00333,3642920,0,1.10,
P-1411-90-2026-00614,3642174,0,1.10,
P-9086-90-2026-00277,3643025,0,1.10,
P-1200-90-2026-01820,3642851,0,1.10,
P-4006-92-2026-00153,3643066,0,1.10,
P-3200-90-2026-02174,3643083,0,1.10,
P-2400-90-2026-02792,3643282,0,1.10,
P-4200-90-2026-01448,3643319,0,1.10,
P-3603-90-2026-00201,3642604,0,1.10,
P-3200-90-2026-02124,3642181,0,1.10,
P-1452-90-2026-00166,3642139,0,1.10,
P-4005-90-2026-00208,3642588,0,1.10,
P-2400-90-2026-02712,3642186,0,1.10,
P-1411-90-2026-00630,3643389,0,1.10,
P-1200-90-2026-01851,3643297,0,1.10,
P-3211-92-2026-00257,3643387,0,1.10,
P-3603-90-2026-00203,3642869,0,1.10,
P-3400-97-2025-00004,3313517,68,14.30,
P-2400-91-2026-00262,3642158,0,1.10,
P-4000-90-2026-01022,3642372,0,1.10,
P-2400-90-2026-02729,3642506,0,1.10,
P-4200-90-2026-01450,3643357,0,1.10,
P-2202-90-2026-00647,3642344,0,1.10,
P-1200-90-2026-01810,3642648,0,1.10,
P-2000-90-2026-00468,3642541,0,1.10,
P-2403-92-2026-00170,3642522,0,1.10,
P-1200-90-2026-01833,3643079,0,1.10,
P-8000-91-2026-00153,3643246,0,1.70,
P-3211-90-2026-00707,3643557,0,1.10,
P-2400-90-2026-02788,3643265,0,1.10,
P-3200-90-2026-02196,3643336,0,1.10,
P-2400-91-2026-00267,3643341,0,1.10,
P-4400-90-2026-00532,3643442,0,1.10,
P-9061-91-2026-00673,3642725,0,1.10,
P-2400-90-2026-02701,3642049,0,1.10,
P-2408-90-2026-00485,3643539,0,1.10,
P-3211-90-2026-00693,3643255,0,1.10,
P-4400-90-2026-00522,3643032,0,1.10,
P-4200-90-2026-01418,3642597,0,1.10,
P-4200-90-2026-01454,3643681,0,1.10,
P-2400-90-2026-02813,3643670,0,1.10,
P-3211-90-2026-00715,3643665,0,1.10,
P-2400-90-2026-02810,3643679,0,1.10,
P-1492-91-2026-00094,3643493,0,1.10,
P-3901-90-2026-00113,3643648,0,1.10,
P-2408-90-2026-00491,3643816,0,1.10,
P-1492-90-2026-00185,3643873,0,1.10,
P-1411-90-2026-00650,3643949,0,1.10,
P-1477-90-2026-00248,3644159,0,1.10,
P-2408-90-2026-00498,3644014,0,1.10,
P-2403-90-2026-00571,3644109,0,1.10,
P-2407-90-2026-00762,3643957,0,1.10,
P-2400-90-2026-02827,3643789,0,1.10,
P-9086-90-2026-00287,3643815,0,1.10,
P-2408-90-2026-00493,3643833,0,1.10,
P-2202-90-2026-00690,3644111,0,1.10,
P-3800-90-2026-00880,3644137,0,1.10,
P-4200-90-2026-01471,3643985,0,1.10,
P-1400-90-2026-00272,3643934,0,1.70,
P-9086-90-2026-00289,3644030,0,1.10,
P-2408-90-2026-00492,3643817,0,1.10,
P-1492-90-2026-00184,3643828,0,1.10,
P-4200-90-2026-01478,3644051,0,1.10,
P-2403-90-2026-00568,3644082,0,1.10,
P-1411-90-2026-00657,3644103,0,1.10,
P-2214-90-2026-00193,3644155,0,1.10,
P-1200-92-2026-00017,3609010,0,1.10,
P-2405-90-2026-00014,3608427,0,1.10,
P-1492-90-2026-00014,3608998,0,1.10,
P-2407-90-2026-00070,3609034,0,1.70,
P-8004-91-2026-00003,3608848,0,1.70,
P-3901-90-2026-00005,3608568,0,1.10,
P-3800-90-2026-00103,3608816,0,1.10,
P-4200-90-2026-00161,3608507,0,1.10,
P-1200-90-2026-00222,3609197,0,1.10,
P-3211-90-2026-00055,3608487,0,1.10,
P-2400-90-2026-00370,3609200,0,1.10,
P-3200-90-2026-00369,3609476,0,1.10,
P-4200-92-2026-00016,3608806,0,1.10,
P-2000-90-2026-00047,3608562,0,1.10,
P-3400-90-2026-00041,3608938,0,1.70,
P-8035-91-2026-00025,3609490,0,1.10,
P-4005-90-2026-00031,3609336,0,1.10,
P-1492-90-2026-00009,3608441,0,1.10,
P-4200-90-2026-00178,3609031,0,1.10,
P-2400-90-2026-00367,3609161,0,1.10,
P-9068-90-2026-00016,3609511,0,1.10,
P-2000-92-2026-00047,3608749,0,1.10,
P-1411-90-2026-00067,3609423,0,1.10,
P-3800-90-2026-00109,3608954,0,1.10,
P-2600-90-2026-00037,3608224,0,1.10,
P-4006-91-2026-00060,3608403,0,1.70,
P-1411-90-2026-00054,3608803,0,1.10,
P-4200-90-2026-00168,3608717,0,1.10,
P-4200-93-2026-00002,3608792,0,1.10,
P-4200-90-2026-00173,3608936,0,1.10,
P-9086-90-2026-00024,3608269,0,1.10,
P-2000-90-2026-00045,3608499,0,1.10,
P-2400-90-2026-00358,3609016,0,1.10,
P-2407-90-2026-00071,3609053,0,1.10,
P-8000-91-2025-01737,3607805,0,1.10,
P-1452-90-2026-00021,3608950,0,1.10,
P-1492-92-2026-00029,3608183,0,1.10,
P-4000-90-2026-00113,3608298,0,1.10,
P-3800-90-2026-00096,3608412,0,1.10,
P-1411-90-2026-00065,3609365,0,1.10,
P-3211-90-2026-00078,3609343,0,1.10,
P-2407-90-2026-00074,3609171,0,1.10,
P-9097-90-2026-00011,3608978,0,1.10,
P-1200-91-2026-00060,3609166,0,1.10,
P-4000-90-2026-00149,3608987,0,1.10,
P-1400-90-2026-00010,3608127,0,1.10,
P-2400-90-2026-00308,3608343,0,1.10,
P-4200-90-2026-00149,3608193,0,1.10,
P-3200-90-2026-00290,3608367,0,1.10,
P-3400-90-2026-00038,3608381,0,1.70,
P-2403-91-2026-00018,3608358,0,1.10,
P-1200-90-2026-00235,3609364,0,1.10,
P-4000-90-2026-00159,3609127,0,1.10,
P-3205-90-2026-00023,3608575,0,1.10,
P-3211-90-2026-00082,3609520,0,1.10,
P-4006-90-2026-00009,3608188,0,1.10,
P-4006-90-2026-00008,3608165,0,1.10,
P-2202-90-2026-00062,3609386,0,1.70,
P-3200-90-2026-00293,3608502,0,1.10,
P-1200-90-2026-00190,3608826,0,1.10,
P-3600-90-2026-00081,3608862,0,1.70,
P-2408-90-2026-00042,3608210,0,1.10,
P-2202-90-2026-00051,3608494,0,1.10,
P-2400-90-2026-00360,3609008,0,1.10,
P-4200-90-2026-00194,3609308,0,1.10,
P-9086-90-2026-00035,3609448,0,1.10,
P-2400-90-2026-00309,3608346,0,1.10,
P-3800-90-2026-00114,3609118,0,1.10,
P-9061-91-2026-00058,3608133,0,1.10,
P-8000-90-2026-00026,3608383,0,1.10,
P-9022-96-2026-00001,3596388,0,7.70,
P-1400-90-2026-00012,3608129,0,1.10,
P-4000-90-2026-00110,3608173,0,1.10,
P-3205-90-2026-00021,3608396,0,1.10,
P-2408-90-2026-00044,3608379,0,1.10,
P-2202-90-2026-00045,3608388,0,1.10,
P-3200-90-2026-00346,3609099,0,1.10,
P-2600-90-2026-00034,3608138,0,1.10,
P-9068-90-2026-00008,3608253,0,1.10,
P-2604-90-2026-00017,3608606,0,1.10,
P-2200-90-2026-00066,3609229,0,1.10,
P-2000-90-2026-00057,3609359,0,1.10,
P-9086-90-2026-00032,3609176,0,1.10,
P-2408-90-2026-00046,3608407,0,1.10,
P-3600-90-2026-00083,3608946,0,1.70,
P-3800-90-2026-00090,3608141,0,1.10,
P-4400-92-2026-00019,3608577,0,1.10,
P-3200-90-2026-00368,3609453,0,1.10,
P-4200-90-2026-00195,3609344,0,1.10,
P-4005-90-2026-00015,3608179,0,1.10,
P-3800-90-2026-00088,3608153,0,1.10,
P-2000-90-2026-00046,3608536,0,1.10,
P-1200-90-2026-00169,3608172,0,1.10,
P-1452-90-2026-00020,3608646,0,1.10,
P-9091-90-2026-00017,3608231,0,1.70,
P-1200-90-2026-00168,3608162,0,1.10,
P-2604-90-2026-00025,3609226,0,1.10,
P-2407-92-2026-00029,3608333,0,1.10,
P-2215-90-2026-00011,3609571,0,1.10,
P-2400-90-2026-00385,3609563,0,1.10,
P-9067-90-2026-00005,3609638,0,1.10,
P-4202-90-2026-00054,3609610,0,1.70,
P-2215-90-2026-00017,3609652,0,1.10,
P-9077-92-2026-00002,3609675,0,1.10,
P-9086-90-2026-00036,3609640,0,1.10,
P-8035-91-2026-00028,3609553,0,1.10,
P-2202-90-2026-00080,3609680,0,1.10,
P-4203-90-2026-00050,3609953,0,1.10,
P-3800-90-2026-00133,3609804,0,1.10,
P-9076-90-2026-00013,3609839,0,1.10,
P-9082-90-2026-00010,3610034,0,1.10,
P-2400-90-2026-00416,3609853,0,1.10,
P-2400-90-2026-00400,3609801,0,1.10,
P-9061-90-2026-00047,3609803,0,1.10,
P-2403-90-2026-00071,3609713,0,1.10,
P-2406-90-2026-00019,3609704,0,1.10,
P-2408-90-2026-00066,3609956,0,1.10,
P-3211-90-2026-00085,3609692,0,1.10,
P-2408-90-2026-00057,3609719,0,1.10,
P-9086-90-2026-00050,3610011,0,1.10,
P-9075-91-2026-00022,3609984,0,1.10,
P-2403-90-2026-00074,3609731,0,1.10,
P-4200-90-2026-00198,3609885,0,1.10,
P-2301-90-2026-00021,3609829,0,1.70,
P-2407-90-2026-00093,3609883,0,1.70,
P-9086-90-2026-00037,3609729,0,1.10,
P-4203-90-2026-00047,3609773,0,1.10,
P-9086-90-2026-00040,3609886,0,1.10,
P-2400-90-2026-00395,3609705,0,1.10,
P-9067-90-2026-00006,3609940,0,1.10,
P-2400-91-2026-00048,3609783,0,1.10,
P-3211-90-2026-00095,3610002,0,1.10,
P-4006-90-2026-00036,3610885,0,1.10,
P-2301-90-2026-00030,3611196,0,1.10,
P-1400-90-2026-00043,3611229,0,1.70,
P-9086-90-2026-00055,3610282,0,1.10,
P-1200-90-2026-00284,3611096,0,1.10,
P-2403-90-2026-00106,3611085,0,1.10,
P-2000-91-2026-00002,3610239,0,1.10,
P-2400-90-2026-00458,3610478,0,1.10,
P-1200-92-2026-00029,3611192,0,1.10,
P-2000-90-2026-00076,3611306,0,1.10,
P-2000-93-2026-00006,3610999,0,1.10,
P-2409-90-2026-00010,3610794,0,1.10,
P-3600-90-2026-00106,3611021,0,1.70,
P-3800-90-2026-00136,3610100,0,1.10,
P-2400-90-2026-00452,3610304,0,1.10,
P-1477-90-2026-00025,3610135,0,1.10,
P-4200-90-2026-00217,3610547,0,1.70,
P-4200-90-2026-00201,3610171,0,1.70,
P-1452-90-2026-00031,3610658,0,1.10,
P-2408-90-2026-00076,3610450,0,1.10,
P-4005-90-2026-00037,3611008,0,1.10,
P-2200-90-2026-00077,3610427,0,1.10,
P-2604-90-2026-00041,3611063,0,1.10,
P-1488-92-2026-00034,3610391,0,1.10,
P-1411-90-2026-00103,3610632,0,1.10,
P-3600-90-2026-00090,3610279,0,1.70,
P-1488-91-2026-00061,3610497,0,1.10,
P-3200-90-2026-00431,3611083,0,1.10,
P-3200-90-2026-00414,3610876,0,1.10,
P-4000-90-2026-00183,3610526,0,1.10,
P-2403-90-2026-00109,3611254,0,1.10,
P-4006-90-2026-00034,3610839,0,1.10,
P-3200-90-2026-00394,3610698,0,1.10,
P-8000-90-2026-00037,3611217,0,1.70,
P-1400-90-2026-00041,3610879,0,1.70,
P-2604-90-2026-00037,3610710,0,1.10,
P-4400-90-2026-00082,3611180,0,1.10,
P-1411-90-2026-00104,3610937,0,1.10,
P-9061-90-2026-00058,3611200,0,1.10,
P-4200-90-2026-00235,3611057,0,1.10,
P-1400-90-2026-00045,3611322,0,1.10,
P-4200-90-2026-00232,3610950,0,1.10,
P-2400-90-2026-00504,3611350,0,1.10,
P-3900-90-2026-00015,3611151,0,1.10,
P-4203-90-2026-00073,3611235,0,1.10,
P-1200-90-2026-00244,3610174,0,1.10,
P-2600-90-2026-00064,3611683,0,1.10,
P-2400-90-2026-00435,3610054,0,1.10,
P-9061-91-2026-00113,3611389,0,1.10,
P-4000-90-2026-00175,3610290,0,1.10,
P-1200-90-2026-00329,3611849,0,1.10,
P-4200-90-2026-00199,3610068,0,1.10,
P-3205-90-2026-00040,3611090,0,1.10,
P-2214-90-2026-00035,3610488,0,1.10,
P-4400-90-2026-00065,3610315,0,1.70,
P-3600-90-2026-00094,3610405,0,1.70,
P-2000-90-2026-00064,3610479,0,1.10,
P-3211-90-2026-00124,3611677,0,1.10,
P-9068-90-2026-00020,3610037,0,1.10,
P-2400-90-2026-00510,3611540,0,1.10,
P-9086-90-2026-00054,3610241,0,1.10,
P-3200-90-2026-00470,3611573,0,1.10,
P-4200-90-2026-00203,3610220,0,1.10,
P-4006-91-2026-00095,3611631,0,1.10,
P-3800-90-2026-00163,3611091,0,1.10,
P-1200-90-2026-00322,3611598,0,1.10,
P-3211-90-2026-00099,3610333,0,1.10,
P-1492-90-2026-00021,3610349,0,1.10,
P-1452-90-2026-00034,3611653,0,1.10,
P-2600-92-2026-00012,3610590,0,1.10,
P-9077-90-2026-00020,3611268,0,1.10,
P-4000-90-2026-00211,3611345,0,1.10,
P-9061-91-2026-00082,3609599,0,1.10,
P-3200-90-2026-00488,3611758,0,1.10,
P-4000-90-2026-00190,3610877,0,1.10,
P-3800-90-2026-00150,3610574,0,1.10,
P-4005-92-2026-00013,3611884,0,1.10,
P-4000-90-2026-00191,3610938,0,1.10,
P-2400-90-2026-00439,3610041,0,1.10,
P-9097-92-2026-00024,3611534,0,1.10,
P-1411-90-2026-00116,3611810,0,1.10,
P-4203-90-2026-00057,3610312,0,1.10,
P-9086-90-2026-00067,3611487,0,1.10,
P-3200-90-2026-00493,3611829,0,1.10,
P-1200-91-2026-00066,3610115,0,1.10,
P-1200-90-2026-00316,3611485,0,1.10,
P-2301-90-2026-00026,3610687,0,1.10,
P-1452-90-2026-00028,3610432,0,1.10,
P-3200-90-2026-00450,3611416,0,1.10,
P-4203-90-2026-00056,3610280,0,1.10,
P-1200-90-2026-00296,3611262,0,1.10,
P-2214-90-2026-00034,3610441,0,1.70,
P-3800-90-2026-00139,3610131,0,1.10,
P-1200-90-2026-00306,3611369,0,1.10,
P-9086-93-2026-00008,3611041,0,1.10,
P-2400-90-2026-00516,3611656,0,1.10,
P-1200-91-2026-00081,3611596,0,1.10,
P-3800-90-2026-00174,3611637,0,1.10,
P-1452-90-2026-00027,3610341,0,1.10,
P-2400-90-2026-00502,3611347,0,1.10,
P-2000-90-2026-00069,3610864,0,1.10,
P-2405-90-2026-00028,3611146,0,1.10,
P-2400-90-2026-00508,3611496,0,1.10,
P-1200-90-2026-00268,3610713,0,1.10,
P-3900-90-2026-00013,3610722,0,1.10,
P-2400-90-2026-00491,3611204,0,1.10,
P-1488-90-2026-00091,3611838,0,1.10,
P-4200-90-2026-00247,3611594,0,1.10,
P-9061-91-2026-00099,3610125,0,1.10,
P-4203-92-2026-00015,3610603,0,1.10,
P-8072-90-2026-00017,3611793,0,1.10,
P-2400-90-2026-00492,3611205,0,1.10,
P-3200-90-2026-00477,3611609,0,1.10,
P-9102-91-2026-00007,3611601,0,1.10,
P-3211-90-2026-00112,3611037,0,1.10,
P-2400-90-2026-00497,3611332,0,1.10,
P-3900-90-2026-00018,3611714,0,1.10,
P-4200-90-2026-00246,3611541,0,1.10,
P-4200-90-2026-00205,3610285,0,1.10,
P-2400-90-2026-00456,3610383,0,1.10,
P-1200-90-2026-00273,3610851,0,1.10,
P-1400-90-2026-00048,3611869,0,1.10,
P-9061-91-2026-00105,3610263,0,1.10,
P-9082-90-2026-00014,3611847,0,1.10,
P-2202-90-2026-00115,3611867,0,1.10,
P-3200-90-2026-00461,3611535,0,1.10,
P-1492-90-2026-00026,3611583,0,1.10,
P-3205-90-2026-00043,3611480,0,1.10,
P-3800-90-2026-00168,3611418,0,1.10,
P-1200-90-2026-00246,3610214,0,1.10,
P-9077-90-2026-00021,3611682,0,1.10,
P-4400-90-2026-00075,3610747,0,1.10,
P-3200-90-2026-00428,3611061,0,1.10,
P-3800-90-2026-00161,3611033,0,1.10,
P-4202-90-2026-00076,3610350,0,1.10,
P-2408-90-2026-00085,3610919,0,1.10,
P-9061-90-2026-00048,3610281,0,1.10,
P-1492-91-2026-00013,3610887,0,1.10,
P-9061-91-2026-00111,3611114,0,1.10,
P-3211-90-2026-00123,3611523,0,1.10,
P-3200-90-2026-00422,3610971,0,1.10,
P-2301-90-2026-00032,3611717,0,1.10,
P-3600-90-2026-00100,3610772,0,1.70,
P-1411-90-2026-00113,3611744,0,1.10,
P-1452-90-2026-00036,3611710,0,1.10,
P-1200-90-2026-00335,3611991,0,1.10,
P-1411-90-2026-00124,3612612,0,1.10,
P-2202-90-2026-00123,3612608,0,1.10,
P-3200-90-2026-00549,3612972,0,1.10,
P-2400-90-2026-00631,3613327,0,1.10,
P-2200-90-2026-00124,3613337,0,1.10,
P-3800-90-2026-00194,3612604,0,1.10,
P-3800-90-2026-00200,3612883,0,1.10,
P-2405-92-2026-00025,3612724,0,1.10,
P-4200-90-2026-00296,3613227,0,1.10,
P-2600-90-2026-00080,3613267,0,1.10,
P-4400-90-2026-00107,3612159,0,1.10,
P-3600-90-2026-00122,3612736,0,1.70,
P-1200-90-2026-00359,3612579,0,1.10,
P-3200-90-2026-00564,3613191,0,1.10,
P-4000-90-2026-00255,3613122,0,1.10,
P-2604-90-2026-00054,3612729,0,1.10,
P-2409-90-2026-00013,3612073,0,1.10,
P-2600-90-2026-00068,3612071,0,1.10,
P-3211-90-2026-00140,3612556,0,1.10,
P-4200-90-2026-00262,3612320,0,1.10,
P-1411-90-2026-00128,3612765,0,1.10,
P-3211-92-2026-00047,3612207,0,1.10,
P-1200-90-2026-00332,3611959,0,1.10,
P-2301-90-2026-00046,3612992,0,1.10,
P-2200-90-2026-00121,3613104,0,1.10,
P-2400-90-2026-00561,3612370,0,1.10,
P-4400-90-2026-00127,3613011,0,1.10,
P-8000-91-2026-00049,3612858,0,1.10,
P-2400-90-2026-00623,3613207,0,1.10,
P-1200-90-2026-00360,3612610,0,1.10,
P-3200-90-2026-00538,3612841,0,1.10,
P-4203-90-2026-00081,3612222,0,1.10,
P-2400-97-2026-00002,3612871,0,13.20,
P-2605-90-2026-00013,3612103,0,1.10,
P-2000-90-2026-00101,3612615,0,1.10,
P-1200-90-2026-00394,3613226,0,1.10,
P-1200-90-2026-00371,3612922,0,1.10,
P-4203-90-2026-00086,3612553,0,1.10,
P-3600-90-2026-00127,3613138,0,1.70,
P-2400-90-2026-00583,3612716,0,1.10,
P-8000-90-2026-00048,3612782,0,1.10,
P-1477-90-2026-00043,3612865,0,1.10,
P-2600-90-2026-00083,3613282,0,1.10,
P-9097-90-2026-00025,3613300,0,1.10,
P-4000-90-2026-00245,3612761,0,1.10,
P-9102-90-2026-00005,3612190,0,1.10,
P-2400-90-2026-00571,3612499,0,1.10,
P-3200-90-2026-00518,3612364,0,1.10,
P-2408-90-2026-00103,3612566,0,1.10,
P-2400-90-2026-00537,3611939,0,1.10,
P-9093-90-2026-00011,3612563,0,1.10,
P-1474-90-2026-00027,3611970,0,1.10,
P-3200-92-2026-00028,3611989,0,1.10,
P-4006-90-2026-00052,3612392,0,1.10,
P-4200-91-2026-00014,3610630,0,1.10,
P-3800-90-2026-00179,3611903,0,1.10,
P-3900-91-2026-00002,3612127,0,1.10,
P-1200-90-2026-00340,3612091,0,1.10,
P-2400-90-2026-00543,3612089,0,1.10,
P-2400-90-2026-00535,3611921,0,1.10,
P-4006-91-2026-00102,3612293,0,1.70,
P-4203-90-2026-00084,3612474,0,1.10,
P-2000-90-2026-00092,3611951,0,1.10,
P-2408-90-2026-00102,3612400,0,1.10,
P-3200-90-2026-00499,3611986,0,1.10,
P-4203-90-2026-00078,3612060,0,1.10,
P-2403-90-2026-00117,3612470,0,1.10,
P-4400-90-2026-00103,3611971,0,1.10,
P-1411-90-2026-00122,3612423,0,1.10,
P-4202-90-2026-00096,3611955,0,1.10,
P-1488-91-2026-00074,3612362,0,1.10,
P-2400-90-2026-00581,3612665,0,1.10,
P-1200-90-2026-00348,3612314,0,1.10,
P-9086-90-2026-00080,3613389,0,1.10,
P-2400-90-2026-00636,3613439,0,1.10,
P-9061-91-2026-00124,3612493,0,1.10,
P-3211-90-2026-00150,3613159,0,1.10,
P-4203-90-2026-00079,3612124,0,1.10,
P-1452-90-2026-00040,3612745,0,1.10,
P-1000-95-2026-00003,3604407,0,414.70,
P-9022-90-2026-00009,3613183,0,1.10,
P-9077-90-2026-00022,3613146,0,1.10,
P-2200-90-2026-00115,3612873,0,1.10,
P-3800-90-2026-00186,3612361,0,1.10,
P-1477-90-2026-00046,3613340,0,1.10,
P-2400-90-2026-00614,3613085,0,1.10,
P-4006-92-2026-00039,3613378,0,1.10,
P-3211-90-2026-00145,3612902,0,1.10,
P-3200-90-2026-00585,3613347,0,1.10,
P-2403-90-2026-00125,3613443,0,1.10,
P-8072-90-2026-00019,3612211,0,1.10,
P-8000-90-2026-00050,3613213,0,1.70,
P-9076-90-2026-00026,3613422,0,1.10,
P-3603-90-2026-00038,3612989,0,1.10,
P-9070-91-2026-00006,3613102,0,1.10,
P-2403-90-2026-00123,3613358,0,1.10,
P-3205-90-2026-00046,3612078,0,1.10,
P-4005-90-2026-00048,3613345,0,1.10,
P-2202-90-2026-00129,3613349,0,1.10,
P-2405-90-2026-00033,3612683,0,1.10,
P-3200-90-2026-00587,3613402,0,1.10,
P-2202-90-2026-00137,3613512,0,1.70,
P-9097-92-2026-00037,3614616,0,1.10,
P-1200-90-2026-00463,3614626,0,1.10,
P-1452-90-2026-00049,3614874,0,1.10,
P-2301-90-2026-00054,3614289,0,1.10,
P-2000-90-2026-00131,3614467,0,1.10,
P-9061-90-2026-00074,3614401,0,1.10,
P-3200-90-2026-00631,3614315,0,1.10,
P-1411-90-2026-00159,3614868,0,1.10,
P-2000-90-2026-00125,3614160,0,1.10,
P-9070-90-2026-00027,3613835,0,1.10,
P-1200-90-2026-00476,3614802,0,1.10,
P-9070-90-2026-00030,3614977,0,1.10,
P-1200-90-2026-00433,3614217,0,1.10,
P-3211-91-2026-00145,3614387,0,1.10,
P-3900-90-2026-00032,3614867,0,1.10,
P-4400-92-2026-00052,3614561,0,1.10,
P-4200-90-2026-00308,3613772,0,1.10,
P-3400-90-2026-00119,3613804,0,1.10,
P-1200-90-2026-00460,3614592,0,1.10,
P-1200-90-2026-00477,3614805,0,1.10,
P-1477-90-2026-00063,3614845,0,1.10,
P-4005-90-2026-00049,3614164,0,1.10,
P-1411-90-2026-00139,3613800,0,1.10,
P-2600-90-2026-00095,3614008,0,1.10,
P-2604-90-2026-00067,3614646,0,1.10,
P-2400-90-2026-00690,3614325,0,1.10,
P-1400-92-2026-00023,3613949,0,1.10,
P-2400-90-2026-00666,3613838,0,1.10,
P-4202-90-2026-00111,3614192,0,1.10,
P-4400-90-2026-00132,3613671,0,1.10,
P-9102-90-2026-00006,3614920,0,1.10,
P-4400-90-2026-00138,3614158,0,1.10,
P-2400-90-2026-00713,3614617,0,1.10,
P-9075-90-2026-00039,3614682,0,1.10,
P-2400-92-2026-00105,3614393,0,1.10,
P-3600-90-2026-00130,3613657,0,1.70,
P-9082-90-2026-00017,3614347,0,1.10,
P-3200-90-2026-00672,3614947,0,1.10,
P-2400-91-2026-00077,3614647,0,1.10,
P-3200-90-2026-00623,3614127,0,1.10,
P-2604-90-2026-00065,3614452,0,1.10,
P-2407-90-2026-00129,3614078,0,1.10,
P-1400-90-2026-00063,3614765,0,1.70,
P-1400-90-2026-00061,3614410,0,1.70,
P-2200-90-2026-00143,3614341,0,1.10,
P-4200-90-2026-00338,3614751,0,1.10,
P-4400-90-2026-00137,3614141,0,1.10,
P-3211-90-2026-00179,3614295,0,1.10,
P-3200-90-2026-00606,3613898,0,1.10,
P-2400-90-2026-00695,3614400,0,1.10,
P-2400-90-2026-00656,3613716,0,1.10,
P-2000-90-2026-00120,3613830,0,1.10,
P-4200-90-2026-00315,3614163,0,1.10,
P-4203-90-2026-00108,3614770,0,1.10,
P-8000-96-2026-00003,3605087,0,17.60,
P-3800-90-2026-00214,3613653,0,1.10,
P-3211-90-2026-00196,3614900,0,1.10,
P-3211-90-2026-00169,3613950,0,1.10,
P-4400-90-2026-00131,3613636,0,1.10,
P-8067-91-2026-00022,3612467,0,1.10,
P-9061-91-2026-00143,3614129,0,1.10,
P-9077-90-2026-00030,3614418,0,1.10,
P-1200-90-2026-00406,3613650,0,1.10,
P-9076-90-2026-00028,3613649,0,1.10,
P-9077-90-2026-00033,3614572,0,1.10,
P-2301-91-2026-00016,3613877,0,1.10,
P-9076-90-2026-00027,3613626,0,1.10,
P-1488-90-2026-00113,3613951,0,1.10,
P-4203-92-2026-00025,3614096,0,1.10,
P-2200-90-2026-00130,3613960,0,1.10,
P-4400-90-2026-00144,3614783,0,1.10,
P-4000-90-2026-00275,3614001,0,1.10,
P-4000-90-2026-00268,3613742,0,1.10,
P-2407-90-2026-00125,3613975,0,1.10,
P-9097-91-2026-00016,3614876,0,1.10,
P-4202-90-2026-00109,3613846,0,1.10,
P-1474-90-2026-00040,3614243,0,1.10,
P-9061-92-2026-00027,3614428,0,1.10,
P-9061-91-2026-00142,3614061,0,1.10,
P-3200-90-2026-00630,3614285,0,1.10,
P-9076-90-2026-00030,3614296,0,1.10,
P-3800-91-2026-00025,3613064,0,1.10,
P-2407-90-2026-00132,3614865,0,1.10,
P-3200-90-2026-00608,3613941,0,1.10,
P-2600-90-2026-00087,3613678,0,1.10,
P-3211-91-2026-00140,3613638,0,1.10,
P-9097-90-2026-00037,3614963,0,1.10,
P-4203-90-2026-00095,3613826,0,1.10,
P-4200-90-2026-00333,3614702,0,1.10,
P-2000-92-2026-00067,3614080,0,1.10,
P-9097-90-2026-00036,3614979,0,1.10,
P-8000-90-2026-00057,3614508,0,1.70,
P-3200-90-2026-00605,3613875,0,1.10,
P-4005-92-2026-00015,3613624,0,1.10,
P-9061-90-2026-00070,3613740,0,1.10,
P-2400-90-2026-00664,3613822,0,1.10,
P-3200-90-2026-00617,3614057,0,1.10,
P-4200-90-2026-00312,3613968,0,1.10,
P-2400-90-2026-00732,3614960,0,1.10,
P-4000-90-2026-00298,3614757,0,1.10,
P-9086-91-2026-00025,3613814,0,1.10,
P-1200-91-2026-00111,3614482,0,1.10,
P-1200-90-2026-00475,3614763,0,1.10,
P-3211-92-2026-00069,3614930,0,1.10,
P-2400-90-2026-00648,3613586,0,1.10,
P-3600-90-2026-00134,3613911,0,1.70,
P-2407-90-2026-00128,3614028,0,1.10,
P-3400-90-2026-00117,3613610,0,1.70,
P-9061-91-2026-00138,3613872,0,1.10,
P-1200-90-2026-00405,3613558,0,1.10,
P-9086-90-2026-00088,3613981,0,1.10,
P-1200-91-2026-00094,3613529,0,1.10,
P-1200-91-2026-00097,3613605,0,1.10,
P-1200-90-2026-00404,3613526,0,1.10,
P-9077-90-2026-00025,3613503,0,1.10,
P-1488-90-2026-00114,3614011,0,1.10,
P-2000-92-2026-00066,3613652,0,1.10,
P-9061-91-2026-00130,3613504,0,1.10,
P-3800-90-2026-00240,3615162,0,1.10,
P-9061-90-2026-00085,3615252,0,1.10,
P-4200-90-2026-00350,3615214,0,1.10,
P-1400-92-2026-00031,3615813,0,1.10,
P-9086-90-2026-00099,3615463,0,1.10,
P-3603-90-2026-00049,3615322,0,1.10,
P-9022-91-2026-00002,3615666,0,1.10,
P-2400-91-2026-00097,3615716,0,1.10,
P-4000-90-2026-00338,3615986,0,1.10,
P-9075-90-2026-00049,3615560,0,1.10,
P-3600-90-2026-00161,3615766,0,1.70,
P-3200-90-2026-00787,3616366,0,1.10,
P-9097-90-2026-00040,3614984,0,1.10,
P-2408-90-2026-00124,3615248,0,1.10,
P-2202-90-2026-00152,3615021,0,1.10,
P-8000-90-2026-00063,3616083,0,1.70,
P-2406-90-2026-00035,3615126,0,1.10,
P-1400-90-2026-00069,3615470,0,1.10,
P-9097-90-2026-00044,3615849,0,1.10,
P-2000-90-2026-00149,3615854,0,1.10,
P-2400-91-2026-00099,3615829,0,1.10,
P-2604-90-2026-00069,3615026,0,1.10,
P-1411-90-2026-00192,3616368,0,1.10,
P-2400-90-2026-00784,3615839,0,1.10,
P-1474-90-2026-00047,3616363,0,1.10,
P-9075-90-2026-00043,3615041,0,1.10,
P-2400-91-2026-00092,3615118,0,1.10,
P-9082-91-2026-00005,3615217,0,1.10,
P-1200-91-2026-00118,3615225,0,1.10,
P-3200-90-2026-00756,3616013,0,1.10,
P-2408-90-2026-00125,3615338,0,1.10,
P-3900-90-2026-00033,3615545,0,1.10,
P-3800-90-2026-00261,3615918,0,1.10,
P-1400-90-2026-00079,3615614,0,1.10,
P-1200-90-2026-00496,3615416,0,1.10,
P-1477-90-2026-00065,3615112,0,1.10,
P-3200-90-2026-00758,3616066,0,1.10,
P-1488-90-2026-00135,3615551,0,1.10,
P-2408-90-2026-00122,3615203,0,1.10,
P-1488-90-2026-00132,3615323,0,1.70,
P-4006-90-2026-00088,3615559,0,1.10,
P-3800-90-2026-00254,3615715,0,1.10,
P-9086-90-2026-00101,3615555,0,1.10,
P-2400-90-2026-00737,3615018,0,1.10,
P-8069-96-2026-00002,3607030,7,1.10,
P-2000-90-2026-00145,3615692,0,1.10,
P-2403-90-2026-00145,3615361,0,1.10,
P-1200-90-2026-00502,3615635,0,1.10,
P-1400-90-2026-00089,3616115,0,1.70,
P-2407-90-2026-00140,3615619,0,1.10,
P-2214-90-2026-00049,3615163,0,1.10,
P-3800-90-2026-00242,3615202,0,1.10,
P-3211-90-2026-00219,3616322,0,1.10,
P-1400-90-2026-00070,3615513,0,1.10,
P-4200-90-2026-00360,3615359,0,1.10,
P-1453-90-2026-00009,3614893,0,1.10,
P-1492-90-2026-00048,3615528,0,1.10,
P-2301-90-2026-00064,3616216,0,1.10,
P-1411-90-2026-00193,3616387,0,1.10,
P-2400-90-2026-00823,3616417,0,1.10,
P-2403-90-2026-00150,3615520,0,1.10,
P-3800-90-2026-00238,3615107,0,1.10,
P-3200-90-2026-00707,3615913,0,1.10,
P-3200-90-2026-00792,3616398,0,1.10,
P-9061-91-2026-00164,3615599,0,1.10,
P-1200-90-2026-00516,3616215,0,1.10,
P-8035-91-2026-00038,3615762,0,1.10,
P-3200-90-2026-00785,3616360,0,1.10,
P-4200-90-2026-00353,3615208,0,1.10,
P-4006-90-2026-00099,3616168,0,1.10,
P-9075-90-2026-00047,3615442,0,1.10,
P-3211-90-2026-00221,3616326,0,1.10,
P-1200-92-2026-00051,3616098,0,1.10,
P-9086-90-2026-00105,3615725,0,1.10,
P-2403-90-2026-00142,3615195,0,1.10,
P-9077-91-2026-00005,3614620,0,1.10,
P-4005-90-2026-00059,3615477,0,1.10,
P-1200-90-2026-00506,3615737,0,1.10,
P-1200-90-2026-00497,3615404,0,1.10,
P-2604-90-2026-00071,3615402,0,1.10,
P-9061-90-2026-00089,3615915,0,1.10,
P-2400-90-2026-00775,3615577,0,1.10,
P-3800-90-2026-00241,3615216,0,1.10,
P-3200-92-2026-00069,3616187,0,1.10,
P-3200-91-2026-00054,3615011,0,1.10,
P-2000-90-2026-00144,3615636,0,1.10,
P-2400-90-2026-00772,3615552,0,1.10,
P-9061-90-2026-00081,3614971,0,1.10,
P-3200-90-2026-00699,3615700,0,1.10,
P-3200-90-2026-00680,3615172,0,1.10,
P-2408-90-2026-00126,3615357,0,1.10,
P-3211-90-2026-00220,3616333,0,1.10,
P-4400-90-2026-00162,3615944,0,1.10,
P-4000-90-2026-00326,3615744,0,1.10,
P-1411-90-2026-00191,3616373,0,1.10,
P-8035-93-2026-00009,3615122,0,1.10,
P-2400-90-2026-00771,3615469,0,1.10,
P-3211-90-2026-00205,3615571,0,1.10,
P-2409-90-2026-00026,3615066,0,1.10,
P-3200-90-2026-00691,3615411,0,1.10,
P-9061-90-2026-00084,3615188,0,1.10,
P-2400-90-2026-00764,3615398,0,1.10,
P-2407-90-2026-00136,3615475,0,1.10,
P-2400-90-2026-00750,3615050,0,1.10,
P-3200-90-2026-00770,3616246,0,1.10,
P-8035-91-2026-00041,3616274,0,1.10,
P-1411-90-2026-00184,3616270,0,1.10,
P-4000-90-2026-00317,3615371,0,1.10,
P-4203-90-2026-00121,3615742,0,1.10,
P-3400-97-2025-00004,3313517,51,44.00,
P-9061-91-2026-00162,3615579,0,1.10,
P-4202-90-2026-00127,3615803,0,1.70,
P-1400-90-2026-00092,3616300,0,1.10,
P-3211-90-2026-00223,3616362,0,1.10,
P-1411-90-2026-00188,3616306,0,1.10,
P-1488-90-2026-00136,3615575,0,1.10,
P-2600-92-2026-00017,3615355,0,1.10,
P-4006-93-2026-00010,3615598,0,1.10,
P-3211-90-2026-00203,3615443,0,1.10,
P-2400-92-2026-00116,3615792,0,1.10,
P-2403-90-2026-00172,3617078,0,1.10,
P-8000-90-2026-00069,3616984,0,1.10,
P-2407-90-2026-00152,3617193,0,1.10,
P-3800-90-2026-00273,3616951,0,1.10,
P-2400-90-2026-00840,3616676,0,1.10,
P-4000-90-2026-00343,3616222,0,1.10,
P-2400-90-2026-00892,3617466,0,1.10,
P-1200-90-2026-00565,3617121,0,1.10,
P-2408-90-2026-00139,3616853,0,1.10,
P-4005-90-2026-00069,3616943,0,1.10,
P-4200-90-2026-00429,3617246,0,1.10,
P-3600-90-2026-00175,3616946,0,1.10,
P-4000-90-2026-00365,3617148,0,1.10,
P-4202-90-2026-00136,3616582,0,1.10,
P-2200-90-2026-00176,3616683,0,1.10,
P-2400-90-2026-00878,3617302,0,1.10,
P-2200-90-2026-00189,3617017,0,1.10,
P-9086-90-2026-00113,3616638,0,1.10,
P-1477-90-2026-00080,3617438,0,1.10,
P-2000-90-2026-00159,3616450,0,1.10,
P-4200-90-2026-00416,3616977,0,1.10,
P-4000-90-2026-00359,3617036,0,1.10,
P-3200-90-2026-00824,3617268,0,1.10,
P-4400-91-2026-00090,3617402,0,1.70,
P-2202-91-2026-00046,3617542,0,1.70,
P-9076-90-2026-00036,3616421,0,1.10,
P-1492-90-2026-00058,3617137,0,1.10,
P-2400-90-2026-00887,3617350,0,1.10,
P-1200-91-2026-00141,3617376,0,1.10,
P-9071-90-2026-00020,3617056,0,1.10,
P-9071-90-2026-00022,3617572,0,1.10,
P-3200-90-2026-00832,3617491,0,1.10,
P-4200-90-2026-00414,3616950,0,1.10,
P-3200-90-2026-00827,3617357,0,1.10,
P-3211-90-2026-00249,3617546,0,1.10,
P-4200-90-2026-00420,3617067,0,1.10,
P-9076-90-2026-00044,3617071,0,1.10,
P-9061-90-2026-00104,3617168,0,1.10,
P-2400-90-2026-00849,3616743,0,1.10,
P-3211-90-2026-00236,3616882,0,1.10,
P-1411-90-2026-00202,3616889,0,1.10,
P-3205-90-2026-00077,3616733,0,1.10,
P-2214-90-2026-00053,3616569,0,1.10,
P-1452-90-2026-00057,3617522,0,1.10,
P-2400-90-2026-00847,3616732,0,1.10,
P-4400-91-2026-00084,3616527,0,1.70,
P-1200-90-2026-00579,3617282,0,1.10,
P-1200-90-2026-00586,3617358,0,1.10,
P-3205-90-2026-00075,3616601,0,1.10,
P-2400-90-2026-00871,3617252,0,1.10,
P-1200-90-2026-00539,3616737,0,1.10,
P-3200-90-2026-00834,3617497,0,1.10,
P-2200-90-2026-00188,3616911,0,1.10,
P-4203-90-2026-00135,3616799,0,1.10,
P-3200-90-2026-00795,3616537,0,1.10,
P-3400-90-2026-00157,3617271,0,1.70,
P-1200-90-2026-00551,3616962,0,1.10,
P-2403-90-2026-00170,3616924,0,1.10,
P-2403-90-2026-00178,3617503,0,1.10,
P-1488-92-2026-00062,3617297,0,1.10,
P-2403-90-2026-00163,3616663,0,1.10,
P-1488-90-2026-00149,3617304,0,1.10,
P-1200-90-2026-00587,3617343,0,1.10,
P-4006-90-2026-00108,3617001,0,1.10,
P-3211-92-2026-00084,3616982,0,1.10,
P-2214-92-2026-00053,3617462,0,1.10,
P-9078-90-2026-00004,3617251,0,1.10,
P-3800-90-2026-00265,3616429,0,1.10,
P-1200-90-2026-00534,3616714,0,1.10,
P-8043-98-2026-00005,3606124,0,6.60,
P-9075-90-2026-00056,3617307,0,1.10,
P-9068-90-2026-00035,3616674,0,1.10,
P-3800-90-2026-00285,3617468,0,1.10,
P-1200-90-2025-01384,3276282,2,1.10,
P-4000-90-2026-00353,3616812,0,1.10,
P-2400-90-2026-00835,3616530,0,1.10,
P-2400-91-2026-00111,3616863,0,1.10,
P-2400-90-2026-00859,3616877,0,1.10,
P-3200-90-2026-00796,3616560,0,1.10,
P-2202-90-2026-00169,3616834,0,1.10,
P-2400-90-2026-00833,3616510,0,1.10,
P-9078-90-2026-00003,3616574,0,1.10,
P-2400-90-2026-00896,3617548,0,1.10,
P-9086-90-2026-00118,3617664,0,1.10,
P-9068-90-2026-00039,3617633,0,1.10,
P-2400-90-2026-00903,3617627,0,1.70,
P-2409-90-2026-00029,3617607,0,1.10,
P-2400-90-2026-00897,3617587,0,1.10,
P-2604-90-2026-00089,3617659,0,1.10,
P-9086-90-2026-00116,3617593,0,1.10,
P-2400-90-2026-00904,3617628,0,1.10,
P-9077-90-2026-00044,3617662,0,1.10,
P-9077-90-2026-00046,3617648,0,1.10,
P-3800-90-2026-00287,3617766,0,1.10,
P-1411-90-2026-00224,3618002,0,1.10,
P-1488-90-2026-00154,3617784,0,1.10,
P-1400-90-2026-00104,3617907,0,1.70,
P-4006-90-2026-00120,3617886,0,1.10,
P-2202-90-2026-00200,3617896,0,1.10,
P-2403-90-2026-00194,3617884,0,1.10,
P-9082-90-2026-00022,3617768,0,1.10,
P-1411-90-2026-00217,3617769,0,1.10,
P-2406-90-2026-00044,3617719,0,1.10,
P-1400-92-2026-00039,3618011,0,1.10,
P-4005-90-2026-00075,3618035,0,1.10,
P-1411-91-2026-00028,3618038,0,1.10,
P-2301-90-2026-00078,3618014,0,1.10,
P-9022-91-2026-00003,3617735,0,1.10,
P-2202-90-2026-00192,3617780,0,1.10,
P-3211-90-2026-00253,3617749,0,1.10,
P-2400-90-2026-01050,3619601,0,1.10,
P-2403-90-2026-00199,3618325,0,1.10,
P-3200-90-2026-00919,3619629,0,1.10,
P-2604-90-2026-00098,3618210,0,1.10,
P-2000-90-2026-00194,3619367,0,1.10,
P-3200-90-2026-00911,3619555,0,1.10,
P-2400-90-2026-00941,3618119,0,1.70,
P-2400-90-2026-01011,3619120,0,1.10,
P-1474-92-2026-00009,3619311,0,1.10,
P-4400-90-2026-00217,3619027,0,1.10,
P-2000-90-2026-00196,3619458,0,1.10,
P-2200-90-2026-00233,3619415,0,1.10,
P-2409-90-2026-00035,3618813,0,1.10,
P-3800-90-2026-00302,3618509,0,1.10,
P-3200-90-2026-00873,3618916,0,1.10,
P-2409-90-2026-00034,3618770,0,1.10,
P-2400-91-2026-00122,3618417,0,1.10,
P-9061-91-2026-00212,3618740,0,1.10,
P-2403-90-2026-00204,3618483,0,1.10,
P-2408-91-2026-00013,3619473,0,1.10,
P-2200-90-2026-00206,3618467,0,1.10,
P-1200-90-2026-00664,3619407,0,1.10,
P-4200-90-2026-00443,3618178,0,1.10,
P-1200-90-2026-00616,3618551,0,1.10,
P-1492-90-2026-00068,3619485,0,1.10,
P-2400-90-2026-01056,3619662,0,1.10,
P-1200-90-2026-00663,3619387,0,1.10,
P-4200-90-2026-00486,3619205,0,1.10,
P-9061-91-2026-00211,3618689,0,1.10,
P-1477-90-2026-00083,3618334,0,1.10,
P-2400-90-2026-01004,3619008,0,1.10,
P-4200-90-2026-00487,3619268,0,1.10,
P-1488-91-2026-00190,3619254,0,1.70,
P-3900-90-2026-00045,3618791,0,1.10,
P-4200-90-2026-00438,3618135,0,1.10,
P-3200-90-2026-00842,3618228,0,1.10,
P-4000-90-2026-00402,3618563,0,1.10,
P-4200-90-2026-00460,3618621,0,1.10,
P-1200-91-2026-00148,3618668,0,1.10,
P-2400-90-2026-00956,3618295,0,1.10,
P-1200-90-2026-00636,3618990,0,1.10,
P-3200-90-2026-00913,3619617,0,1.10,
P-2200-90-2026-00220,3618959,0,1.10,
P-2000-90-2026-00180,3618517,0,1.10,
P-1411-90-2026-00231,3618738,0,1.10,
P-4200-90-2026-00440,3618131,0,1.10,
P-3200-90-2026-00858,3618525,0,1.10,
P-1200-90-2026-00602,3618227,0,1.10,
P-2600-90-2026-00138,3618405,0,1.10,
P-4000-90-2026-00403,3618592,0,1.10,
P-2400-90-2026-00966,3618477,0,1.10,
P-3211-90-2026-00281,3619181,0,1.10,
P-4006-90-2026-00132,3618996,0,1.10,
P-4000-90-2026-00392,3618366,0,1.10,
P-2600-90-2026-00144,3619023,0,1.70,
P-3200-90-2026-00917,3619622,0,1.10,
P-9061-98-2025-00024,3505051,9,1.10,
P-2000-90-2026-00185,3618736,0,1.10,
P-3600-90-2026-00193,3618400,0,1.70,
P-2400-90-2026-00990,3618808,0,1.10,
P-1200-90-2026-00660,3619363,0,1.10,
P-4400-91-2026-00095,3619434,0,1.70,
P-9061-91-2026-00221,3619451,0,1.10,
P-4000-90-2026-00418,3618883,0,1.10,
P-2400-90-2026-01052,3619656,0,1.10,
P-4000-90-2026-00400,3618535,0,1.10,
P-4400-90-2026-00215,3618862,0,1.10,
P-2000-90-2026-00182,3618598,0,1.10,
P-2604-90-2026-00099,3618471,0,1.10,
P-2400-90-2026-00935,3618064,0,1.10,
P-1200-90-2026-00652,3619252,0,1.10,
P-3400-97-2025-00004,3313517,53,80.30,
P-3200-90-2026-00882,3619272,0,1.10,
P-2400-90-2026-00953,3618286,0,1.10,
P-9075-91-2026-00034,3618475,0,1.10,
P-2408-90-2026-00165,3618687,0,1.10,
P-3200-90-2026-00872,3618824,0,1.10,
P-3600-90-2026-00194,3618390,0,1.70,
P-4200-90-2026-00468,3618771,0,1.10,
P-2400-90-2026-01000,3618976,0,1.10,
P-2400-90-2026-00989,3618781,0,1.10,
P-2400-90-2026-01044,3619536,0,1.10,
P-9086-90-2026-00133,3619631,0,1.10,
P-9102-90-2026-00011,3618653,0,1.10,
P-1488-90-2026-00168,3619409,0,1.70,
P-2600-90-2026-00143,3618971,0,1.10,
P-3200-90-2026-00879,3619218,0,1.10,
P-1477-90-2026-00088,3618818,0,1.10,
P-4000-90-2026-00389,3618264,0,1.10,
P-9061-90-2026-00119,3618778,0,1.10,
P-3205-91-2026-00031,3618051,0,1.10,
P-1477-90-2026-00097,3619529,0,1.10,
P-3200-90-2026-00907,3619527,0,1.10,
P-1400-90-2026-00109,3619141,0,1.10,
P-9086-90-2026-00130,3619610,0,1.10,
P-2403-90-2026-00196,3618165,0,1.10,
P-2400-90-2026-00938,3618082,0,1.10,
P-9068-90-2026-00045,3618134,0,1.10,
P-9061-91-2026-00206,3618583,0,1.10,
P-1200-90-2026-00640,3619098,0,1.10,
P-1488-90-2026-00157,3618025,0,1.10,
P-9097-90-2026-00053,3618055,0,1.10,
P-2400-90-2026-01007,3619015,0,1.10,
P-2202-90-2026-00212,3618147,0,1.10,
P-8000-91-2026-00077,3619224,0,1.70,
P-3400-90-2026-00166,3618756,0,1.70,
P-4203-90-2026-00167,3618777,0,1.10,
P-2400-90-2026-00936,3618075,0,1.10,
P-4000-90-2026-00420,3619003,0,1.10,
P-9068-92-2026-00016,3618185,0,1.10,
P-2200-90-2026-00214,3618715,0,1.10,
P-3400-90-2026-00167,3618815,0,1.70,
P-1200-91-2026-00155,3619009,0,1.10,
P-3205-90-2026-00090,3619235,0,1.10,
P-1400-90-2026-00112,3619389,0,1.10,
P-2400-90-2026-01020,3619185,0,1.10,
P-3211-92-2026-00102,3619615,0,1.10,
P-2200-90-2026-00226,3619188,0,1.10,
P-9075-90-2026-00064,3618245,0,1.10,
P-1477-90-2026-00090,3618898,0,1.10,
P-3200-90-2026-00854,3618439,0,1.10,
P-2408-90-2026-00161,3618168,0,1.10,
P-1411-92-2026-00094,3618920,0,1.10,
P-1411-90-2026-00232,3618754,0,1.10,
P-2400-90-2026-01060,3619674,0,1.10,
P-3800-90-2026-00337,3620505,0,1.10,
P-9097-90-2026-00056,3620240,0,1.10,
P-2400-90-2026-01067,3619728,0,1.10,
P-2604-92-2026-00033,3620483,0,1.10,
P-2400-90-2026-01077,3619928,0,1.10,
P-3400-90-2026-00182,3620440,0,1.70,
P-9075-90-2026-00077,3620324,0,1.10,
P-8000-91-2026-00084,3620775,0,1.10,
P-1200-90-2026-00705,3620453,0,1.10,
P-2409-90-2026-00037,3620276,0,1.10,
P-8000-90-2026-00096,3620713,0,1.70,
P-1474-90-2026-00067,3620952,0,1.10,
P-1200-90-2026-00719,3620794,0,1.10,
P-2400-90-2026-01095,3620201,0,1.70,
P-2403-90-2026-00216,3619858,0,1.10,
P-2600-90-2026-00156,3620091,0,1.10,
P-2405-90-2026-00060,3620081,0,1.10,
P-2400-90-2026-01099,3620298,0,1.10,
P-2408-90-2026-00185,3620873,0,1.10,
P-9061-97-2026-00002,3616069,0,1.10,
P-1200-90-2026-00721,3620799,0,1.10,
P-4203-90-2026-00187,3620823,0,1.10,
P-3400-90-2026-00188,3620845,0,1.70,
P-4200-90-2026-00501,3619721,0,1.10,
P-3200-90-2026-00995,3620958,0,1.10,
P-2400-90-2026-01074,3619868,0,1.10,
P-3211-90-2026-00296,3619757,0,1.10,
P-2400-90-2026-01072,3619814,0,1.10,
P-2400-90-2026-01116,3620555,0,1.10,
P-2000-90-2026-00198,3619737,0,1.10,
P-3600-90-2026-00225,3619997,0,1.70,
P-9075-90-2026-00079,3620561,0,1.10,
P-2405-90-2026-00061,3620538,0,1.10,
P-2400-90-2026-01109,3620434,0,1.10,
P-9070-92-2026-00007,3620044,0,1.10,
P-1411-90-2026-00258,3620609,0,1.10,
P-2202-90-2026-00248,3620748,0,1.10,
P-3600-90-2026-00229,3620331,0,1.70,
P-4200-90-2026-00527,3620880,0,1.10,
P-3800-90-2026-00339,3620596,0,1.10,
P-4000-90-2026-00438,3619976,0,1.10,
P-3200-90-2026-00989,3620852,0,1.10,
P-2400-90-2026-01096,3620225,0,1.10,
P-2200-90-2026-00241,3620119,0,1.10,
P-3603-90-2026-00070,3620094,0,1.10,
P-2403-90-2026-00218,3620168,0,1.10,
P-1200-90-2026-00725,3620846,0,1.10,
P-1474-90-2026-00062,3619833,0,1.10,
P-1488-91-2026-00193,3619872,0,1.70,
P-4200-92-2026-00086,3620621,0,1.10,
P-3600-90-2026-00228,3620266,0,1.70,
P-9075-90-2026-00081,3620923,0,1.10,
P-3205-90-2026-00096,3619973,0,1.10,
P-3800-90-2026-00323,3619873,0,1.10,
P-3200-90-2026-00987,3620843,0,1.10,
P-1400-90-2026-00115,3620169,0,1.70,
P-4006-91-2026-00236,3620598,0,1.10,
P-3211-90-2026-00305,3620718,0,1.10,
P-1200-90-2026-00676,3619798,0,1.10,
P-2000-90-2026-00207,3620671,0,1.10,
P-9061-91-2026-00225,3619684,0,1.10,
P-2403-90-2026-00229,3620887,0,1.10,
P-4200-90-2026-00513,3620263,0,1.10,
P-3211-90-2026-00299,3620186,0,1.10,
P-2200-90-2026-00248,3620295,0,1.10,
P-1492-90-2026-00074,3620928,0,1.10,
P-3205-90-2026-00097,3620106,0,1.10,
P-1452-90-2026-00069,3619863,0,1.10,
P-4200-90-2026-00517,3620466,0,1.10,
P-2407-90-2026-00206,3620022,0,1.10,
P-2400-90-2026-01086,3620066,0,1.10,
P-4000-90-2026-00446,3620364,0,1.10,
P-4203-90-2026-00181,3620326,0,1.10,
P-1492-91-2026-00041,3620055,0,1.10,
P-2200-90-2026-00246,3620239,0,1.10,
P-2400-90-2026-01108,3620428,0,1.10,
P-9102-90-2026-00014,3620338,0,1.10,
P-2403-90-2026-00232,3620942,0,1.10,
P-1200-90-2026-00723,3620815,0,1.10,
P-3603-90-2026-00075,3620488,0,1.70,
P-2403-90-2026-00223,3620462,0,1.10,
P-2000-91-2026-00006,3619166,0,1.10,
P-3800-90-2026-00327,3620070,0,1.10,
P-4200-90-2026-00524,3620742,0,1.10,
P-3200-90-2026-00946,3620047,0,1.10,
P-3200-90-2026-00931,3619778,0,1.10,
P-9061-90-2026-00133,3620248,0,1.10,
P-9061-91-2026-00226,3619701,0,1.10,
P-1200-90-2026-00737,3621114,0,1.10,
P-1200-90-2026-00780,3621959,0,1.10,
P-1452-92-2026-00023,3621604,0,1.10,
P-2403-90-2026-00235,3621135,0,1.10,
P-1200-90-2026-00757,3621704,0,1.10,
P-3211-90-2026-00323,3621632,0,1.10,
P-4200-90-2026-00551,3621605,0,1.10,
P-1200-90-2026-00788,3622059,0,1.10,
P-1200-90-2026-00802,3622216,0,1.10,
P-3200-90-2026-01008,3621070,0,1.10,
P-1200-91-2026-00174,3621257,0,1.10,
P-1477-90-2026-00120,3621437,0,1.10,
P-4200-90-2026-00568,3621979,0,1.10,
P-4400-90-2026-00269,3622057,0,1.10,
P-3600-90-2026-00253,3622256,0,1.70,
P-4006-91-2026-00260,3622180,0,1.10,
P-9061-91-2026-00249,3621190,0,1.10,
P-1400-90-2026-00129,3621903,0,1.10,
P-2403-90-2026-00258,3622334,0,1.70,
P-9076-90-2026-00054,3621491,0,1.10,
P-3800-90-2026-00352,3621617,0,1.10,
P-2000-90-2026-00214,3621066,0,1.10,
P-4006-91-2026-00249,3621165,0,1.10,
P-9086-90-2026-00146,3621241,0,1.10,
P-3200-91-2026-00091,3621499,0,1.10,
P-3200-90-2026-01033,3622031,0,1.10,
P-2202-90-2026-00262,3621976,0,1.70,
P-1200-90-2026-00789,3622062,0,1.10,
P-2403-90-2026-00240,3621278,0,1.10,
P-1200-90-2026-00761,3621797,0,1.10,
P-3800-90-2026-00366,3622255,0,1.10,
P-1200-91-2026-00173,3621222,0,1.10,
P-3400-90-2026-00199,3622156,0,1.10,
P-1200-90-2026-00759,3621746,0,1.10,
P-3200-90-2026-01050,3622231,0,1.10,
P-2400-90-2026-01187,3621752,0,1.10,
P-1492-92-2026-00080,3622213,0,1.10,
P-1411-90-2026-00285,3622405,0,1.10,
P-9075-90-2026-00087,3622086,0,1.10,
P-4006-92-2026-00086,3622300,0,1.10,
P-9097-90-2026-00067,3621907,0,1.10,
P-1200-91-2026-00179,3621838,0,1.10,
P-2200-90-2026-00277,3621810,0,1.10,
P-1200-90-2026-00769,3621885,0,1.10,
P-3211-90-2026-00342,3622323,0,1.10,
P-4000-90-2026-00488,3622135,0,1.10,
P-2400-92-2026-00169,3622127,0,1.10,
P-2408-90-2026-00190,3621130,0,1.10,
P-3211-90-2026-00343,3622356,0,1.10,
P-4000-90-2026-00492,3622264,0,1.10,
P-2400-90-2026-01226,3622357,0,1.10,
P-4200-90-2026-00569,3622042,0,1.10,
P-1400-90-2026-00125,3621580,0,1.10,
P-3200-90-2026-01014,3621247,0,1.10,
P-2200-90-2026-00266,3621395,0,1.10,
P-1200-90-2026-00745,3621303,0,1.10,
P-3205-90-2026-00104,3621351,0,1.70,
P-2202-90-2026-00254,3621359,0,1.10,
P-2301-90-2026-00103,3621503,0,1.10,
P-3603-90-2026-00083,3621363,0,1.10,
P-4200-90-2026-00566,3621940,0,1.10,
P-2400-90-2026-01147,3621076,0,1.10,
P-1492-90-2026-00075,3621619,0,1.10,
P-3800-90-2026-00353,3621634,0,1.10,
P-2400-90-2026-01207,3622054,0,1.10,
P-1488-92-2026-00090,3622417,0,1.70,
P-4203-90-2026-00197,3622423,0,1.10,
P-3800-90-2026-00361,3622136,0,1.10,
P-2403-90-2026-00264,3622377,0,1.10,
P-2202-90-2026-00253,3621221,0,1.70,
P-2400-90-2026-01222,3622223,0,1.10,
P-2408-90-2026-00198,3622396,0,1.10,
P-2400-90-2026-01199,3621866,0,1.10,
P-9097-90-2026-00072,3622386,0,1.10,
P-1411-90-2025-00801,3290867,2,1.10,
P-9070-90-2026-00052,3621583,0,1.70,
P-2200-90-2026-00278,3621881,0,1.10,
P-2403-90-2026-00255,3622295,0,1.10,
P-2400-90-2026-01192,3621850,0,1.10,
P-9071-90-2026-00029,3621899,0,1.10,
P-3200-90-2026-01006,3621042,0,1.10,
P-4006-90-2026-00163,3621558,0,1.10,
P-1200-90-2026-00804,3622237,0,1.10,
P-4006-90-2026-00181,3622455,0,1.10,
P-2400-90-2026-01154,3621146,0,1.10,
P-8035-91-2026-00057,3622013,0,1.10,
P-9061-91-2026-00257,3621873,0,1.10,
P-4000-90-2026-00478,3621784,0,1.10,
P-1200-90-2026-00735,3621107,0,1.10,
P-2405-90-2026-00063,3621305,0,1.10,
P-1400-90-2026-00134,3622462,0,1.70,
P-4006-90-2026-00198,3623445,0,1.10,
P-2600-90-2026-00176,3622658,0,1.10,
P-3200-90-2026-01117,3623529,0,1.10,
P-9076-90-2026-00061,3623845,0,1.10,
P-3600-90-2026-00259,3622687,0,1.70,
P-3211-90-2026-00369,3623689,0,1.10,
P-4400-90-2026-00284,3622835,0,1.10,
P-9061-91-2026-00275,3622965,0,1.10,
P-4000-90-2026-00515,3623028,0,1.10,
P-1200-90-2026-00834,3623052,0,1.10,
P-2400-90-2026-01328,3623653,0,1.10,
P-2214-90-2026-00077,3622949,0,1.10,
P-9075-90-2026-00092,3623842,0,1.10,
P-4006-93-2026-00030,3622027,0,1.70,
P-1411-90-2026-00309,3623758,0,1.10,
P-2400-90-2026-01293,3623392,0,1.10,
P-3900-90-2026-00053,3623389,0,1.70,
P-2400-90-2026-01298,3623441,0,1.10,
P-2407-90-2026-00262,3623737,0,1.10,
P-4000-90-2026-00534,3623533,0,1.10,
P-1200-90-2026-00863,3623517,0,1.10,
P-3211-90-2026-00363,3623384,0,1.10,
P-1200-90-2026-00852,3623342,0,1.10,
P-4006-90-2026-00191,3623003,0,1.10,
P-3600-90-2026-00268,3622987,0,1.70,
P-2406-90-2026-00066,3623063,0,1.10,
P-2600-90-2026-00175,3622492,0,1.10,
P-1477-90-2026-00133,3623722,0,1.10,
P-9078-90-2026-00009,3623510,0,1.10,
P-2200-90-2026-00296,3622884,0,1.10,
P-1411-90-2026-00308,3623752,0,1.10,
P-2202-90-2026-00281,3623321,0,1.10,
P-1200-90-2026-00874,3623680,0,1.10,
P-4202-90-2026-00218,3623386,0,1.10,
P-3600-90-2026-00277,3623658,0,1.70,
P-2400-90-2026-01292,3623351,0,1.10,
P-4005-90-2026-00107,3623590,0,1.10,
P-3200-90-2026-01097,3623160,0,1.10,
P-2400-90-2026-01352,3623827,0,1.10,
P-3200-90-2026-01131,3623781,0,1.10,
P-2604-90-2026-00128,3622477,0,1.10,
P-9076-91-2026-00013,3623848,0,1.10,
P-3200-90-2026-01054,3622297,0,1.10,
P-4400-90-2026-00298,3623485,0,1.10,
P-4400-90-2026-00296,3623280,0,1.10,
P-2000-90-2026-00242,3623639,0,1.10,
P-2408-90-2026-00212,3623727,0,1.10,
P-4000-90-2026-00505,3622829,0,1.10,
P-2604-90-2026-00132,3622773,0,1.10,
P-2405-90-2026-00067,3622936,0,1.10,
P-3200-90-2026-01070,3622530,0,1.10,
P-4200-90-2026-00596,3622868,0,1.70,
P-1400-92-2026-00066,3622465,0,1.10,
P-4203-92-2026-00040,3622798,0,1.10,
P-2200-90-2026-00298,3622952,0,1.10,
P-3600-90-2026-00273,3623206,0,1.70,
P-2301-90-2026-00117,3622837,0,1.10,
P-4000-90-2026-00519,3623147,0,1.10,
P-2400-90-2026-01263,3622957,0,1.10,
P-3211-90-2026-00351,3622677,0,1.10,
P-4000-90-2026-00509,3622879,0,1.10,
P-3200-90-2026-01096,3623130,0,1.10,
P-4006-90-2026-00184,3622665,0,1.10,
P-2400-90-2026-01258,3622849,0,1.10,
P-3200-90-2026-01071,3622560,0,1.10,
P-1488-91-2026-00216,3622399,0,1.70,
P-1411-90-2026-00294,3623066,0,1.10,
P-2000-90-2026-00234,3623106,0,1.10,
P-2600-90-2026-00180,3623057,0,1.10,
P-4000-90-2026-00525,3623283,0,1.10,
P-4000-90-2026-00499,3622588,0,1.10,
P-4400-90-2026-00282,3622809,0,1.10,
P-4200-91-2026-00043,3623152,0,1.10,
P-2400-90-2026-01260,3622895,0,1.10,
P-3211-90-2026-00348,3622604,0,1.10,
P-3800-90-2026-00371,3622571,0,1.10,
P-2400-90-2026-01242,3622635,0,1.10,
P-4006-90-2026-00195,3623287,0,1.10,
P-2408-90-2026-00200,3622662,0,1.10,
P-4000-90-2026-00521,3623193,0,1.10,
P-4006-91-2026-00271,3622821,0,1.70,
P-2214-90-2026-00078,3623088,0,1.10,
P-3800-90-2026-00384,3623083,0,1.10,
P-1200-90-2026-00829,3622964,0,1.10,
P-2408-90-2026-00210,3623718,0,1.10,
P-2202-90-2026-00289,3623750,0,1.10,
P-4006-90-2026-00185,3622721,0,1.10,
P-2202-91-2026-00091,3623728,0,1.70,
P-4000-90-2026-00522,3623185,0,1.10,
P-2400-90-2026-01313,3623594,0,1.10,
P-3400-90-2026-00212,3623221,0,1.70,
P-4000-90-2026-00507,3622851,0,1.10,
P-1200-90-2026-00869,3623575,0,1.10,
P-4203-90-2026-00215,3622488,0,1.10,
P-3400-90-2026-00214,3623501,0,1.70,
P-1452-90-2026-00078,3622505,0,1.10,
P-2400-90-2026-01281,3623256,0,1.10,
P-4200-90-2026-00615,3623563,0,1.10,
P-2400-90-2026-01300,3623456,0,1.10,
P-4200-90-2026-00613,3623380,0,1.10,
P-2403-90-2026-00277,3623044,0,1.10,
P-2200-90-2026-00293,3622800,0,1.10,
P-1488-91-2026-00221,3623412,0,1.10,
P-3200-90-2026-01137,3623843,0,1.10,
P-3205-91-2026-00039,3622945,0,1.10,
P-3205-91-2026-00040,3623364,0,1.10,
P-3200-90-2026-01123,3623640,0,1.10,
P-8000-90-2026-00106,3623760,0,1.10,
P-3800-90-2026-00393,3623408,0,1.10,
P-4203-90-2026-00221,3622838,0,1.10,
P-4203-90-2026-00228,3623511,0,1.10,
P-4400-90-2026-00290,3622908,0,1.10,
P-3600-90-2026-00262,3622802,0,1.70,
P-9061-91-2026-00276,3623020,0,1.10,
P-1200-90-2026-00808,3622498,0,1.10,
P-4200-90-2026-00627,3623705,0,1.10,
P-1411-90-2026-00301,3623327,0,1.10,
P-3600-90-2026-00267,3622976,0,1.70,
P-2600-90-2026-00179,3622959,0,1.10,
P-1488-90-2026-00229,3623814,0,1.10,
P-8004-91-2026-00019,3621482,0,1.70,
P-2301-90-2026-00122,3623303,0,1.10,
P-1200-90-2026-00814,3622634,0,1.10,
P-4400-91-2026-00116,3623116,0,1.70,
P-9076-90-2026-00059,3623444,0,1.10,
P-2403-90-2026-00275,3622817,0,1.10,
P-4000-90-2026-00510,3622887,0,1.10,
P-2403-92-2026-00089,3623197,0,1.10,
P-4200-90-2026-00636,3623962,0,1.10,
P-3901-90-2026-00055,3624054,0,1.10,
P-9102-91-2026-00013,3623337,0,1.10,
P-9082-90-2026-00037,3624030,0,1.10,
P-2407-92-2026-00161,3624115,0,1.10,
P-9077-92-2026-00012,3624018,0,1.10,
P-1411-90-2026-00318,3623916,0,1.10,
P-2408-90-2026-00215,3623933,0,1.10,
P-2214-90-2026-00081,3623983,0,1.10,
P-9075-90-2026-00095,3624001,0,1.10,
P-3901-90-2026-00056,3624073,0,1.10,
P-2408-90-2026-00225,3624075,0,1.10,
P-2400-90-2026-01375,3624141,0,1.10,
P-2604-90-2026-00141,3623930,0,1.10,
P-4200-90-2026-00637,3623964,0,1.10,
P-1200-90-2026-00877,3624057,0,1.10,
P-4006-90-2026-00207,3623974,0,1.10,
P-9093-90-2026-00025,3623928,0,1.10,
P-3211-90-2026-00381,3624016,0,1.10,
P-9077-90-2026-00063,3624019,0,1.10,
P-2215-90-2026-00078,3624161,0,1.10,
P-1411-92-2026-00121,3624060,0,1.10,
P-4006-92-2026-00093,3624199,0,1.10,
P-9075-90-2026-00099,3624236,0,1.10,
P-1200-90-2026-00883,3624273,0,1.10,
P-2400-90-2026-01382,3624206,0,1.10,
P-2400-90-2026-01376,3624149,0,1.10,
P-9077-90-2026-00067,3624163,0,1.10,
P-2202-90-2026-00314,3624144,0,1.10,
P-1400-90-2026-00140,3624145,0,1.70,
P-9076-90-2026-00064,3624253,0,1.10,
P-4200-90-2026-00655,3624414,0,1.10,
P-2301-90-2026-00128,3624499,0,1.10,
P-2400-90-2026-01393,3624404,0,1.10,
P-1400-90-2026-00144,3624413,0,1.10,
P-3211-91-2026-00240,3624425,0,1.10,
P-4006-90-2026-00213,3624332,0,1.10,
P-2214-90-2026-00084,3624444,0,1.10,
P-4200-90-2026-00659,3624493,0,1.10,
P-2400-90-2026-01389,3624311,0,1.10,
P-2400-90-2026-01390,3624352,0,1.10,
P-3211-90-2026-00394,3624378,0,1.10,
P-1200-90-2026-00884,3624356,0,1.10,
P-4006-90-2026-00215,3624363,0,1.10,
P-3800-90-2026-00402,3624300,0,1.10,
P-4200-90-2026-00653,3624318,0,1.10,
P-1411-90-2026-00337,3624364,0,1.10,
P-1488-91-2026-00229,3624421,0,1.70,
P-9077-90-2026-00069,3624376,0,1.10,
P-2403-90-2026-00307,3624762,0,1.10,
P-2403-90-2026-00304,3624756,0,1.10,
P-2202-92-2026-00246,3624870,0,1.70,
P-4203-90-2026-00240,3624638,0,1.10,
P-1452-90-2026-00088,3624689,0,1.10,
P-1411-90-2026-00358,3624793,0,1.10,
P-1411-92-2026-00130,3624544,0,1.10,
P-3211-90-2026-00404,3624594,0,1.10,
P-2403-92-2026-00096,3624657,0,1.10,
P-2403-92-2026-00095,3624610,0,1.10,
P-1411-92-2026-00136,3624822,0,1.10,
P-2202-90-2026-00351,3624896,0,1.70,
P-9075-90-2026-00111,3624892,0,1.10,
P-9075-90-2026-00112,3624920,0,1.10,
P-2406-90-2026-00071,3624572,0,1.10,
P-4202-90-2026-00228,3624866,0,1.10,
P-4200-90-2026-00662,3624550,0,1.10,
P-1474-90-2026-00082,3624524,0,1.10,
P-2403-90-2026-00316,3624875,0,1.10,
P-2408-90-2026-00234,3624876,0,1.10,
P-9061-91-2026-00299,3624881,0,1.10,
P-1411-90-2026-00349,3624574,0,1.10,
P-4006-91-2026-00294,3624272,0,1.10,
P-4200-90-2026-00665,3624603,0,1.10,
P-9061-91-2026-00297,3624874,0,1.10,
P-2600-92-2026-00038,3624609,0,1.10,
P-9077-91-2026-00035,3624498,0,1.10,
P-1477-90-2026-00137,3624590,0,1.10,
P-2400-90-2026-01442,3624741,0,1.10,
P-2400-90-2026-01412,3624535,0,1.10,
P-1411-90-2026-00361,3624898,0,1.10,
P-2409-90-2026-00050,3624764,0,1.10,
P-4200-90-2026-00675,3624829,0,1.10,
P-4200-90-2026-00663,3624581,0,1.10,
P-2400-90-2026-01425,3624604,0,1.10,
P-4203-90-2026-00237,3624582,0,1.10,
P-4200-90-2026-00681,3624987,0,1.10,
P-3800-90-2026-00421,3625283,0,1.10,
P-2200-90-2026-00315,3624990,0,1.10,
P-3211-90-2026-00412,3625254,0,1.10,
P-2403-90-2026-00322,3625253,0,1.10,
P-2600-90-2026-00190,3625114,0,1.10,
P-4400-90-2026-00307,3625150,0,1.10,
P-1477-90-2026-00139,3625072,0,1.10,
P-2406-90-2026-00075,3625082,0,1.10,
P-2400-90-2026-01470,3625217,0,1.10,
P-9068-90-2026-00064,3624932,0,1.10,
P-1200-90-2026-00887,3624993,0,1.10,
P-3800-90-2026-00419,3625167,0,1.10,
P-4000-90-2026-00544,3625280,0,1.10,
P-2400-90-2026-01455,3625001,0,1.10,
P-9076-90-2026-00068,3624942,0,1.10,
P-3800-90-2026-00420,3625215,0,1.10,
P-4000-90-2026-00548,3625399,0,1.10,
P-2400-90-2026-01462,3625080,0,1.10,
P-4006-90-2026-00236,3625554,0,1.10,
P-2408-90-2026-00240,3625335,0,1.10,
P-4006-91-2026-00311,3625499,0,1.10,
P-4202-90-2026-00240,3625319,0,1.10,
P-3200-90-2026-01154,3625524,0,1.10,
P-9076-90-2026-00074,3625085,0,1.10,
P-3800-90-2026-00422,3625320,0,1.10,
P-2400-90-2026-01457,3625005,0,1.10,
P-3200-90-2026-01253,3627210,0,1.10,
P-9061-90-2026-00165,3625539,0,1.10,
P-4005-90-2026-00117,3625784,0,1.10,
P-2400-90-2026-01537,3626331,0,1.10,
P-4000-90-2026-00586,3626467,0,1.10,
P-1200-90-2026-00969,3626773,0,1.10,
P-1200-90-2026-00910,3625540,0,1.10,
P-1200-90-2026-00941,3626046,0,1.10,
P-4400-90-2026-00302,3625023,0,1.10,
P-8035-90-2026-00056,3627241,0,1.10,
P-9061-91-2026-00314,3625598,0,1.10,
P-3900-90-2026-00058,3625530,0,1.70,
P-3211-90-2026-00414,3625491,0,1.10,
P-2400-90-2026-01504,3625723,0,1.10,
P-2400-90-2026-01524,3626170,0,1.10,
P-9061-91-2026-00318,3626128,0,1.10,
P-2604-90-2026-00157,3626276,0,1.10,
P-4400-90-2026-00322,3626319,0,1.10,
P-1200-92-2026-00110,3626671,0,1.10,
P-9086-91-2026-00056,3627038,0,1.10,
P-1488-91-2026-00248,3626901,0,1.10,
P-1200-90-2026-00909,3625520,0,1.10,
P-2403-90-2026-00333,3626282,0,1.10,
P-2604-90-2026-00155,3625893,0,1.10,
P-8000-90-2026-00114,3626630,0,1.70,
P-2407-90-2026-00346,3626567,0,1.10,
P-2000-90-2026-00251,3625800,0,1.10,
P-2200-90-2026-00335,3626201,0,1.10,
P-9077-90-2026-00083,3626477,0,1.10,
P-4200-90-2026-00724,3626447,0,1.10,
P-9070-90-2026-00060,3626604,0,1.10,
P-2202-90-2026-00369,3626370,0,1.10,
P-4200-92-2026-00117,3625629,0,1.10,
P-9022-98-2025-00014,3360002,2,1.10,
P-2000-90-2026-00259,3626530,0,1.10,
P-9061-90-2026-00167,3625729,0,1.10,
P-9075-90-2026-00114,3625854,0,1.10,
P-3603-90-2026-00107,3625559,0,1.10,
P-3200-90-2026-01158,3625607,0,1.10,
P-1200-90-2026-00926,3625736,0,1.10,
P-1200-90-2026-00919,3625673,0,1.10,
P-2400-90-2026-01580,3626852,0,1.10,
P-3800-90-2026-00454,3626903,0,1.10,
P-1200-91-2026-00241,3626984,0,1.10,
P-1474-90-2026-00090,3626017,0,1.10,
P-2400-90-2026-01595,3627056,0,1.10,
P-4200-90-2026-00739,3626667,0,1.10,
P-2400-90-2026-01613,3627278,0,1.10,
P-2405-90-2026-00078,3627068,0,1.10,
P-9068-91-2026-00054,3626536,0,1.10,
P-4000-90-2026-00565,3626065,0,1.10,
P-4000-90-2026-00595,3626702,0,1.10,
P-3205-90-2026-00147,3627091,0,1.70,
P-2407-90-2026-00348,3627135,0,1.10,
P-3901-90-2026-00062,3627020,0,1.10,
P-3200-90-2026-01198,3626602,0,1.10,
P-2403-90-2026-00336,3627142,0,1.10,
P-1411-91-2026-00051,3627205,0,1.10,
P-2400-90-2026-01569,3626706,0,1.10,
P-3200-90-2026-01168,3625870,0,1.10,
P-3400-92-2026-00101,3626707,0,1.10,
P-9082-90-2026-00044,3626134,0,1.10,
P-1400-92-2026-00089,3625903,0,1.10,
P-2400-90-2026-01515,3625964,0,1.10,
P-1488-91-2026-00232,3625872,0,1.10,
P-2200-90-2026-00345,3626550,0,1.10,
P-8067-91-2026-00073,3626296,0,1.10,
P-9071-90-2026-00037,3625450,0,1.10,
P-2400-90-2026-01523,3626163,0,1.10,
P-3800-90-2026-00443,3626262,0,1.10,
P-1200-91-2026-00207,3625024,0,1.10,
P-2403-90-2026-00332,3626270,0,1.10,
P-1200-90-2026-00973,3626865,0,1.10,
P-2200-90-2026-00343,3626426,0,1.10,
P-3205-90-2026-00144,3626855,0,1.10,
P-4005-90-2026-00129,3626578,0,1.10,
P-2400-90-2026-01519,3626059,0,1.10,
P-3600-90-2026-00301,3626271,0,1.70,
P-8000-90-2026-00117,3626700,0,1.10,
P-3200-90-2026-01193,3626562,0,1.10,
P-4000-90-2026-00601,3626835,0,1.10,
P-1200-90-2026-00968,3626793,0,1.10,
P-1200-90-2026-00982,3626963,0,1.10,
P-2605-90-2026-00026,3627180,0,1.10,
P-3200-90-2026-01241,3627134,0,1.10,
P-4000-90-2026-00554,3625613,0,1.10,
P-1400-92-2026-00097,3626711,0,1.10,
P-3200-90-2026-01174,3626155,0,1.10,
P-1200-90-2026-00991,3627033,0,1.10,
P-2400-90-2026-01499,3625664,0,1.10,
P-4000-90-2026-00562,3625895,0,1.10,
P-3205-90-2026-00145,3626878,0,1.10,
P-8069-96-2026-00002,3607030,36,4.40,
P-2202-90-2026-00366,3626238,0,1.10,
P-1400-90-2026-00149,3625522,0,1.70,
P-1200-90-2026-00938,3625931,0,1.10,
P-4400-90-2026-00311,3625596,0,1.10,
P-8069-96-2026-00002,3607030,27,4.40,
P-1488-90-2026-00235,3625537,0,1.10,
P-2400-90-2026-01492,3625529,0,1.10,
P-2200-90-2026-00331,3625949,0,1.10,
P-9061-91-2026-00326,3626815,0,1.10,
P-2301-90-2026-00144,3626594,0,1.10,
P-3200-90-2026-01214,3626750,0,1.10,
P-4200-90-2026-00746,3626869,0,1.70,
P-2407-90-2026-00342,3625933,0,1.10,
P-1200-90-2026-00931,3625822,0,1.10,
P-4000-90-2026-00566,3626067,0,1.10,
P-1488-91-2026-00250,3627183,0,1.10,
P-1492-90-2026-00103,3627161,0,1.10,
P-2600-90-2026-00203,3626440,0,1.10,
P-9071-91-2026-00004,3625379,0,1.10,
P-4006-91-2026-00362,3628411,0,1.70,
P-4006-91-2026-00358,3628182,0,1.70,
P-3600-90-2026-00315,3627596,0,1.70,
P-4000-90-2026-00620,3627982,0,1.10,
P-4006-91-2026-00343,3627337,0,1.70,
P-3200-90-2026-01264,3627308,0,1.10,
P-9061-91-2026-00352,3627746,0,1.10,
P-2400-90-2026-01645,3627753,0,1.10,
P-9075-91-2026-00043,3628391,0,1.10,
P-4400-90-2026-00350,3628643,0,1.10,
P-1400-92-2026-00100,3627297,0,1.70,
P-4000-90-2026-00626,3628209,0,1.10,
P-3211-90-2026-00493,3628973,0,1.10,
P-2400-90-2026-01667,3628164,0,1.10,
P-2604-90-2026-00165,3628399,0,1.10,
P-4400-90-2026-00332,3627455,0,1.10,
P-3400-97-2025-00004,3313517,58,16.50,
P-8000-90-2026-00121,3628692,0,1.70,
P-3600-90-2026-00322,3628172,0,1.70,
P-4006-91-2026-00349,3627897,0,1.70,
P-9061-90-2026-00201,3628549,0,1.10,
P-3400-96-2025-00001,3258742,292,8.80,
P-2400-90-2026-01638,3627643,0,1.10,
P-3200-90-2026-01327,3628770,0,1.10,
P-3200-90-2026-01325,3628779,0,1.10,
P-2202-90-2026-00399,3628504,0,1.10,
P-3800-90-2026-00476,3628436,0,1.10,
P-2400-90-2026-01651,3627843,0,1.10,
P-4200-90-2026-00775,3627767,0,1.10,
P-3211-90-2026-00458,3627662,0,1.10,
P-2400-90-2026-01639,3627677,0,1.10,
P-1200-90-2026-01028,3627919,0,1.10,
P-2407-90-2026-00371,3627876,0,1.10,
P-2200-90-2026-00371,3628288,0,1.10,
P-4202-90-2026-00266,3628202,0,1.10,
P-1477-90-2026-00162,3628762,0,1.10,
P-1400-90-2026-00169,3628955,0,1.70,
P-2400-90-2026-01709,3628839,0,1.10,
P-4200-90-2026-00811,3628650,0,1.10,
P-3200-90-2026-01310,3628432,0,1.10,
P-2604-90-2026-00170,3628949,0,1.10,
P-3200-90-2026-01270,3627400,0,1.10,
P-3205-90-2026-00158,3628132,0,1.10,
P-1400-92-2026-00101,3627631,0,1.10,
P-3200-90-2026-01287,3627760,0,1.10,
P-3200-90-2026-01288,3627840,0,1.10,
P-3211-90-2026-00486,3628880,0,1.10,
P-2202-90-2026-00392,3627951,0,1.10,
P-9075-93-2026-00009,3627072,0,1.10,
P-3200-90-2026-01266,3627330,0,1.10,
P-9061-92-2026-00062,3627721,0,1.10,
P-4200-90-2026-00751,3627306,0,1.10,
P-2407-90-2026-00401,3628912,0,1.10,
P-3200-90-2026-01337,3628979,0,1.10,
P-1200-90-2026-01064,3628569,0,1.10,
P-1477-90-2026-00166,3629000,0,1.10,
P-1400-92-2026-00102,3628074,0,1.10,
P-9061-90-2026-00204,3628769,0,1.10,
P-3205-90-2026-00161,3628444,0,1.10,
P-1200-90-2026-01052,3628474,0,1.10,
P-4200-90-2026-00763,3627524,0,1.70,
P-3200-90-2026-01322,3628764,0,1.10,
P-1411-90-2026-00405,3627692,0,1.10,
P-3901-90-2026-00064,3628915,0,1.10,
P-3205-90-2026-00163,3628935,0,1.10,
P-2600-90-2026-00214,3628044,0,1.10,
P-2408-90-2026-00287,3629016,0,1.10,
P-1474-90-2026-00093,3627391,0,1.10,
P-2200-90-2026-00373,3628410,0,1.10,
P-1411-90-2026-00406,3627730,0,1.10,
P-2403-92-2026-00117,3627831,0,1.10,
P-4000-90-2026-00624,3628185,0,1.10,
P-3200-90-2026-01299,3628220,0,1.10,
P-9061-91-2026-00350,3627620,0,1.10,
P-1452-90-2026-00104,3627285,0,1.10,
P-2400-90-2026-01634,3627593,0,1.10,
P-1200-90-2026-01049,3628441,0,1.10,
P-3200-90-2026-01267,3627376,0,1.10,
P-2200-90-2026-00375,3628486,0,1.10,
P-3211-90-2026-00494,3628990,0,1.10,
P-2200-91-2026-00017,3628879,0,1.10,
P-2202-90-2026-00402,3628998,0,1.70,
P-2202-90-2026-00395,3628207,0,1.70,
P-2403-90-2026-00350,3628907,0,1.10,
P-1488-90-2026-00259,3627642,0,1.10,
P-3400-90-2026-00241,3628329,0,1.70,
P-9082-90-2026-00047,3627369,0,1.10,
P-2202-90-2026-00406,3629048,0,1.10,
P-2400-90-2026-01635,3627623,0,1.10,
P-2400-90-2026-01630,3627547,0,1.10,
P-9091-90-2026-00046,3627939,0,1.10,
P-4006-90-2026-00275,3628696,0,1.10,
P-3200-90-2026-01312,3628479,0,1.10,
P-2202-90-2026-00398,3628368,0,1.70,
P-4200-90-2026-00752,3627334,0,1.10,
P-1200-90-2026-01035,3628219,0,1.10,
P-4200-90-2026-00754,3627353,0,1.10,
P-1474-90-2026-00100,3629035,0,1.10,
P-4006-90-2026-00278,3628917,0,1.10,
P-2400-90-2026-01703,3628731,0,1.10,
P-1200-90-2026-01053,3628480,0,1.10,
P-2400-90-2026-01637,3627630,0,1.10,
P-1411-92-2026-00163,3628601,0,1.10,
P-1200-90-2026-01068,3628687,0,1.10,
P-4400-90-2026-00342,3628075,0,1.10,
P-2000-90-2026-00268,3627317,0,1.10,
P-9091-92-2026-00015,3627525,0,1.10,
P-1200-90-2026-01001,3627415,0,1.10,
P-4200-90-2026-00808,3628573,0,1.10,
P-2408-90-2026-00283,3628279,0,1.10,
P-2400-90-2026-01625,3627470,0,1.10,
P-3200-90-2026-01313,3628514,0,1.10,
P-9061-90-2026-00199,3628387,0,1.10,
P-9086-90-2026-00200,3628785,0,1.10,
P-2200-90-2026-00378,3628605,0,1.10,
P-3211-90-2026-00475,3628421,0,1.10,
P-7150-91-2026-00003,3630461,0,1.10,
P-9061-90-2026-00228,3630183,0,1.10,
P-2604-90-2026-00181,3630099,0,1.10,
P-2200-90-2026-00393,3629453,0,1.10,
P-1200-90-2026-01108,3629513,0,1.10,
P-2400-90-2026-01785,3630285,0,1.10,
P-2214-90-2026-00109,3629351,0,1.10,
P-3200-90-2026-01369,3629528,0,1.10,
P-2202-92-2026-00337,3630794,0,1.10,
P-2400-90-2026-01767,3629949,0,1.10,
P-4006-90-2026-00290,3629906,0,1.10,
P-3211-90-2026-00502,3629537,0,1.10,
P-4203-92-2026-00062,3629402,0,1.10,
P-4000-90-2026-00676,3630554,0,1.10,
P-4200-90-2026-00839,3629763,0,1.10,
P-2400-90-2026-01766,3629933,0,1.10,
P-3900-90-2026-00070,3629594,0,1.10,
P-1488-91-2026-00276,3629586,0,1.10,
P-3600-90-2026-00369,3630385,0,1.10,
P-2400-90-2026-01770,3630038,0,1.10,
P-3200-90-2026-01347,3629138,0,1.10,
P-1400-90-2026-00185,3630659,0,1.10,
P-3800-90-2026-00517,3630471,0,1.10,
P-3600-90-2026-00364,3630224,0,1.70,
P-3800-90-2026-00508,3629960,0,1.10,
P-1452-90-2026-00112,3629308,0,1.10,
P-8000-90-2026-00130,3630430,0,1.70,
P-2202-90-2026-00424,3629829,0,1.10,
P-3200-90-2026-01424,3630773,0,1.10,
P-4000-90-2026-00683,3630636,0,1.10,
P-1200-92-2026-00136,3629961,0,1.10,
P-3800-92-2026-00095,3629091,0,1.10,
P-3211-90-2026-00501,3629522,0,1.10,
P-1400-90-2026-00177,3630064,0,1.10,
P-3600-90-2026-00333,3629158,0,1.10,
P-3400-97-2025-00004,3313517,59,23.10,
P-3800-91-2026-00047,3630649,0,1.10,
P-3200-90-2026-01371,3629564,0,1.10,
P-1200-90-2026-01114,3629814,0,1.10,
P-2400-90-2026-01757,3629637,0,1.10,
P-3901-90-2026-00065,3629099,0,1.10,
P-4202-90-2026-00286,3629920,0,1.10,
P-1200-90-2026-01116,3629823,0,1.10,
P-3200-90-2026-01370,3629548,0,1.10,
P-2202-90-2026-00434,3630667,0,1.10,
P-3200-90-2026-01384,3630087,0,1.10,
P-2408-90-2026-00309,3630230,0,1.10,
P-4200-90-2026-00854,3630127,0,1.10,
P-3800-90-2026-00505,3629863,0,1.10,
P-3211-92-2026-00187,3630078,0,1.10,
P-2400-90-2026-01780,3630237,0,1.10,
P-4203-90-2026-00286,3630095,0,1.10,
P-3800-90-2026-00497,3629590,0,1.10,
P-4200-90-2026-00869,3630523,0,1.10,
P-1452-90-2026-00116,3629946,0,1.10,
P-1492-90-2026-00115,3629364,0,1.10,
P-2403-90-2026-00356,3629264,0,1.10,
P-1400-90-2026-00170,3629067,0,1.10,
P-3200-90-2026-01379,3630067,0,1.10,
P-9061-90-2026-00226,3630003,0,1.10,
P-2000-90-2026-00306,3630004,0,1.10,
P-3800-90-2026-00489,3629258,0,1.10,
P-9075-90-2026-00132,3630563,0,1.10,
P-4200-90-2026-00823,3629086,0,1.10,
P-1488-92-2026-00123,3630545,0,1.10,
P-4000-90-2026-00678,3630573,0,1.10,
P-2000-90-2026-00311,3630630,0,1.10,
P-2301-90-2026-00167,3630692,0,1.70,
P-4200-90-2026-00859,3630205,0,1.10,
P-2202-90-2026-00407,3629217,0,1.10,
P-3603-90-2026-00128,3630753,0,1.10,
P-2403-90-2026-00363,3629792,0,1.10,
P-2202-90-2026-00411,3629338,0,1.70,
P-3200-90-2026-01376,3630018,0,1.10,
P-3900-90-2026-00071,3629641,0,1.10,
P-1200-90-2026-01127,3630146,0,1.10,
P-1492-90-2026-00114,3629352,0,1.10,
P-2403-90-2026-00355,3629183,0,1.10,
P-3200-90-2026-01426,3630780,0,1.10,
P-4200-90-2026-00830,3629456,0,1.10,
P-3211-90-2026-00516,3630432,0,1.10,
P-1200-90-2026-01128,3630186,0,1.10,
P-4005-90-2026-00150,3630568,0,1.10,
P-3200-90-2026-01417,3630564,0,1.10,
P-2202-90-2026-00436,3630742,0,1.10,
P-2202-90-2026-00437,3630756,0,1.10,
P-2403-90-2026-00360,3629500,0,1.10,
P-2400-90-2026-01746,3629415,0,1.10,
P-2604-90-2026-00178,3629576,0,1.10,
P-8000-90-2026-00128,3629781,0,1.70,
P-3800-90-2026-00502,3629774,0,1.10,
P-1400-92-2026-00112,3629762,0,1.10,
P-3211-90-2026-00524,3630796,0,1.10,
P-9076-90-2026-00093,3630593,0,1.10,
P-4400-90-2026-00359,3629664,0,1.10,
P-9075-90-2026-00129,3630221,0,1.10,
P-1200-90-2026-01136,3630303,0,1.10,
P-1200-90-2026-01143,3630388,0,1.10,
P-2604-90-2026-00183,3630305,0,1.10,
P-4006-90-2026-00301,3630818,0,1.10,
P-3400-90-2026-00253,3630135,0,1.70,
P-1200-90-2026-01103,3629439,0,1.10,
P-2200-90-2026-00403,3629967,0,1.10,
P-2400-90-2026-01747,3629443,0,1.10,
P-9078-90-2026-00019,3630676,0,1.10,
P-3200-90-2026-01432,3630803,0,1.10,
P-4006-90-2026-00295,3630423,0,1.10,
P-3200-90-2026-01517,3632076,0,1.10,
P-2400-90-2026-01988,3632948,0,1.10,
P-9086-92-2026-00026,3632055,0,1.10,
P-3603-90-2026-00137,3631747,0,1.10,
P-4006-90-2026-00323,3632502,0,1.10,
P-9102-90-2026-00030,3631667,0,1.10,
P-3800-90-2026-00536,3631198,0,1.10,
P-4400-90-2026-00399,3632682,0,1.10,
P-9075-90-2026-00144,3633029,0,1.10,
P-4006-90-2026-00312,3631699,0,1.10,
P-2400-90-2026-01895,3631915,0,1.10,
P-2214-90-2026-00132,3632035,0,1.10,
P-3200-90-2026-01501,3631849,0,1.10,
P-1200-90-2026-01213,3631816,0,1.10,
P-2600-91-2026-00017,3632762,0,1.10,
P-3800-90-2026-00591,3632677,0,1.10,
P-3211-90-2026-00546,3632760,0,1.10,
P-4005-90-2026-00156,3631428,0,1.10,
P-9061-91-2026-00426,3631349,0,1.10,
P-1200-91-2026-00297,3632347,0,1.10,
P-4400-90-2026-00379,3631464,0,1.10,
P-3200-90-2026-01549,3632417,0,1.10,
P-1200-90-2026-01280,3632757,0,1.10,
P-1200-90-2026-01232,3632147,0,1.10,
P-1200-90-2026-01238,3632208,0,1.10,
P-3200-90-2026-01504,3631918,0,1.10,
P-2400-90-2026-01905,3632069,0,1.10,
P-3800-90-2026-00579,3632271,0,1.10,
P-2400-90-2026-01955,3632690,0,1.10,
P-3211-90-2026-00545,3632753,0,1.10,
P-4400-90-2026-00372,3631065,0,1.10,
P-3200-90-2026-01558,3632450,0,1.10,
P-9077-90-2026-00108,3631738,0,1.10,
P-2400-90-2026-02012,3633051,0,1.10,
P-2403-90-2026-00387,3631575,0,1.10,
P-3200-90-2026-01503,3631884,0,1.10,
P-3800-90-2026-00586,3632487,0,1.10,
P-1200-90-2026-01264,3632528,0,1.10,
P-2301-90-2026-00177,3632132,0,1.10,
P-4200-90-2026-00993,3632972,0,1.70,
P-2400-90-2026-01882,3631713,0,1.10,
P-3200-91-2026-00116,3632230,0,1.10,
P-1200-90-2026-01245,3632307,0,1.10,
P-1200-90-2026-01290,3632868,0,1.10,
P-4200-90-2026-00968,3632415,0,1.10,
P-2200-90-2026-00433,3631239,0,1.10,
P-3200-90-2026-01569,3632594,0,1.10,
P-1200-90-2026-01188,3631344,0,1.10,
P-4200-90-2026-00908,3631351,0,1.10,
P-2202-90-2026-00471,3632985,0,1.10,
P-3200-90-2026-01454,3631280,0,1.10,
P-2202-90-2026-00467,3632937,0,1.10,
P-3800-90-2026-00546,3631517,0,1.10,
P-1411-90-2026-00456,3631418,0,1.10,
P-3200-90-2026-01566,3632492,0,1.10,
P-4200-90-2026-00914,3631472,0,1.10,
P-9077-90-2026-00110,3632852,0,1.10,
P-1400-90-2026-00198,3632930,0,1.10,
P-2400-90-2026-02005,3633018,0,1.10,
P-3400-90-2026-00265,3631795,0,1.70,
P-4400-90-2026-00400,3632701,0,1.10,
P-4000-90-2026-00717,3632207,0,1.10,
P-2400-90-2026-01932,3632465,0,1.10,
P-4005-91-2026-00012,3631871,0,1.10,
P-2400-90-2026-01980,3632873,0,1.10,
P-4200-90-2026-00942,3631997,0,1.10,
P-2405-90-2026-00087,3632142,0,1.10,
P-3211-90-2026-00535,3631768,0,1.10,
P-9068-90-2026-00080,3632649,0,1.10,
P-4200-90-2026-00878,3630888,0,1.10,
P-4000-90-2026-00746,3632825,0,1.10,
P-2000-90-2026-00339,3632282,0,1.10,
P-2202-90-2026-00474,3633039,0,1.10,
P-9077-91-2026-00045,3632102,0,1.10,
P-3200-90-2026-01532,3632226,0,1.10,
P-2408-90-2026-00336,3632355,0,1.10,
P-4200-90-2026-00984,3632786,0,1.10,
P-4200-90-2026-00923,3631594,0,1.10,
P-3600-90-2026-00444,3632809,0,1.70,
P-3200-90-2026-01597,3632978,0,1.10,
P-3211-91-2026-00296,3631911,0,1.10,
P-9075-90-2026-00138,3631450,0,1.10,
P-9061-91-2026-00424,3631241,0,1.10,
P-3600-90-2026-00396,3631380,0,1.70,
P-4200-90-2026-00896,3631145,0,1.10,
P-3200-90-2026-01439,3630945,0,1.10,
P-3600-90-2026-00399,3631493,0,1.70,
P-2400-91-2026-00206,3630846,0,1.10,
P-4000-90-2026-00701,3631490,0,1.10,
P-4000-90-2026-00688,3631128,0,1.10,
P-8067-91-2026-00085,3630325,0,1.10,
P-2400-90-2026-01844,3631142,0,1.10,
P-2400-90-2026-01851,3631256,0,1.10,
P-2604-90-2026-00187,3630889,0,1.10,
P-3200-90-2026-01452,3631221,0,1.10,
P-9061-91-2026-00425,3631305,0,1.10,
P-9061-90-2026-00258,3631556,0,1.10,
P-4200-90-2026-00906,3631308,0,1.10,
P-2403-92-2026-00130,3631345,0,1.10,
P-4200-91-2026-00054,3631526,0,1.10,
P-1200-90-2026-01165,3630869,0,1.10,
P-2200-90-2026-00428,3631083,0,1.10,
P-4200-90-2026-00877,3630874,0,1.10,
P-9082-91-2026-00016,3630606,0,1.10,
P-3200-90-2026-01485,3631676,0,1.10,
P-3200-90-2026-01487,3631692,0,1.10,
P-2200-90-2026-00444,3631546,0,1.10,
P-9061-91-2026-00420,3630868,0,1.10,
P-4000-90-2026-00697,3631348,0,1.10,
P-4200-90-2026-00883,3630954,0,1.10,
P-2600-90-2026-00243,3631608,0,1.10,
P-2403-90-2026-00389,3631607,0,1.10,
P-2600-90-2026-00236,3631265,0,1.10,
P-2200-90-2026-00445,3631582,0,1.10,
P-1411-90-2026-00462,3631656,0,1.10,
P-2400-90-2026-01862,3631398,0,1.10,
P-1200-90-2026-01175,3631136,0,1.10,
P-9082-90-2026-00054,3631578,0,1.10,
P-1200-90-2026-01182,3631260,0,1.10,
P-1488-90-2026-00283,3631469,0,1.10,
P-2407-90-2026-00469,3631236,0,1.10,
P-3600-90-2026-00394,3631275,0,1.10,
P-2408-90-2026-00317,3631008,0,1.10,
P-4200-90-2026-00881,3630924,0,1.10,
P-2200-90-2026-00448,3631595,0,1.10,
P-4200-90-2026-00901,3631229,0,1.10,
P-2407-90-2026-00491,3632077,0,1.10,
P-2600-90-2026-00248,3631960,0,1.10,
P-3200-90-2026-01602,3633015,0,1.10,
P-1200-90-2026-01228,3632088,0,1.10,
P-3200-90-2026-01509,3631958,0,1.10,
P-1200-90-2026-01180,3631232,0,1.10,
P-4200-90-2026-00905,3631304,0,1.10,
P-2200-90-2026-00455,3631771,0,1.10,
P-2400-90-2026-01845,3631147,0,1.10,
P-2400-90-2026-01951,3632675,0,1.10,
P-3800-90-2026-00528,3631081,0,1.10,
P-1200-91-2026-00298,3632413,0,1.10,
P-4200-90-2026-00978,3632676,0,1.70,
P-3600-90-2026-00378,3630946,0,1.70,
P-2400-90-2026-01966,3632781,0,1.10,
P-4000-91-2026-00054,3632536,0,1.10,
P-1488-91-2026-00304,3633041,0,1.10,
P-1200-90-2026-01283,3632793,0,1.10,
P-1200-90-2026-01256,3632443,0,1.10,
P-3200-90-2026-01481,3631551,0,1.10,
P-3200-90-2026-01484,3631663,0,1.10,
P-4200-90-2026-00960,3632277,0,1.10,
P-2000-90-2026-00333,3632066,0,1.10,
P-2600-90-2026-00260,3632650,0,1.10,
P-2408-90-2026-00334,3632326,0,1.10,
P-2604-90-2026-00202,3632673,0,1.10,
P-4006-90-2026-00327,3632884,0,1.10,
P-2400-90-2026-01904,3632064,0,1.10,
P-2400-90-2026-01908,3632085,0,1.10,
P-2400-90-2026-02009,3633044,0,1.10,
P-2200-90-2026-00470,3632197,0,1.10,
P-4000-90-2026-00721,3632302,0,1.10,
P-2407-92-2026-00269,3632478,0,1.70,
P-2200-90-2026-00468,3632150,0,1.10,
P-9068-91-2026-00066,3632674,0,1.10,
P-1200-90-2026-01234,3632165,0,1.10,
P-2600-90-2026-00255,3632552,0,1.10,
P-1488-90-2026-00288,3631686,0,1.10,
P-2214-90-2026-00131,3631938,0,1.10,
P-2400-90-2026-01933,3632482,0,1.10,
P-3603-90-2026-00133,3631075,0,1.10,
P-3200-92-2026-00134,3632658,0,1.10,
P-2400-90-2026-01889,3631780,0,1.10,
P-2407-90-2026-00492,3632249,0,1.10,
P-2400-90-2026-01938,3632509,0,1.10,
P-4000-90-2026-00703,3631593,0,1.10,
P-3211-90-2026-00539,3632275,0,1.10,
P-9076-90-2026-00099,3631487,0,1.10,
P-1452-90-2026-00120,3631975,0,1.10,
P-4000-90-2026-00734,3632574,0,1.10,
P-2600-90-2026-00246,3631880,0,1.10,
P-9076-90-2026-00101,3633038,0,1.10,
P-4200-90-2026-00909,3631368,0,1.10,
P-3200-90-2026-01465,3631331,0,1.10,
P-3200-90-2026-01506,3631902,0,1.10,
P-3211-90-2026-00529,3631400,0,1.10,
P-1200-91-2026-00294,3632073,0,1.10,
P-3200-90-2026-01497,3631810,0,1.10,
P-2400-90-2026-01997,3632996,0,1.10,
P-3800-90-2026-00585,3632440,0,1.10,
P-2200-90-2026-00484,3632790,0,1.10,
P-1200-90-2026-01329,3633207,0,1.10,
P-4005-90-2026-00165,3633318,0,1.10,
P-2202-90-2026-00477,3633166,0,1.10,
P-9075-91-2026-00050,3633304,0,1.10,
P-2400-90-2026-02044,3633215,0,1.10,
P-2202-90-2026-00476,3633076,0,1.10,
P-3211-90-2026-00551,3633369,0,1.10,
P-2400-90-2026-02042,3633190,0,1.10,
P-1488-91-2026-00303,3633036,0,1.10,
P-2400-90-2026-02021,3633101,0,1.10,
P-9077-90-2026-00118,3633229,0,1.10,
P-1453-90-2026-00032,3633128,0,1.10,
P-4200-90-2026-01010,3633265,0,1.10,
P-2604-90-2026-00204,3633260,0,1.10,
P-3205-90-2026-00194,3633254,0,1.70,
P-4200-90-2026-01007,3633189,0,1.10,
P-1488-90-2026-00302,3633187,0,1.70,
P-4006-90-2026-00353,3633789,0,1.10,
P-2400-90-2026-02066,3633445,0,1.10,
P-4006-90-2026-00346,3633686,0,1.10,
P-2604-90-2026-00208,3633589,0,1.10,
P-2202-90-2026-00503,3633778,0,1.10,
P-2400-90-2026-02116,3633904,0,1.10,
P-4006-90-2026-00350,3633750,0,1.10,
P-4200-90-2026-01036,3633556,0,1.10,
P-2400-90-2026-02103,3633799,0,1.10,
P-2604-90-2026-00205,3633410,0,1.10,
P-4200-90-2026-01027,3633430,0,1.10,
P-1492-90-2026-00134,3633446,0,1.10,
P-2400-90-2026-02095,3633669,0,1.10,
P-3211-90-2026-00555,3633457,0,1.10,
P-2400-90-2026-02082,3633601,0,1.10,
P-2202-90-2026-00493,3633575,0,1.10,
P-9076-90-2026-00109,3633659,0,1.10,
P-9097-90-2026-00121,3633804,0,1.10,
P-2604-90-2026-00211,3633636,0,1.10,
P-9086-91-2026-00066,3633878,0,1.10,
P-1488-90-2026-00309,3633628,0,1.10,
P-2408-90-2026-00344,3633435,0,1.10,
P-4203-90-2026-00323,3633760,0,1.10,
P-4006-90-2026-00336,3633399,0,1.10,
P-9086-90-2026-00228,3633877,0,1.10,
P-1453-90-2026-00036,3633747,0,1.10,
P-2400-90-2026-02108,3633887,0,1.10,
P-4006-90-2026-00349,3633741,0,1.10,
P-4200-90-2026-01041,3633611,0,1.10,
P-4006-90-2026-00355,3633822,0,1.10,
P-2400-90-2026-02107,3633885,0,1.10,
P-1488-90-2026-00305,3633617,0,1.10,
P-4203-90-2026-00325,3633786,0,1.10,
P-2604-90-2026-00207,3633566,0,1.10,
P-2202-90-2026-00499,3633685,0,1.70,
P-2400-90-2026-02098,3633693,0,1.10,
P-2202-90-2026-00487,3633464,0,1.10,
P-2202-90-2026-00489,3633492,0,1.10,
P-2408-90-2026-00347,3633477,0,1.10,
P-2202-90-2026-00508,3633835,0,1.70,
P-1492-91-2026-00071,3633738,0,1.10,
P-1200-90-2026-01351,3634649,0,1.10,
P-1200-90-2026-01338,3634019,0,1.10,
P-4203-90-2026-00344,3635318,0,1.10,
P-3600-90-2026-00491,3635586,0,1.70,
P-2403-92-2026-00146,3636408,0,1.10,
P-2215-90-2026-00139,3636456,0,1.10,
P-2400-90-2026-02263,3636028,0,1.10,
P-2604-90-2026-00221,3634376,0,1.10,
P-4000-90-2026-00784,3635170,0,1.10,
P-9077-90-2026-00133,3636179,0,1.10,
P-3400-90-2026-00288,3635540,0,1.70,
P-3901-90-2026-00093,3635776,0,1.10,
P-9102-91-2026-00019,3636111,0,1.10,
P-3211-90-2026-00590,3636190,0,1.10,
P-1400-90-2026-00222,3635702,0,1.10,
P-2605-90-2026-00032,3634327,0,1.10,
P-3200-90-2026-01652,3634932,0,1.10,
P-3200-90-2026-01622,3634294,0,1.10,
P-3900-90-2026-00083,3634385,0,1.10,
P-3200-90-2026-01743,3635944,0,1.10,
P-9077-90-2026-00131,3635148,0,1.10,
P-9077-90-2026-00127,3633936,0,1.10,
P-2604-90-2026-00238,3636339,0,1.10,
P-2200-90-2026-00493,3634269,0,1.10,
P-3200-90-2026-01627,3634489,0,1.10,
P-3800-90-2026-00611,3634069,0,1.10,
P-4000-90-2026-00776,3634946,0,1.10,
P-2400-90-2026-02201,3635192,0,1.10,
P-3603-90-2026-00152,3634686,0,1.70,
P-2400-90-2026-02158,3634443,0,1.10,
P-2400-90-2026-02260,3636004,0,1.10,
P-4203-91-2026-00040,3635138,0,1.10,
P-2000-90-2026-00403,3636213,0,1.10,
P-3211-90-2026-00573,3634722,0,1.10,
P-1200-90-2026-01437,3636014,0,1.10,
P-3211-90-2026-00568,3634361,0,1.10,
P-3600-90-2026-00455,3634457,0,1.70,
P-1200-90-2026-01381,3635422,0,1.10,
P-3603-90-2026-00154,3634901,0,1.10,
P-3800-90-2026-00683,3635975,0,1.10,
P-4400-90-2026-00436,3635699,0,1.10,
P-2202-90-2026-00516,3634282,0,1.10,
P-3600-90-2026-00469,3635058,0,1.70,
P-1200-90-2026-01380,3635415,0,1.10,
P-4200-90-2026-01121,3635309,0,1.10,
P-1477-92-2026-00037,3634391,0,1.10,
P-2400-90-2026-02288,3636391,0,1.10,
P-4000-90-2026-00798,3635622,0,1.10,
P-9061-91-2026-00473,3634666,0,1.10,
P-3400-90-2026-00275,3634336,0,1.70,
P-3200-90-2026-01647,3634845,0,1.10,
P-1453-90-2026-00040,3634280,0,1.10,
P-4005-90-2026-00178,3636138,0,1.10,
P-2403-90-2026-00428,3634218,0,1.10,
P-4200-90-2026-01101,3634779,0,1.10,
P-4000-90-2026-00770,3634847,0,1.10,
P-4006-90-2026-00377,3635873,0,1.10,
P-4000-90-2026-00836,3636114,0,1.10,
P-4202-90-2026-00308,3635347,0,1.10,
P-1200-91-2026-00331,3636415,0,1.10,
P-3200-90-2026-01681,3635187,0,1.10,
P-2400-90-2026-02281,3636239,0,1.10,
P-4006-91-2026-00455,3635284,0,1.70,
P-4000-90-2026-00793,3635467,0,1.10,
P-2400-90-2026-02250,3635917,0,1.10,
P-2400-90-2026-02147,3634245,0,1.10,
P-1452-90-2026-00135,3634513,0,1.10,
P-4000-90-2026-00818,3635882,0,1.10,
P-2202-90-2026-00517,3634349,0,1.10,
P-2200-90-2026-00513,3634873,0,1.10,
P-1200-90-2026-01391,3635590,0,1.10,
P-3200-90-2026-01708,3635521,0,1.10,
P-8000-91-2026-00121,3636115,0,1.70,
P-1200-90-2026-01398,3635663,0,1.10,
P-4000-90-2026-00824,3635991,0,1.10,
P-3600-90-2026-00467,3634971,0,1.70,
P-2202-90-2026-00539,3636038,0,1.10,
P-1411-90-2026-00524,3636098,0,1.10,
P-4203-90-2026-00327,3634092,0,1.10,
P-2000-90-2026-00364,3634436,0,1.10,
P-2200-90-2026-00503,3634689,0,1.10,
P-3600-90-2026-00446,3634057,0,1.70,
P-1200-90-2026-01344,3634477,0,1.10,
P-4400-90-2026-00426,3635209,0,1.10,
P-9086-90-2026-00237,3634727,0,1.10,
P-9091-90-2026-00060,3634437,0,1.10,
P-3600-90-2026-00495,3635705,0,1.70,
P-1477-90-2026-00198,3636404,0,1.10,
P-2400-90-2026-02189,3635016,0,1.10,
P-2301-90-2026-00186,3634717,0,1.10,
P-4203-90-2026-00348,3635720,0,1.10,
P-2604-90-2026-00239,3636361,0,1.10,
P-9070-90-2026-00067,3634215,0,1.10,
P-1200-90-2026-01363,3634948,0,1.10,
P-3800-90-2026-00658,3635220,0,1.10,
P-3211-90-2026-00594,3636343,0,1.10,
P-3200-90-2026-01637,3634612,0,1.10,
P-2600-90-2026-00276,3634962,0,1.10,
P-9068-90-2026-00086,3635867,0,1.10,
P-3800-91-2026-00051,3634942,0,1.10,
P-3200-90-2026-01715,3635675,0,1.10,
P-2200-90-2026-00527,3635425,0,1.10,
P-2600-90-2026-00275,3634781,0,1.10,
P-4005-90-2026-00180,3636454,0,1.10,
P-1200-90-2026-01342,3634164,0,1.10,
P-2400-90-2026-02227,3635536,0,1.10,
P-2202-90-2026-00528,3634842,0,1.10,
P-3200-91-2026-00126,3636451,0,1.10,
P-4200-90-2026-01080,3634418,0,1.10,
P-3600-90-2026-00470,3635088,0,1.10,
P-3800-90-2026-00656,3635107,0,1.10,
P-2000-90-2026-00377,3634978,0,1.10,
P-4203-90-2026-00349,3636071,0,1.10,
P-9068-91-2026-00071,3634980,0,1.10,
P-3200-90-2026-01669,3635089,0,1.10,
P-9086-90-2026-00234,3634423,0,1.10,
P-1488-90-2026-00312,3633941,0,1.10,
P-4200-90-2026-01091,3634654,0,1.10,
P-4400-90-2026-00424,3634957,0,1.10,
P-4006-91-2026-00459,3635506,0,1.10,
P-4400-90-2026-00443,3636203,0,1.10,
P-1488-90-2026-00326,3635375,0,1.10,
P-3200-90-2026-01707,3635471,0,1.10,
P-3800-90-2026-00665,3635430,0,1.10,
P-2408-90-2026-00389,3635724,0,1.10,
P-2400-90-2026-02208,3635242,0,1.10,
P-4000-90-2026-00773,3634930,0,1.10,
P-2200-90-2026-00512,3634844,0,1.10,
P-4202-90-2026-00307,3635023,0,1.10,
P-2400-90-2026-02242,3635796,0,1.10,
P-9078-92-2026-00023,3634608,0,1.10,
P-3200-90-2026-01731,3635892,0,1.10,
P-1452-90-2026-00137,3635159,0,1.10,
P-3200-92-2026-00143,3635579,0,1.10,
P-1400-90-2026-00212,3635050,0,1.70,
P-1200-90-2026-01400,3635695,0,1.10,
P-1200-90-2026-01425,3635883,0,1.10,
P-3200-90-2026-01722,3635761,0,1.10,
P-2400-90-2026-02145,3634168,0,1.10,
P-3200-90-2026-01749,3636035,0,1.10,
P-2400-90-2026-02218,3635416,0,1.10,
P-3200-90-2026-01716,3635662,0,1.10,
P-3200-90-2026-01733,3635897,0,1.10,
P-4000-90-2026-00756,3634231,0,1.10,
P-4000-90-2026-00791,3635445,0,1.10,
P-9086-91-2026-00070,3634381,0,1.10,
P-4400-90-2026-00412,3634406,0,1.10,
P-2200-90-2026-00492,3634250,0,1.10,
P-2400-90-2026-02267,3636045,0,1.10,
P-4200-90-2026-01143,3635938,0,1.10,
P-2214-90-2026-00141,3635211,0,1.70,
P-4200-90-2026-01098,3634725,0,1.10,
P-2400-90-2026-02205,3635237,0,1.10,
P-2301-90-2026-00198,3635690,0,1.70,
P-4203-90-2026-00333,3634585,0,1.10,
P-4006-90-2026-00387,3636282,0,1.10,
P-2200-90-2026-00495,3634386,0,1.10,
P-2600-90-2026-00292,3636232,0,1.10,
P-4200-90-2026-01096,3634684,0,1.10,
P-8035-91-2026-00093,3636293,0,1.10,
P-2400-90-2026-02302,3636535,0,1.10,
P-2400-90-2026-02248,3635841,0,1.10,
P-1400-90-2026-00214,3635317,0,1.70,
P-3205-90-2026-00216,3635610,0,1.10,
P-3800-90-2026-00661,3635379,0,1.10,
P-2000-90-2026-00371,3634680,0,1.10,
P-9075-90-2026-00160,3635522,0,1.10,
P-2214-90-2026-00142,3635291,0,1.10,
P-4005-90-2026-00179,3636449,0,1.10,
P-2301-90-2026-00193,3635203,0,1.70,
P-9086-90-2026-00243,3636458,0,1.10,
P-1488-91-2026-00309,3633661,0,1.10,
P-9068-91-2026-00078,3635949,0,1.10,
P-2400-90-2026-02274,3636150,0,1.10,
P-4400-90-2026-00419,3634627,0,1.10,
P-9075-90-2026-00165,3636506,0,1.10,
P-3900-90-2026-00082,3634322,0,1.10,
P-3800-90-2026-00647,3634939,0,1.10,
P-3600-90-2026-00454,3634330,0,1.70,
P-2400-90-2026-02273,3636129,0,1.10,
P-2200-90-2026-00496,3634424,0,1.10,
P-4203-91-2026-00039,3634496,0,1.10,
P-3200-90-2026-01758,3636142,0,1.10,
P-4200-90-2026-01093,3634640,0,1.10,
P-2400-90-2026-02183,3634926,0,1.10,
P-1474-90-2026-00121,3635288,0,1.10,
P-1200-90-2026-01385,3635533,0,1.10,
P-2400-90-2026-02241,3635812,0,1.10,
P-8069-91-2026-00004,3634394,0,1.10,
P-1411-90-2026-00528,3636336,0,1.10,
P-4200-90-2026-01122,3635346,0,1.10,
P-3200-90-2026-01736,3635905,0,1.10,
P-9061-90-2026-00282,3636009,0,1.10,
P-1477-90-2026-00189,3635247,0,1.10,
P-3200-90-2026-01668,3635098,0,1.10,
P-3600-90-2026-00497,3635821,0,1.10,
P-1488-90-2026-00338,3636463,0,1.10,
P-3200-90-2026-01812,3636951,0,1.10,
P-9061-91-2026-00493,3636555,0,1.10,
P-4203-90-2026-00358,3636774,0,1.10,
P-8000-90-2026-00154,3636091,0,1.10,
P-2200-90-2026-00541,3636817,0,1.10,
P-4000-90-2026-00852,3636699,0,1.10,
P-3603-90-2026-00162,3636952,0,1.10,
P-3900-90-2026-00089,3636809,0,1.10,
P-2408-90-2026-00404,3636916,0,1.10,
P-3200-90-2026-01803,3636605,0,1.10,
P-4203-90-2026-00353,3636564,0,1.10,
P-2403-90-2026-00477,3636944,0,1.10,
P-4200-90-2026-01174,3637024,0,1.10,
P-1200-91-2026-00337,3637380,0,1.10,
P-9093-90-2026-00041,3636985,0,1.10,
P-4200-90-2026-01187,3637298,0,1.10,
P-2400-90-2026-02377,3637555,0,1.10,
P-3600-90-2026-00532,3637578,0,1.70,
P-1411-90-2026-00544,3636718,0,1.10,
P-2403-90-2026-00482,3637486,0,1.10,
P-4006-90-2026-00395,3637182,0,1.10,
P-4400-90-2026-00452,3637018,0,1.10,
P-1411-90-2026-00543,3636677,0,1.10,
P-4200-90-2026-01191,3637354,0,1.10,
P-4000-90-2026-00868,3637060,0,1.10,
P-3200-90-2026-01813,3636997,0,1.10,
P-4200-91-2026-00057,3636629,0,1.10,
P-3211-91-2026-00324,3637519,0,1.10,
P-2000-90-2026-00420,3637698,0,1.10,
P-3211-90-2026-00584,3635711,0,1.10,
P-4000-90-2026-00883,3637600,0,1.10,
P-2214-90-2026-00152,3637621,0,1.10,
P-2301-90-2026-00203,3637096,0,1.70,
P-2202-90-2026-00554,3637106,0,1.10,
P-8000-90-2026-00158,3637185,0,1.70,
P-2600-91-2026-00018,3635854,0,1.10,
P-4000-90-2026-00848,3636587,0,1.10,
P-1200-90-2026-01492,3636861,0,1.10,
P-1200-90-2026-01502,3637083,0,1.10,
P-3800-90-2026-00704,3636670,0,1.10,
P-9086-91-2026-00082,3637043,0,1.10,
P-3800-92-2026-00127,3637101,0,1.10,
P-4200-90-2026-01165,3636753,0,1.10,
P-3200-90-2026-01828,3637320,0,1.10,
P-1488-91-2026-00337,3637201,0,1.70,
P-4400-90-2026-00453,3637034,0,1.10,
P-9102-90-2026-00038,3637149,0,1.10,
P-2400-90-2026-02343,3637152,0,1.10,
P-1200-90-2026-01475,3636575,0,1.10,
P-1200-90-2026-01518,3637492,0,1.10,
P-9076-90-2026-00124,3637556,0,1.10,
P-2000-91-2026-00021,3637168,0,1.10,
P-1492-91-2026-00078,3636706,0,1.10,
P-3603-90-2026-00165,3637497,0,1.10,
P-1200-91-2026-00338,3637404,0,1.10,
P-2202-90-2026-00555,3637144,0,1.10,
P-2200-91-2026-00022,3636565,0,1.10,
P-1452-90-2026-00142,3637203,0,1.10,
P-1452-90-2026-00141,3636724,0,1.10,
P-4400-91-2026-00152,3637194,0,1.70,
P-2400-90-2026-02310,3636618,0,1.10,
P-9091-90-2026-00067,3636725,0,1.10,
P-9091-91-2026-00013,3637136,0,1.10,
P-3400-90-2026-00302,3636707,0,1.10,
P-9070-90-2026-00071,3636876,0,1.10,
P-1411-92-2026-00221,3637090,0,1.10,
P-3800-90-2026-00713,3636928,0,1.10,
P-4000-90-2026-00849,3636616,0,1.10,
P-4000-90-2026-00867,3637007,0,1.10,
P-3600-90-2026-00514,3636731,0,1.10,
P-8000-91-2026-00128,3637972,0,1.10,
P-3200-90-2026-01876,3638038,0,1.10,
P-4202-92-2026-00201,3637567,0,1.10,
P-1200-90-2026-01561,3638136,0,1.10,
P-2000-90-2026-00423,3637976,0,1.10,
P-1200-90-2026-01504,3637174,0,1.10,
P-3600-90-2026-00534,3637652,0,1.70,
P-3200-90-2026-01877,3638049,0,1.10,
P-4000-90-2026-00893,3637920,0,1.10,
P-1411-90-2026-00550,3637393,0,1.10,
P-3800-90-2026-00710,3636892,0,1.10,
P-9086-90-2026-00246,3636559,0,1.10,
P-3603-90-2026-00161,3636803,0,1.10,
P-4200-90-2026-01196,3637424,0,1.10,
P-9075-90-2026-00168,3637682,0,1.10,
P-1200-90-2026-01545,3637917,0,1.10,
P-3200-91-2026-00129,3637204,0,1.10,
P-1452-90-2026-00139,3636554,0,1.10,
P-2400-90-2026-02352,3637268,0,1.10,
P-8004-90-2026-00018,3637597,0,1.70,
P-8000-90-2026-00164,3637894,0,1.10,
P-1200-90-2026-01527,3637614,0,1.10,
P-3200-90-2026-01878,3638054,0,1.10,
P-2400-90-2026-02403,3637937,0,1.10,
P-2406-90-2026-00092,3637300,0,1.10,
P-1200-90-2026-01569,3638215,0,1.10,
P-9091-90-2026-00074,3636853,0,1.10,
P-2407-90-2026-00629,3638075,0,1.10,
P-3200-91-2026-00136,3638087,0,1.10,
P-2400-90-2026-02415,3638040,0,1.10,
P-2400-90-2026-02434,3638184,0,1.10,
P-2202-90-2026-00563,3638043,0,1.10,
P-3211-90-2026-00606,3637475,0,1.10,
P-9061-91-2026-00537,3637874,0,1.10,
P-4000-90-2026-00904,3638060,0,1.10,
P-2400-90-2026-02405,3637942,0,1.10,
P-3205-90-2026-00239,3637961,0,1.10,
P-4000-90-2026-00885,3637679,0,1.10,
P-3200-90-2026-01875,3637990,0,1.10,
P-2000-92-2026-00190,3637606,0,1.10,
P-4203-91-2026-00041,3636644,0,1.10,
P-9068-90-2026-00097,3638480,0,1.10,
P-2600-90-2026-00304,3637800,0,1.10,
P-2202-90-2026-00572,3638588,0,1.70,
P-2200-90-2026-00575,3638311,0,1.10,
P-2408-90-2026-00419,3638455,0,1.10,
P-9022-90-2026-00020,3638392,0,1.10,
P-9022-90-2026-00022,3638419,0,1.10,
P-4202-90-2026-00333,3638440,0,1.10,
P-4200-90-2026-01229,3638253,0,1.10,
P-2202-90-2026-00571,3638586,0,1.10,
P-9086-90-2026-00256,3638319,0,1.10,
P-2403-90-2026-00489,3637871,0,1.10,
P-2400-90-2026-02457,3638633,0,1.10,
P-1411-90-2026-00551,3637432,0,1.10,
P-2400-90-2026-02390,3637721,0,1.10,
P-1200-90-2026-01600,3638583,0,1.10,
P-3200-90-2026-01901,3638421,0,1.10,
P-4202-90-2026-00344,3638516,0,1.10,
P-2400-90-2026-02440,3638240,0,1.10,
P-3200-90-2026-01920,3638529,0,1.10,
P-2200-90-2026-00572,3638273,0,1.10,
P-8000-90-2026-00167,3638064,0,1.70,
P-2604-90-2026-00251,3638223,0,1.10,
P-1200-91-2026-00350,3638360,0,1.10,
P-4000-90-2026-00888,3637826,0,1.10,
P-1488-98-2026-00001,3636936,0,7.70,
P-8069-98-2026-00004,3609050,13,1.10,
P-3200-90-2026-01903,3638446,0,1.10,
P-1488-90-2026-00349,3638224,0,1.10,
P-4202-90-2026-00330,3637610,0,1.10,
P-4200-90-2026-01213,3637849,0,1.10,
P-2202-90-2026-00567,3638472,0,1.10,
P-2407-90-2026-00623,3637808,0,1.70,
P-3200-90-2026-01856,3637856,0,1.10,
P-2403-90-2026-00495,3638464,0,1.10,
P-1200-92-2026-00166,3638299,0,1.10,
P-4200-90-2026-01299,3639892,0,1.10,
P-3800-90-2026-00775,3639050,0,1.10,
P-9086-91-2026-00087,3638148,0,1.10,
P-1411-90-2026-00585,3640273,0,1.10,
P-3200-91-2026-00140,3639997,0,1.10,
P-4200-90-2026-01255,3638894,0,1.10,
P-2202-91-2026-00151,3639563,0,1.70,
P-1400-90-2026-00241,3639154,0,1.10,
P-3800-90-2026-00779,3639242,0,1.10,
P-2000-90-2026-00435,3639367,0,1.10,
P-1453-90-2026-00050,3638937,0,1.10,
P-3211-90-2026-00640,3639145,0,1.10,
P-1200-90-2026-01631,3639246,0,1.10,
P-1200-90-2026-01633,3639333,0,1.10,
P-2403-90-2026-00508,3639283,0,1.10,
P-4200-90-2026-01294,3639739,0,1.10,
P-3800-90-2026-00776,3639086,0,1.10,
P-1200-90-2026-01630,3639227,0,1.10,
P-3600-90-2026-00561,3639657,0,1.10,
P-4200-90-2026-01289,3639647,0,1.10,
P-2400-90-2026-02546,3639998,0,1.10,
P-2400-90-2026-02509,3639390,0,1.10,
P-1453-90-2026-00051,3639068,0,1.10,
P-2408-90-2026-00425,3638812,0,1.10,
P-4006-90-2026-00435,3640344,0,1.10,
P-3211-91-2026-00352,3639162,0,1.10,
P-2400-90-2026-02484,3638989,0,1.10,
P-1411-91-2026-00070,3638574,0,1.10,
P-4000-90-2026-00920,3638710,0,1.10,
P-2400-90-2026-02468,3638686,0,1.10,
P-8069-96-2026-00002,3607030,48,4.40,
P-4400-90-2026-00476,3639235,0,1.70,
P-3600-90-2026-00543,3638852,0,1.70,
P-2400-90-2026-02501,3639234,0,1.10,
P-2408-90-2026-00436,3639363,0,1.10,
P-2400-92-2026-00327,3638985,0,1.10,
P-3211-90-2026-00654,3640205,0,1.10,
P-4200-90-2026-01310,3640005,0,1.10,
P-1200-90-2026-01645,3639542,0,1.10,
P-3800-90-2026-00793,3639901,0,1.10,
P-1400-90-2026-00246,3640026,0,1.70,
P-1200-90-2026-01646,3639527,0,1.10,
P-1200-91-2026-00361,3639064,0,1.10,
P-3205-90-2026-00251,3639159,0,1.10,
P-2400-90-2026-02503,3639239,0,1.10,
P-2408-90-2026-00423,3638741,0,1.10,
P-4203-90-2026-00391,3639153,0,1.10,
P-4006-92-2026-00146,3638914,0,1.10,
P-3400-90-2026-00322,3638873,0,1.10,
P-4006-90-2026-00430,3640018,0,1.10,
P-3211-90-2026-00643,3639645,0,1.10,
P-2400-92-2026-00349,3639768,0,1.10,
P-2405-90-2026-00155,3639560,0,1.10,
P-1200-90-2026-01635,3639345,0,1.10,
P-9075-90-2026-00178,3640213,0,1.10,
P-4203-90-2026-00393,3639326,0,1.10,
P-3200-90-2026-01995,3639906,0,1.10,
P-9097-90-2026-00150,3639534,0,1.10,
P-1488-90-2026-00370,3640111,0,1.10,
P-2403-90-2026-00513,3639624,0,1.10,
P-1477-90-2026-00216,3640130,0,1.10,
P-2408-90-2026-00439,3639774,0,1.10,
P-1411-90-2026-00576,3639690,0,1.10,
P-3200-90-2026-02014,3640259,0,1.10,
P-1400-90-2026-00242,3639355,0,1.10,
P-9061-91-2026-00580,3640047,0,1.10,
P-9091-90-2026-00086,3639578,0,1.10,
P-4400-90-2026-00489,3640094,0,1.10,
P-3200-90-2026-01976,3639539,0,1.10,
P-2214-90-2026-00180,3640177,0,1.10,
P-2214-90-2026-00177,3639592,0,1.10,
P-3200-90-2026-02021,3640289,0,1.10,
P-3800-90-2026-00792,3639829,0,1.10,
P-3600-90-2026-00542,3638801,0,1.70,
P-3205-90-2026-00250,3638976,0,1.10,
P-3900-90-2026-00099,3638902,0,1.10,
P-2604-90-2026-00260,3639496,0,1.10,
P-2408-92-2026-00190,3640092,0,1.10,
P-1488-90-2026-00354,3639187,0,1.10,
P-9067-90-2026-00022,3640355,0,1.10,
P-2400-90-2026-02518,3639516,0,1.10,
P-2604-90-2026-00259,3639451,0,1.10,
P-1200-90-2026-01628,3639179,0,1.10,
P-4200-90-2026-01302,3639905,0,1.70,
P-3200-90-2026-01975,3639493,0,1.10,
P-2301-90-2026-00225,3640087,0,1.70,
P-1200-90-2026-01701,3640338,0,1.10,
P-4203-90-2026-00382,3638700,0,1.10,
P-2301-90-2026-00216,3638743,0,1.10,
P-4200-90-2026-01249,3638740,0,1.10,
P-2408-90-2026-00442,3640129,0,1.10,
P-9076-90-2026-00140,3639894,0,1.10,
P-2000-90-2026-00434,3639303,0,1.10,
P-2400-90-2026-02551,3640116,0,1.10,
P-3211-90-2026-00651,3639978,0,1.10,
P-4200-90-2026-01280,3639471,0,1.10,
P-4200-90-2026-01246,3638671,0,1.10,
P-8072-90-2026-00082,3639107,0,1.10,
P-1477-90-2026-00211,3639338,0,1.10,
P-1488-90-2026-00371,3640234,0,1.10,
P-1200-91-2026-00377,3640084,0,1.10,
P-1200-90-2026-01618,3638945,0,1.10,
P-2400-90-2026-02470,3638713,0,1.10,
P-2400-90-2026-02504,3639266,0,1.10,
P-1200-90-2026-01694,3640110,0,1.10,
P-1488-90-2026-00360,3639797,0,1.10,
P-1200-90-2026-01685,3640033,0,1.10,
P-3211-90-2026-00649,3639887,0,1.10,
P-1411-90-2026-00569,3639267,0,1.10,
P-4000-90-2026-00917,3638714,0,1.10,
P-3205-90-2026-00249,3638963,0,1.10,
P-9061-91-2026-00570,3639488,0,1.10,
P-2400-90-2026-02555,3640325,0,1.10,
P-1200-91-2026-00373,3639819,0,1.10,
P-3800-90-2026-00787,3639721,0,1.10,
P-3200-90-2026-02002,3639983,0,1.10,
P-3800-90-2026-00799,3639993,0,1.10,
P-2408-90-2026-00441,3640114,0,1.10,
P-2400-90-2026-02633,3641354,0,1.10,
P-3600-90-2026-00577,3640439,0,1.70,
P-4000-90-2026-00960,3640531,0,1.10,
P-9061-91-2026-00620,3640794,0,1.10,
P-2403-90-2026-00537,3641262,0,1.10,
P-2400-90-2026-02663,3641575,0,1.10,
P-3800-90-2026-00816,3640909,0,1.10,
P-1477-90-2026-00223,3640569,0,1.10,
P-1453-90-2026-00058,3641821,0,1.10,
P-2400-90-2026-02665,3641595,0,1.10,
P-3200-90-2026-02065,3641380,0,1.10,
P-2403-90-2026-00544,3641890,0,1.70,
P-2600-90-2026-00319,3640820,0,1.10,
P-9022-92-2026-00014,3641722,0,1.10,
P-9082-93-2026-00002,3641095,0,1.10,
P-3800-90-2026-00804,3640431,0,1.10,
P-9071-90-2026-00071,3641939,0,1.10,
P-1411-90-2026-00591,3640502,0,1.10,
P-3901-90-2026-00107,3641707,0,1.10,
P-4000-90-2026-00970,3640747,0,1.10,
P-1488-91-2026-00362,3640786,0,1.10,
P-2400-90-2026-02581,3640618,0,1.10,
P-3200-90-2026-02047,3640947,0,1.10,
P-9077-90-2026-00157,3641054,0,1.10,
P-4400-90-2026-00497,3640758,0,1.10,
P-4000-90-2026-00980,3641007,0,1.10,
P-1411-90-2026-00592,3640574,0,1.10,
P-2400-90-2026-02596,3640815,0,1.70,
P-2400-90-2026-02589,3640722,0,1.10,
P-1492-90-2026-00168,3640922,0,1.10,
P-1400-90-2026-00257,3641037,0,1.10,
P-2202-90-2026-00619,3641081,0,1.10,
P-3400-97-2025-00002,3263635,6,1.10,
P-4200-90-2026-01346,3641051,0,1.10,
P-4200-90-2026-01336,3640735,0,1.10,
P-2408-90-2026-00446,3640427,0,1.10,
P-9061-91-2026-00604,3640378,0,1.10,
P-3211-90-2026-00658,3640761,0,1.10,
P-3200-90-2026-02033,3640458,0,1.10,
P-4005-90-2026-00200,3640654,0,1.10,
P-9076-90-2026-00144,3640377,0,1.10,
P-1200-90-2026-01719,3640754,0,1.10,
P-2407-90-2026-00668,3640898,0,1.10,
P-2408-90-2026-00445,3640413,0,1.10,
P-2407-92-2026-00441,3640631,0,1.10,
P-4000-90-2026-00992,3641303,0,1.10,
P-1200-90-2026-01726,3641044,0,1.10,
P-3200-90-2026-02064,3641353,0,1.10,
P-1200-90-2026-01747,3641419,0,1.10,
P-1200-90-2026-01725,3641042,0,1.10,
P-2400-90-2026-02618,3641147,0,1.10,
P-2604-90-2026-00277,3641829,0,1.10,
P-9061-91-2026-00602,3640370,0,1.10,
P-2400-90-2026-02654,3641552,0,1.10,
P-2200-90-2026-00614,3641295,0,1.10,
P-1411-90-2026-00603,3641817,0,1.10,
P-3400-90-2026-00346,3640649,0,1.10,
P-1200-90-2026-01664,3639816,0,1.10,
P-2600-90-2026-00327,3641725,0,1.10,
P-3200-90-2026-02090,3641660,0,1.10,
P-4000-92-2026-00124,3641164,0,1.10,
P-2400-90-2026-02635,3641384,0,1.10,
P-1411-90-2026-00604,3641818,0,1.10,
P-2400-92-2026-00357,3640508,0,1.10,
P-9075-90-2026-00187,3640963,0,1.10,
P-1200-91-2026-00379,3640435,0,1.10,
P-3200-90-2026-02042,3640768,0,1.10,
P-2214-90-2026-00181,3640871,0,1.10,
P-2400-90-2026-02583,3640647,0,1.10,
P-1411-91-2026-00076,3640479,0,1.10,
P-3200-90-2026-02109,3641910,0,1.10,
P-2400-90-2026-02636,3641387,0,1.10,
P-1200-90-2026-01708,3640522,0,1.10,
P-3800-91-2026-00065,3641069,0,1.10,
P-2400-90-2026-02647,3641449,0,1.10,
P-8000-91-2026-00143,3641104,0,1.70,
P-3600-90-2026-00605,3641688,0,1.70,
P-2400-90-2026-02659,3641541,0,1.10,
P-2400-90-2026-02569,3640483,0,1.10,
P-3800-90-2026-00807,3640640,0,1.10,
P-2600-90-2026-00324,3641115,0,1.10,
P-1200-90-2026-01767,3641668,0,1.10,
P-1400-92-2026-00187,3640366,0,1.10,
P-3200-90-2026-02104,3641896,0,1.10,
P-3205-90-2026-00263,3641204,0,1.10,
P-3900-90-2026-00104,3640543,0,1.10,
P-2403-90-2026-00533,3640807,0,1.10,
P-4203-90-2026-00407,3640886,0,1.10,
P-3200-90-2026-02066,3641397,0,1.10,
P-3200-90-2026-02099,3641809,0,1.10,
P-4006-90-2026-00446,3641230,0,1.10,
P-9061-91-2026-00637,3641257,0,1.10,
P-9075-90-2026-00190,3641514,0,1.10,
P-4006-90-2026-00447,3641249,0,1.10,
P-2604-90-2026-00276,3641639,0,1.10,
P-4000-90-2026-00986,3641149,0,1.10,
P-3800-90-2026-00825,3641283,0,1.10,
P-2400-90-2026-02683,3641754,0,1.10,
P-2400-90-2026-02679,3641697,0,1.10,
P-2400-90-2026-02616,3641127,0,1.10,
P-4400-90-2026-00501,3641236,0,1.10,
P-4200-90-2026-01362,3641394,0,1.10,
P-2400-91-2026-00256,3641361,0,1.10,
P-1488-91-2026-00365,3641034,0,1.10,
P-2406-90-2026-00111,3641320,0,1.10,
P-1474-91-2026-00058,3641421,0,1.70,
P-3200-90-2026-02095,3641749,0,1.10,
P-3205-90-2026-00264,3641431,0,1.10,
P-4006-90-2026-00450,3641456,0,1.10,
P-3800-90-2026-00815,3640888,0,1.10,
P-3211-90-2026-00672,3641800,0,1.10,
P-1453-90-2026-00059,3641874,0,1.10,
P-2400-90-2026-02657,3641535,0,1.70,
P-4200-90-2026-01375,3641693,0,1.10,
P-3200-90-2026-02072,3641538,0,1.10,
P-1411-90-2026-00599,3641317,0,1.10,
P-1200-90-2026-01801,3642455,0,1.10,
P-4000-90-2026-01018,3642190,0,1.10,
P-9091-90-2026-00105,3642798,0,1.10,
P-4400-90-2026-00513,3642393,0,1.10,
P-1488-90-2026-00388,3642286,0,1.70,
P-2202-90-2026-00656,3643202,0,1.10,
P-2000-90-2026-00474,3643365,0,1.10,
P-3211-90-2026-00698,3643494,0,1.10,
P-1200-90-2026-01824,3642955,0,1.10,
P-9068-91-2026-00086,3642474,0,1.10,
P-3200-90-2026-02208,3643400,0,1.10,
P-4006-91-2026-00561,3642508,0,1.10,
P-2400-90-2026-02734,3642548,0,1.10,
P-3205-90-2026-00268,3642101,0,1.10,
P-3200-90-2026-02228,3643540,0,1.10,
P-3400-90-2026-00391,3643350,0,1.10,
P-9086-91-2026-00092,3642353,0,1.10,
P-2400-90-2026-02702,3642028,0,1.10,
P-2408-91-2026-00034,3642686,0,1.10,
P-2400-90-2026-02774,3643178,0,1.10,
P-4000-90-2026-01038,3642817,0,1.10,
P-9076-90-2026-00155,3642178,0,1.10,
P-2200-90-2026-00625,3642436,0,1.10,
P-4200-90-2026-01420,3642631,0,1.10,
P-1200-91-2026-00402,3642586,0,1.10,
P-3800-90-2026-00835,3642107,0,1.10,
P-9068-90-2026-00119,3643459,0,1.10,
P-2407-90-2026-00703,3642946,0,1.10,
P-2403-90-2026-00558,3643572,0,1.10,
P-3200-90-2026-02198,3643352,0,1.10,
P-4200-90-2026-01451,3643453,0,1.10,
P-8035-91-2026-00116,3643180,0,1.10,
P-4400-90-2026-00528,3643256,0,1.10,
P-3200-90-2026-02142,3642459,0,1.10,
P-2400-90-2026-02754,3642868,0,1.10,
P-2403-90-2026-00552,3642612,0,1.10,
P-1200-90-2026-01795,3642364,0,1.10,
P-3211-90-2026-00691,3643054,0,1.10,
P-3603-90-2026-00195,3642271,0,1.70,
P-4000-90-2026-01023,3642379,0,1.10,
P-9082-90-2026-00084,3643153,0,1.10,
P-1492-90-2026-00181,3642386,0,1.10,
P-4000-90-2026-01014,3642042,0,1.10,
P-4200-90-2026-01405,3642305,0,1.10,
P-1200-90-2026-01782,3642120,0,1.10,
P-1200-90-2026-01836,3643094,0,1.10,
P-9076-90-2026-00156,3642226,0,1.10,
P-3200-90-2026-02148,3642571,0,1.10,
P-2408-90-2026-00470,3642348,0,1.10,
P-2200-90-2026-00626,3642482,0,1.10,
P-2000-90-2026-00467,3642500,0,1.10,
P-9075-90-2026-00192,3642166,0,1.10,
P-1488-90-2026-00390,3642322,0,1.70,
P-3211-90-2026-00686,3642731,0,1.10,
P-3200-90-2026-02140,3642368,0,1.10,
P-4200-90-2026-01399,3642117,0,1.10,
P-3800-90-2026-00853,3642601,0,1.10,
P-1200-91-2026-00406,3643060,0,1.10,
P-9075-90-2026-00196,3642569,0,1.10,
P-3603-90-2026-00202,3642697,0,1.10,
P-2400-90-2026-02738,3642651,0,1.10,
P-2400-90-2026-02773,3643148,0,1.10,
P-2600-90-2026-00336,3643162,0,1.10,
P-2400-90-2026-02784,3643258,0,1.10,
P-4200-90-2026-01446,3643288,0,1.10,
P-1200-90-2026-01818,3642847,0,1.10,
P-4000-90-2026-01036,3642752,0,1.10,
P-4005-90-2026-00209,3642899,0,1.10,
P-9078-90-2026-00036,3642824,0,1.10,
P-2400-90-2026-02786,3643274,0,1.70,
P-2400-90-2026-02750,3642854,0,1.10,
P-2604-90-2026-00281,3642153,0,1.10,
P-9076-90-2026-00158,3642418,0,1.10,
P-4400-90-2026-00520,3642795,0,1.10,
P-2400-90-2026-02724,3642465,0,1.10,
P-2407-90-2026-00691,3642426,0,1.10,
P-4200-90-2026-01436,3643005,0,1.10,
P-8000-90-2026-00196,3643259,0,1.70,
P-4200-90-2026-01444,3643280,0,1.10,
P-3200-90-2026-02207,3643393,0,1.10,
P-1200-90-2026-01821,3642914,0,1.10,
P-4400-90-2026-00529,3643322,0,1.10,
P-3200-91-2026-00159,3642256,0,1.10,
P-3800-90-2026-00844,3642355,0,1.10,
P-3600-90-2026-00614,3642214,0,1.70,
P-2403-90-2026-00551,3642584,0,1.10,
P-1411-90-2026-00617,3642445,0,1.10,
P-2407-90-2026-00690,3642387,0,1.10,
P-4200-90-2026-01431,3642977,0,1.10,
P-4000-90-2026-01042,3643011,0,1.10,
P-2202-90-2026-00657,3643270,0,1.10,
P-2214-90-2026-00187,3642223,0,1.10,
P-2400-90-2026-02731,3642516,0,1.10,
P-1200-90-2026-01858,3643416,0,1.10,
P-9075-90-2026-00198,3643298,0,1.10,
P-2400-90-2026-02722,3642406,0,1.10,
P-2408-90-2026-00472,3642403,0,1.10,
P-3800-90-2026-00871,3643333,0,1.10,
P-3600-90-2026-00612,3642133,0,1.70,
P-2408-90-2026-00479,3642927,0,1.10,
P-3200-90-2026-02119,3642102,0,1.10,
P-3200-90-2026-02218,3643464,0,1.10,
P-2400-90-2026-02747,3642809,0,1.10,
P-3800-90-2026-00868,3643031,0,1.10,
P-2202-90-2026-00663,3643655,0,1.70,
P-9093-91-2026-00040,3643657,0,1.10,
P-2202-90-2026-00666,3643701,0,1.10,
P-9077-90-2026-00173,3643778,0,1.10,
P-2400-90-2026-02815,3643693,0,1.10,
P-9077-90-2026-00172,3643797,0,1.10,
P-4200-90-2026-01457,3643711,0,1.10,
P-2400-90-2026-02811,3643680,0,1.10,
P-4202-90-2026-00361,3643597,0,1.10,
P-9086-90-2026-00282,3643675,0,1.10,
P-9075-90-2026-00205,3643704,0,1.10,
P-3211-90-2026-00722,3643710,0,1.10,
P-9077-90-2026-00168,3643764,0,1.10,
P-1411-90-2026-00638,3643700,0,1.10,
P-4200-90-2026-01466,3643902,0,1.10,
P-9075-90-2026-00208,3643876,0,1.10,
P-9075-90-2026-00209,3644072,0,1.10,
P-2403-90-2026-00566,3644063,0,1.10,
P-3211-90-2026-00728,3643917,0,1.10,
P-9082-90-2026-00088,3643893,0,1.10,
P-4200-90-2026-01480,3644062,0,1.10,
P-2202-90-2026-00680,3643904,0,1.10,
P-8035-90-2026-00098,3643782,0,1.10,
P-2409-90-2026-00109,3644046,0,1.10,
P-3211-90-2026-00732,3644050,0,1.10,
P-9071-90-2026-00080,3644090,0,1.10,
P-2604-90-2026-00297,3643890,0,1.10,
P-4200-90-2026-01469,3643947,0,1.10,
P-2202-90-2026-00675,3643856,0,1.70,
P-9071-90-2026-00078,3643967,0,1.10,
P-2400-90-2026-02850,3644177,0,1.10,
P-2202-90-2026-00677,3643851,0,1.10,
P-2400-90-2026-02828,3643791,0,1.10,
P-1452-90-2026-00173,3643937,0,1.10,
P-2400-90-2026-02837,3643952,0,1.10,
P-3603-90-2026-00211,3644163,0,1.10,
P-2408-90-2026-00495,3643829,0,1.10,
P-3211-90-2026-00734,3644079,0,1.10,
P-9086-90-2026-00286,3643788,0,1.10,
P-2400-90-2026-02836,3643927,0,1.10,
P-9061-90-2026-00339,3643880,0,1.10,
P-4200-90-2026-01476,3643996,0,1.10,
P-3603-90-2026-00208,3643924,0,1.10,
P-9071-91-2026-00010,3643969,0,1.10,
P-9061-91-2026-00060,3608136,0,1.10,
P-9070-90-2026-00008,3609523,0,1.10,
P-3600-90-2026-00073,3608490,0,1.70,
P-2600-90-2026-00039,3608549,0,1.10,
P-9093-90-2026-00005,3608920,0,1.10,
P-2405-90-2026-00011,3608275,0,1.10,
P-2400-90-2026-00345,3608864,0,1.10,
P-1200-90-2026-00240,3609536,0,1.10,
P-9086-90-2026-00031,3609082,0,1.10,
P-2408-90-2026-00047,3608573,0,1.10,
P-1200-90-2026-00241,3609539,0,1.10,
P-4006-91-2026-00068,3608839,0,1.70,
P-4200-90-2026-00184,3609125,0,1.10,
P-4005-90-2026-00030,3609073,0,1.10,
P-1492-90-2026-00013,3608886,0,1.10,
P-4200-90-2026-00177,3609017,0,1.10,
P-1400-90-2026-00018,3609272,0,1.70,
P-2403-90-2026-00048,3608316,0,1.10,
P-3600-90-2026-00071,3608447,0,1.70,
P-3200-90-2026-00341,3608939,0,1.10,
P-4006-91-2026-00055,3608175,0,1.10,
P-1411-90-2026-00052,3608724,0,1.10,
P-2400-90-2026-00322,3608446,0,1.10,
P-1200-90-2026-00180,3608461,0,1.10,
P-9068-90-2026-00014,3609368,0,1.10,
P-2000-90-2026-00043,3608426,0,1.10,
P-2000-90-2026-00055,3609285,0,1.10,
P-4006-91-2026-00067,3608812,0,1.10,
P-1400-90-2026-00006,3608111,0,1.10,
P-1000-96-2026-00003,3599928,0,18.70,
P-2600-90-2026-00046,3608860,0,1.10,
P-1200-90-2026-00176,3608360,0,1.10,
P-8065-98-2026-00001,3602605,0,4.40,
P-3800-90-2026-00095,3608375,0,1.10,
P-4000-90-2026-00141,3608818,0,1.10,
P-4200-90-2026-00193,3609301,0,1.10,
P-2604-90-2026-00020,3608855,0,1.10,
P-1411-92-2026-00018,3608984,0,1.10,
P-2405-90-2026-00020,3609404,0,1.10,
P-3200-90-2026-00340,3608870,0,1.10,
P-4000-90-2026-00154,3609087,0,1.10,
P-1452-90-2026-00018,3608209,0,1.10,
P-1411-90-2026-00045,3608401,0,1.10,
P-2405-90-2026-00016,3608707,0,1.10,
P-1488-90-2026-00050,3609182,0,1.10,
P-2400-90-2026-00369,3609190,0,1.10,
P-4200-90-2026-00162,3608529,0,1.10,
P-1200-90-2026-00221,3609195,0,1.10,
P-3200-90-2026-00345,3609048,0,1.10,
P-3200-90-2026-00292,3608479,0,1.10,
P-3200-90-2026-00299,3608642,0,1.10,
P-4203-90-2026-00039,3608906,0,1.10,
P-4200-90-2026-00169,3608761,0,1.10,
P-1200-90-2026-00209,3609126,0,1.10,
P-3600-90-2026-00068,3608284,0,1.70,
P-4400-90-2026-00050,3608252,0,1.10,
P-9075-90-2026-00016,3608834,0,1.10,
P-2406-90-2026-00016,3608931,0,1.10,
P-1200-90-2026-00179,3608421,0,1.10,
P-2604-92-2026-00011,3608310,0,1.10,
P-8000-96-2025-00004,3537951,5,3.30,
P-4400-90-2026-00051,3608320,0,1.10,
P-3800-90-2026-00120,3609273,0,1.10,
P-2200-90-2026-00065,3609244,0,1.10,
P-1200-90-2026-00234,3609305,0,1.10,
P-3205-90-2026-00028,3609046,0,1.10,
P-2400-90-2026-00311,3608377,0,1.10,
P-2400-90-2026-00302,3608207,0,1.10,
P-2403-92-2026-00021,3608337,0,1.10,
P-8069-96-2026-00002,3607030,0,24.20,
P-9093-90-2026-00008,3609535,0,1.10,
P-3200-90-2026-00349,3609145,0,1.10,
P-2403-90-2026-00065,3609501,0,1.10,
P-4200-90-2026-00189,3609252,0,1.10,
P-2405-90-2026-00013,3608356,0,1.10,
P-9061-90-2026-00041,3608661,0,1.10,
P-9093-91-2026-00006,3608105,0,1.10,
P-2400-90-2026-00298,3608137,0,1.10,
P-3200-90-2026-00342,3608945,0,1.10,
P-9102-90-2025-00325,3608098,0,1.10,
P-9068-91-2026-00015,3608321,0,1.10,
P-4203-90-2026-00032,3608543,0,1.10,
P-4200-90-2026-00148,3608164,0,1.70,
P-4000-90-2026-00120,3608355,0,1.10,
P-3600-90-2026-00072,3608469,0,1.70,
P-1200-91-2026-00059,3609141,0,1.10,
P-2408-90-2026-00043,3608378,0,1.10,
P-1200-90-2026-00173,3608244,0,1.10,
P-2214-90-2026-00028,3608330,0,1.10,
P-4000-90-2026-00143,3608809,0,1.10,
P-2000-90-2026-00051,3608857,0,1.10,
P-4400-90-2026-00053,3608645,0,1.10,
P-1200-90-2026-00210,3609130,0,1.10,
P-3211-90-2026-00072,3609108,0,1.10,
P-2403-90-2026-00054,3608664,0,1.10,
P-3200-90-2026-00343,3608982,0,1.10,
P-3600-90-2026-00079,3608811,0,1.70,
P-4000-90-2026-00151,3609007,0,1.10,
P-1411-90-2026-00061,3609093,0,1.10,
P-4200-90-2026-00157,3608295,0,1.70,
P-3800-90-2026-00093,3608315,0,1.10,
P-2408-90-2026-00049,3608623,0,1.10,
P-8061-91-2026-00003,3609290,0,1.10,
P-2600-90-2026-00038,3608468,0,1.10,
P-2400-90-2026-00364,3609117,0,1.10,
P-8000-91-2026-00025,3608161,0,1.10,
P-3800-90-2026-00119,3609243,0,1.10,
P-2403-91-2026-00021,3609391,0,1.10,
P-3200-90-2026-00339,3608808,0,1.10,
P-9075-90-2026-00015,3608788,0,1.10,
P-2202-90-2026-00058,3609129,0,1.10,
P-9068-90-2026-00018,3609654,0,1.10,
P-3800-90-2026-00126,3609559,0,1.10,
P-9061-90-2026-00044,3609579,0,1.10,
P-2400-90-2026-00390,3609619,0,1.10,
P-2202-90-2026-00074,3609625,0,1.10,
P-3800-90-2026-00129,3609645,0,1.10,
P-9077-90-2026-00013,3609678,0,1.10,
P-2604-91-2026-00004,3609604,0,1.10,
P-2400-90-2026-00380,3609524,0,1.10,
P-4202-90-2026-00073,3609765,0,1.70,
P-1411-90-2026-00086,3609939,0,1.10,
P-3603-90-2026-00023,3609810,0,1.70,
P-2403-90-2026-00072,3609703,0,1.10,
P-3211-90-2026-00086,3609697,0,1.10,
P-4006-90-2026-00025,3609795,0,1.10,
P-2202-90-2026-00091,3609857,0,1.10,
P-1411-90-2026-00087,3609928,0,1.10,
P-2407-90-2026-00092,3609881,0,1.70,
P-2400-90-2026-00428,3609989,0,1.10,
P-3211-90-2026-00089,3609806,0,1.10,
P-2400-90-2026-00406,3609837,0,1.10,
P-2202-90-2026-00088,3609805,0,1.10,
P-9086-90-2026-00039,3609897,0,1.10,
P-9086-90-2026-00043,3609910,0,1.10,
P-2405-90-2026-00023,3609723,0,1.10,
P-2403-90-2026-00085,3609962,0,1.10,
P-2408-90-2026-00060,3609758,0,1.10,
P-1474-90-2026-00023,3609963,0,1.10,
P-9075-91-2026-00023,3609964,0,1.10,
P-2400-90-2026-00392,3609662,0,1.10,
P-2403-90-2026-00067,3609684,0,1.10,
P-2400-90-2026-00393,3609663,0,1.10,
P-1411-90-2026-00077,3609717,0,1.10,
P-1411-90-2026-00078,3609718,0,1.10,
P-2403-90-2026-00086,3609980,0,1.10,
P-1400-90-2026-00035,3609877,0,1.10,
P-2405-90-2026-00024,3609769,0,1.10,
P-9071-90-2026-00007,3609798,0,1.10,
P-2400-90-2026-00391,3609681,0,1.10,
P-9076-90-2026-00015,3609845,0,1.10,
P-9075-90-2026-00019,3609802,0,1.10,
P-1492-90-2026-00018,3610007,0,1.10,
P-4200-90-2026-00202,3610198,0,1.10,
P-3200-90-2026-00434,3611117,0,1.10,
P-3800-90-2026-00144,3610403,0,1.10,
P-3900-90-2026-00011,3610487,0,1.70,
P-2400-90-2026-00441,3610082,0,1.10,
P-3901-90-2026-00011,3610535,0,1.10,
P-4200-90-2026-00229,3610895,0,1.10,
P-3211-90-2026-00115,3611225,0,1.10,
P-2400-90-2026-00467,3610750,0,1.10,
P-1200-91-2026-00077,3611181,0,1.10,
P-2600-90-2026-00062,3611330,0,1.10,
P-2200-90-2026-00086,3611355,0,1.10,
P-2000-90-2026-00075,3611198,0,1.10,
P-1200-92-2026-00025,3610339,0,1.10,
P-9061-91-2026-00095,3610073,0,1.10,
P-2408-90-2026-00072,3610284,0,1.10,
P-4000-90-2026-00182,3610462,0,1.10,
P-9061-91-2026-00086,3610063,0,1.10,
P-3211-90-2026-00104,3610593,0,1.10,
P-2200-90-2026-00073,3610179,0,1.10,
P-2408-90-2026-00069,3610177,0,1.10,
P-1200-90-2026-00256,3610466,0,1.10,
P-3211-90-2026-00109,3610946,0,1.10,
P-1488-90-2026-00075,3610915,0,1.10,
P-1200-90-2026-00275,3610934,0,1.10,
P-9061-90-2026-00053,3611020,0,1.10,
P-4200-91-2026-00015,3610684,0,1.10,
P-3211-90-2026-00114,3611168,0,1.10,
P-2200-92-2026-00044,3611303,0,1.10,
P-4000-90-2026-00199,3611046,0,1.10,
P-1200-90-2026-00295,3611246,0,1.10,
P-4000-90-2026-00203,3611118,0,1.10,
P-2600-90-2026-00055,3610277,0,1.10,
P-4200-90-2026-00212,3610394,0,1.10,
P-2403-90-2026-00095,3610563,0,1.10,
P-4000-90-2026-00207,3611271,0,1.10,
P-2301-90-2026-00025,3610673,0,1.70,
P-9091-90-2026-00019,3610210,0,1.10,
P-9061-91-2026-00107,3610458,0,1.10,
P-4203-90-2026-00061,3610734,0,1.10,
P-2408-90-2026-00068,3610175,0,1.10,
P-3205-92-2026-00025,3610404,0,1.10,
P-8000-91-2026-00035,3610601,0,1.10,
P-2407-90-2026-00103,3611324,0,1.70,
P-2408-90-2026-00091,3611311,0,1.10,
P-3200-90-2026-00426,3611040,0,1.10,
P-1200-90-2026-00285,3611105,0,1.10,
P-3211-90-2026-00118,3611339,0,1.10,
P-3200-90-2026-00495,3611856,0,1.10,
P-3901-90-2026-00012,3610585,0,1.10,
P-2202-90-2026-00113,3611863,0,1.10,
P-3200-90-2026-00451,3611450,0,1.10,
P-3800-90-2026-00171,3611569,0,1.10,
P-2406-90-2026-00026,3611805,0,1.10,
P-2403-90-2026-00091,3610303,0,1.10,
P-8000-90-2026-00040,3611461,0,1.70,
P-2400-90-2026-00519,3611680,0,1.10,
P-1488-91-2026-00063,3610854,0,1.10,
P-1488-90-2026-00077,3611365,0,1.10,
P-3800-90-2026-00176,3611708,0,1.10,
P-3200-90-2026-00390,3610591,0,1.10,
P-8072-90-2026-00012,3610287,0,1.10,
P-3200-90-2026-00419,3610978,0,1.10,
P-2400-90-2026-00534,3611886,0,1.10,
P-9102-90-2026-00003,3610053,0,1.10,
P-9070-90-2026-00010,3609988,0,1.10,
P-3200-90-2026-00474,3611593,0,1.10,
P-2202-90-2026-00095,3610042,0,1.10,
P-2400-90-2026-00525,3611815,0,1.10,
P-2604-91-2026-00005,3610126,0,1.10,
P-3900-90-2026-00016,3611638,0,1.70,
P-4000-90-2026-00200,3611077,0,1.10,
P-1200-90-2026-00318,3611544,0,1.10,
P-3211-90-2026-00101,3610401,0,1.10,
P-1200-90-2026-00242,3610072,0,1.10,
P-2400-90-2026-00457,3610452,0,1.10,
P-9077-90-2026-00019,3611258,0,1.10,
P-3200-90-2026-00480,3611698,0,1.10,
P-2409-91-2026-00002,3611511,0,1.10,
P-4200-90-2026-00206,3610316,0,1.10,
P-1411-90-2026-00099,3610465,0,1.10,
P-3200-90-2026-00453,3611488,0,1.70,
P-3205-91-2026-00019,3610473,0,1.10,
P-2600-90-2026-00054,3610108,0,1.10,
P-1200-90-2026-00279,3610986,0,1.10,
P-2406-90-2026-00023,3610991,0,1.10,
P-3200-90-2026-00439,3611216,0,1.10,
P-3211-90-2026-00102,3610429,0,1.10,
P-2200-90-2026-00088,3611566,0,1.10,
P-9075-90-2026-00027,3611852,0,1.10,
P-2214-90-2026-00043,3611822,0,1.10,
P-1200-90-2026-00287,3611159,0,1.10,
P-3200-90-2026-00436,3611130,0,1.10,
P-2408-90-2026-00077,3610549,0,1.10,
P-2403-90-2026-00103,3610945,0,1.10,
P-9086-90-2026-00062,3611175,0,1.10,
P-3200-90-2026-00476,3611608,0,1.10,
P-2400-90-2026-00520,3611745,0,1.10,
P-4005-90-2026-00038,3611149,0,1.10,
P-3800-90-2026-00149,3610572,0,1.10,
P-9061-91-2026-00108,3610463,0,1.10,
P-9076-90-2026-00021,3611509,0,1.10,
P-4400-90-2026-00089,3611439,0,1.10,
P-4200-90-2026-00200,3610128,0,1.10,
P-4202-90-2026-00094,3611543,0,1.10,
P-9075-92-2026-00013,3611166,0,1.10,
P-2400-91-2026-00055,3610438,0,1.10,
P-2400-90-2026-00507,3611406,0,1.10,
P-2200-90-2026-00076,3610265,0,1.10,
P-4202-91-2026-00021,3610557,0,1.10,
P-3800-90-2026-00167,3611402,0,1.10,
P-1200-91-2026-00067,3610325,0,1.10,
P-1200-90-2026-00277,3610962,0,1.10,
P-2202-90-2026-00101,3611018,0,1.10,
P-2400-90-2026-00529,3611881,0,1.10,
P-1200-90-2026-00286,3611086,0,1.10,
P-3603-90-2026-00030,3611887,0,1.10,
P-3200-91-2026-00041,3611309,0,1.10,
P-4000-90-2026-00210,3611336,0,1.10,
P-3800-90-2026-00147,3610537,0,1.10,
P-2403-90-2026-00088,3610169,0,1.10,
P-3600-90-2026-00091,3610342,0,1.70,
P-2400-90-2026-00515,3611652,0,1.10,
P-8030-91-2026-00001,3610922,0,1.10,
P-2202-90-2026-00112,3611872,0,1.10,
P-9086-90-2026-00057,3610605,0,1.10,
P-1488-90-2026-00076,3610921,0,1.10,
P-3800-90-2026-00177,3611716,0,1.10,
P-1200-90-2026-00324,3611628,0,1.10,
P-3205-90-2026-00035,3610136,0,1.10,
P-4200-90-2026-00210,3610335,0,1.10,
P-2400-90-2026-00449,3610262,0,1.10,
P-3200-90-2026-00418,3610943,0,1.10,
P-2200-90-2026-00075,3610228,0,1.10,
P-2403-90-2026-00108,3611206,0,1.10,
P-1488-90-2026-00089,3611826,0,1.10,
P-3800-90-2026-00148,3610554,0,1.10,
P-2200-90-2026-00081,3610702,0,1.10,
P-4006-90-2026-00042,3611612,0,1.10,
P-3200-90-2026-00472,3611570,0,1.10,
P-1452-90-2026-00035,3611699,0,1.10,
P-4200-90-2026-00245,3611518,0,1.70,
P-2400-90-2026-00524,3611787,0,1.10,
P-4203-90-2026-00069,3611103,0,1.10,
P-3205-90-2026-00054,3613399,0,1.10,
P-3211-90-2026-00158,3613407,0,1.10,
P-3211-90-2026-00163,3613496,0,1.10,
P-3603-90-2026-00032,3611988,0,1.10,
P-3603-90-2026-00033,3612112,0,1.10,
P-1488-90-2026-00102,3612631,0,1.10,
P-2405-90-2026-00035,3612793,0,1.10,
P-3200-90-2026-00546,3612940,0,1.10,
P-3200-90-2026-00561,3613163,0,1.10,
P-1452-90-2026-00042,3613290,0,1.10,
P-4202-90-2026-00105,3612528,0,1.10,
P-2200-90-2026-00090,3611974,0,1.10,
P-2406-90-2026-00027,3612002,0,1.10,
P-1200-91-2026-00080,3611386,0,1.10,
P-9075-90-2026-00029,3613018,0,1.10,
P-3200-90-2026-00581,3613317,0,1.10,
P-3901-90-2026-00016,3612373,0,1.10,
P-2403-92-2026-00050,3612913,0,1.10,
P-3211-90-2026-00141,3612595,0,1.10,
P-1452-90-2026-00037,3611913,0,1.10,
P-4000-90-2026-00253,3612991,0,1.10,
P-2400-90-2026-00629,3613303,0,1.10,
P-3600-90-2026-00128,3613243,0,1.70,
P-2604-90-2026-00053,3612657,0,1.10,
P-4203-90-2026-00082,3612249,0,1.10,
P-3600-90-2026-00124,3612809,0,1.10,
P-9061-90-2026-00069,3613209,0,1.10,
P-8000-91-2026-00047,3612601,0,1.10,
P-3901-90-2026-00018,3612799,0,1.10,
P-1200-90-2026-00380,3613010,0,1.10,
P-4203-90-2026-00077,3612009,0,1.10,
P-9061-91-2026-00125,3612715,0,1.10,
P-4000-90-2026-00242,3612677,0,1.10,
P-2400-90-2026-00557,3612227,0,1.10,
P-3211-91-2026-00137,3613114,0,1.10,
P-2400-90-2026-00610,3613040,0,1.10,
P-3400-90-2026-00093,3612225,0,1.70,
P-9093-90-2026-00012,3612839,0,1.10,
P-9093-90-2026-00013,3612867,0,1.10,
P-2403-90-2026-00122,3612749,0,1.10,
P-4000-90-2026-00257,3613279,0,1.10,
P-1488-91-2026-00079,3612555,0,1.10,
P-2400-90-2026-00598,3612895,0,1.10,
P-4203-90-2026-00083,3612419,0,1.10,
P-3211-90-2026-00143,3612768,0,1.10,
P-1200-90-2026-00351,3612374,0,1.10,
P-2604-90-2026-00056,3613120,0,1.10,
P-1200-90-2026-00339,3612045,0,1.10,
P-4200-90-2026-00267,3612386,0,1.10,
P-9097-90-2026-00016,3612184,0,1.10,
P-2400-92-2026-00097,3612376,0,1.70,
P-1200-90-2026-00347,3612294,0,1.10,
P-2200-90-2026-00094,3612102,0,1.10,
P-2400-90-2026-00538,3611942,0,1.10,
P-3800-90-2026-00185,3612223,0,1.10,
P-8072-90-2026-00018,3612216,0,1.10,
P-4000-90-2026-00235,3612515,0,1.10,
P-2214-90-2026-00044,3612235,0,1.10,
P-3200-90-2026-00519,3612351,0,1.10,
P-1488-90-2026-00097,3612155,0,1.10,
P-1200-90-2026-00330,3611933,0,1.10,
P-2400-92-2026-00096,3612360,0,1.70,
P-8000-91-2026-00046,3612217,0,1.10,
P-2400-90-2026-00530,3611883,0,1.10,
P-8069-98-2026-00004,3609050,1,1.10,
P-9097-90-2026-00020,3612667,0,1.10,
P-2400-90-2026-00574,3612510,0,1.10,
P-3800-91-2026-00024,3612609,0,1.10,
P-3200-90-2026-00500,3612016,0,1.10,
P-1400-90-2026-00054,3612689,0,1.10,
P-2200-90-2026-00104,3612338,0,1.10,
P-2403-90-2026-00121,3612738,0,1.10,
P-1492-90-2026-00035,3613311,0,1.10,
P-1474-91-2026-00016,3613409,0,1.70,
P-1200-90-2026-00388,3613173,0,1.10,
P-2400-90-2026-00605,3612968,0,1.10,
P-4005-90-2026-00046,3612838,0,1.10,
P-2202-90-2026-00134,3613427,0,1.10,
P-1477-90-2026-00041,3612418,0,1.10,
P-2408-90-2026-00097,3612033,0,1.10,
P-4006-90-2026-00054,3612699,0,1.10,
P-1200-90-2026-00349,3612335,0,1.10,
P-3603-90-2026-00037,3612804,0,1.10,
P-2604-91-2026-00007,3612465,0,1.10,
P-4203-92-2026-00020,3612735,0,1.10,
P-2600-90-2026-00075,3612970,0,1.10,
P-2400-90-2026-00556,3612203,0,1.10,
P-2400-90-2026-00612,3613067,0,1.10,
P-2400-90-2026-00606,3612988,0,1.10,
P-4005-90-2026-00044,3612450,0,1.10,
P-3200-90-2026-00588,3613404,0,1.10,
P-2408-90-2026-00106,3613376,0,1.10,
P-1200-90-2026-00383,3613107,0,1.10,
P-3200-90-2026-00554,3613028,0,1.10,
P-4203-90-2026-00090,3613124,0,1.10,
P-1411-90-2026-00135,3613380,0,1.10,
P-3211-90-2026-00147,3613012,0,1.10,
P-2301-90-2026-00035,3612008,0,1.70,
P-4400-90-2026-00121,3612645,0,1.10,
P-3800-90-2026-00213,3613609,0,1.10,
P-9061-91-2026-00145,3614339,0,1.10,
P-2000-90-2026-00113,3613704,0,1.10,
P-9093-98-2025-00002,3272334,11,1.10,
P-2600-90-2026-00105,3614790,0,1.10,
P-2405-90-2026-00040,3614883,0,1.10,
P-9086-90-2026-00091,3614345,0,1.10,
P-4000-90-2026-00288,3614291,0,1.10,
P-1488-90-2026-00127,3614754,0,1.10,
P-1474-90-2026-00043,3614844,0,1.10,
P-2400-90-2026-00722,3614714,0,1.10,
P-9070-90-2026-00029,3614022,0,1.10,
P-3400-90-2026-00116,3613618,0,1.70,
P-3211-92-2026-00068,3614924,0,1.10,
P-2400-90-2026-00710,3614583,0,1.10,
P-3211-90-2026-00172,3614116,0,1.10,
P-4200-90-2026-00304,3613627,0,1.10,
P-1477-90-2026-00051,3613679,0,1.10,
P-1000-98-2025-00045,3477449,6,1.10,
P-3400-90-2026-00125,3614603,0,1.70,
P-9086-90-2026-00090,3614353,0,1.10,
P-4200-90-2026-00341,3614830,0,1.10,
P-3900-90-2026-00029,3614489,0,1.10,
P-2301-90-2026-00056,3614691,0,1.70,
P-1200-90-2026-00459,3614582,0,1.10,
P-2403-92-2026-00056,3614071,0,1.10,
P-9061-90-2026-00077,3614519,0,1.10,
P-4005-90-2026-00055,3614898,0,1.10,
P-3200-90-2026-00598,3613593,0,1.10,
P-3400-90-2026-00123,3614340,0,1.70,
P-4000-90-2026-00276,3614006,0,1.10,
P-2400-90-2026-00661,3613760,0,1.10,
P-2200-90-2026-00139,3614261,0,1.10,
P-9061-91-2026-00140,3613947,0,1.10,
P-2600-90-2026-00099,3614374,0,1.10,
P-8069-98-2026-00004,3609050,2,3.30,
P-2400-90-2026-00724,3614752,0,1.10,
P-2409-90-2026-00025,3614910,0,1.10,
P-2400-90-2026-00712,3614594,0,1.10,
P-1200-90-2026-00425,3614062,0,1.10,
P-2408-90-2026-00115,3614912,0,1.10,
P-1400-90-2026-00065,3614961,0,1.10,
P-1200-90-2026-00419,3613966,0,1.10,
P-2202-90-2026-00142,3614044,0,1.10,
P-3600-90-2026-00135,3613979,0,1.70,
P-1400-90-2026-00062,3614493,0,1.10,
P-4200-90-2026-00334,3614731,0,1.10,
P-3211-91-2026-00150,3614803,0,1.10,
P-1488-90-2026-00123,3614510,0,1.10,
P-8050-90-2026-00001,3614269,0,1.10,
P-3211-90-2026-00195,3614871,0,1.10,
P-4200-90-2026-00311,3613934,0,1.10,
P-4006-92-2026-00048,3614168,0,1.10,
P-2403-90-2026-00128,3614003,0,1.10,
P-2400-90-2026-00718,3614672,0,1.10,
P-4000-90-2026-00291,3614451,0,1.10,
P-2200-90-2026-00140,3614280,0,1.10,
P-2301-90-2026-00055,3614388,0,1.10,
P-3200-90-2026-00594,3613469,0,1.10,
P-1200-90-2026-00439,3614305,0,1.10,
P-1488-90-2026-00130,3614918,0,1.10,
P-4203-92-2026-00026,3614215,0,1.10,
P-1200-90-2026-00480,3614854,0,1.10,
P-2408-90-2026-00112,3614384,0,1.10,
P-1492-91-2026-00025,3614724,0,1.10,
P-1200-90-2026-00413,3613828,0,1.10,
P-4000-90-2026-00279,3614112,0,1.10,
P-2407-90-2026-00127,3614018,0,1.10,
P-4006-92-2026-00046,3613866,0,1.10,
P-2600-90-2026-00096,3614082,0,1.10,
P-4200-90-2026-00326,3614386,0,1.10,
P-4006-92-2026-00049,3614310,0,1.10,
P-3800-90-2026-00219,3613780,0,1.10,
P-2400-90-2026-00702,3614525,0,1.10,
P-1488-90-2026-00117,3614184,0,1.10,
P-1488-91-2026-00167,3614880,0,1.70,
P-9097-90-2026-00030,3614528,0,1.10,
P-1200-91-2026-00098,3613645,0,1.10,
P-2200-90-2026-00137,3614133,0,1.10,
P-2400-90-2026-00682,3614187,0,1.10,
P-2400-90-2026-00678,3614067,0,1.10,
P-2403-92-2026-00055,3614089,0,1.10,
P-4200-90-2026-00340,3614835,0,1.10,
P-9075-90-2026-00038,3614676,0,1.10,
P-1488-90-2026-00115,3614091,0,1.10,
P-3200-90-2026-00667,3614916,0,1.10,
P-1411-90-2026-00161,3614921,0,1.10,
P-4006-91-2026-00137,3614516,0,1.70,
P-4006-92-2026-00041,3613534,0,1.10,
P-4200-90-2026-00307,3613766,0,1.10,
P-9075-90-2026-00034,3613993,0,1.10,
P-4006-91-2026-00115,3613021,0,1.10,
P-2600-90-2026-00085,3613541,0,1.10,
P-3603-90-2026-00040,3613637,0,1.10,
P-3400-92-2026-00015,3613546,0,1.10,
P-2409-90-2026-00023,3613777,0,1.10,
P-3600-90-2026-00133,3613914,0,1.70,
P-2400-90-2026-00655,3613685,0,1.10,
P-2408-90-2026-00109,3613865,0,1.10,
P-1400-90-2026-00059,3613502,0,1.10,
P-2604-90-2026-00058,3613510,0,1.10,
P-3800-90-2026-00210,3613533,0,1.10,
P-9061-91-2026-00177,3616040,0,1.10,
P-4400-90-2026-00148,3615287,0,1.10,
P-1411-90-2026-00174,3615519,0,1.10,
P-4000-90-2026-00306,3615055,0,1.10,
P-3211-90-2026-00201,3615220,0,1.10,
P-2400-90-2026-00780,3615722,0,1.10,
P-2604-90-2025-00776,3335885,2,1.10,
P-3200-90-2026-00697,3615616,0,1.10,
P-4000-90-2026-00318,3615423,0,1.10,
P-2200-90-2026-00162,3615473,0,1.10,
P-1400-90-2026-00072,3615525,0,1.10,
P-4400-90-2026-00165,3616055,0,1.10,
P-9075-90-2026-00044,3615075,0,1.10,
P-2407-90-2026-00147,3616355,0,1.10,
P-3211-91-2026-00158,3615735,0,1.10,
P-1200-90-2026-00487,3615099,0,1.10,
P-1400-90-2026-00078,3615587,0,1.10,
P-1411-90-2026-00180,3616264,0,1.10,
P-4400-90-2026-00161,3615873,0,1.10,
P-3200-90-2026-00788,3616367,0,1.10,
P-9093-91-2026-00013,3615465,0,1.10,
P-3400-90-2026-00137,3616132,0,1.70,
P-2405-90-2026-00047,3615303,0,1.10,
P-2400-90-2026-00765,3615420,0,1.10,
P-4202-90-2026-00128,3616324,0,1.10,
P-1411-90-2026-00181,3616266,0,1.10,
P-3200-90-2026-00757,3616080,0,1.10,
P-4200-92-2026-00042,3615032,0,1.10,
P-2400-90-2026-00807,3616125,0,1.10,
P-4400-90-2026-00151,3615448,0,1.10,
P-3211-91-2026-00164,3616228,0,1.10,
P-2400-90-2026-00817,3616262,0,1.10,
P-4000-90-2026-00346,3616281,0,1.10,
P-4006-90-2026-00102,3616295,0,1.10,
P-9061-91-2026-00165,3615669,0,1.10,
P-9068-91-2026-00031,3614989,0,1.10,
P-3800-90-2026-00251,3615643,0,1.10,
P-1400-90-2026-00082,3615684,0,1.10,
P-3200-90-2026-00780,3616305,0,1.10,
P-2400-90-2026-00777,3615649,0,1.10,
P-2214-90-2026-00052,3615676,0,1.10,
P-2408-90-2026-00128,3615397,0,1.10,
P-1488-90-2026-00133,3615460,0,1.10,
P-3901-90-2026-00024,3614994,0,1.10,
P-2405-90-2026-00041,3615070,0,1.10,
P-8069-96-2026-00002,3607030,6,1.10,
P-4200-90-2026-00366,3615456,0,1.10,
P-2202-90-2026-00159,3615537,0,1.10,
P-4200-90-2026-00347,3615119,0,1.10,
P-2400-90-2026-00811,3616167,0,1.10,
P-2400-90-2026-00762,3615375,0,1.10,
P-2301-90-2026-00059,3615318,0,1.10,
P-3200-90-2026-00703,3615798,0,1.10,
P-2400-90-2026-00812,3616188,0,1.10,
P-2400-90-2026-00747,3615061,0,1.10,
P-9061-93-2026-00006,3616128,0,1.10,
P-3603-90-2026-00052,3615704,0,1.10,
P-3800-90-2026-00246,3615377,0,1.10,
P-4400-90-2026-00156,3615608,0,1.10,
P-4400-91-2026-00081,3615903,0,1.70,
P-1452-91-2026-00003,3615749,0,1.10,
P-1200-90-2026-00498,3615422,0,1.10,
P-1488-90-2026-00134,3615512,0,1.10,
P-4000-90-2026-00340,3616133,0,1.10,
P-3200-90-2026-00698,3615606,0,1.10,
P-4006-91-2026-00155,3615784,0,1.10,
P-3200-90-2026-00779,3616312,0,1.10,
P-2400-90-2026-00819,3616370,0,1.10,
P-3200-90-2026-00766,3616201,0,1.10,
P-9061-91-2026-00167,3615686,0,1.10,
P-1400-90-2026-00073,3615540,0,1.10,
P-3800-90-2026-00253,3615713,0,1.10,
P-1453-90-2026-00011,3615253,0,1.10,
P-3800-90-2026-00252,3615682,0,1.10,
P-2400-91-2026-00100,3615872,0,1.10,
P-4000-90-2026-00305,3615001,0,1.10,
P-1488-92-2026-00056,3615991,0,1.10,
P-1411-90-2026-00177,3615544,0,1.10,
P-3205-91-2026-00025,3615183,0,1.10,
P-3200-90-2026-00783,3616349,0,1.10,
P-1200-91-2026-00121,3615563,0,1.10,
P-4200-90-2026-00363,3615363,0,1.10,
P-4200-90-2026-00346,3615144,0,1.10,
P-8000-91-2026-00062,3615378,0,1.70,
P-2407-90-2026-00142,3615734,0,1.10,
P-4000-90-2026-00320,3615482,0,1.10,
P-2400-90-2026-00810,3616165,0,1.10,
P-2400-90-2026-00781,3615728,0,1.10,
P-1492-90-2026-00050,3615804,0,1.10,
P-2403-90-2026-00157,3615783,0,1.10,
P-1488-90-2026-00137,3615930,0,1.10,
P-4202-90-2026-00118,3615166,0,1.10,
P-3200-90-2026-00778,3616291,0,1.10,
P-1200-91-2026-00120,3615494,0,1.10,
P-3400-90-2026-00134,3615844,0,1.10,
P-3200-90-2026-00754,3616008,0,1.10,
P-4200-90-2026-00365,3615428,0,1.10,
P-2400-90-2026-00751,3615080,0,1.70,
P-2400-90-2026-00788,3615881,0,1.10,
P-3400-90-2026-00128,3615381,0,1.70,
P-4000-90-2026-00342,3616236,0,1.10,
P-9070-90-2026-00042,3616392,0,1.10,
P-8000-90-2026-00066,3616202,0,1.70,
P-3800-90-2026-00262,3616237,0,1.10,
P-3600-90-2026-00150,3615148,0,1.70,
P-4000-90-2026-00313,3615344,0,1.10,
P-2400-90-2026-00739,3615020,0,1.10,
P-2407-90-2026-00141,3615696,0,1.70,
P-3600-91-2026-00017,3615522,0,1.10,
P-2301-90-2026-00062,3615613,0,1.10,
P-2301-91-2026-00021,3615756,0,1.10,
P-9068-90-2026-00032,3616054,0,1.10,
P-4202-90-2026-00119,3615594,0,1.10,
P-3200-90-2026-00760,3616163,0,1.10,
P-9061-90-2026-00090,3616047,0,1.10,
P-2202-90-2026-00167,3616388,0,1.10,
P-2400-90-2026-00786,3615851,0,1.10,
P-2400-90-2026-00815,3616224,0,1.10,
P-9093-90-2026-00019,3615297,0,1.10,
P-3200-90-2026-00684,3615234,0,1.10,
P-4200-90-2026-00358,3615304,0,1.10,
P-2301-90-2026-00057,3615079,0,1.10,
P-3800-90-2026-00245,3615307,0,1.10,
P-4200-90-2026-00404,3616579,0,1.10,
P-3900-90-2026-00043,3616979,0,1.10,
P-2400-90-2026-00832,3616503,0,1.10,
P-2202-90-2026-00173,3617153,0,1.10,
P-3211-90-2026-00239,3617158,0,1.10,
P-2406-90-2026-00042,3616875,0,1.10,
P-2400-90-2026-00873,3617227,0,1.10,
P-4203-90-2026-00138,3617179,0,1.10,
P-1400-90-2026-00096,3617289,0,1.70,
P-3600-90-2026-00180,3617184,0,1.70,
P-1411-90-2026-00200,3616675,0,1.10,
P-2403-90-2026-00166,3616726,0,1.10,
P-3211-90-2026-00235,3616792,0,1.10,
P-2400-90-2026-00894,3617558,0,1.10,
P-2403-90-2026-00180,3617543,0,1.10,
P-1411-90-2026-00199,3616631,0,1.10,
P-1492-91-2026-00029,3616807,0,1.10,
P-3211-91-2026-00166,3616458,0,1.10,
P-9086-92-2026-00011,3617286,0,1.10,
P-1411-90-2026-00195,3616509,0,1.10,
P-9076-90-2026-00034,3616419,0,1.10,
P-3211-91-2026-00172,3616861,0,1.10,
P-2200-90-2026-00179,3616707,0,1.10,
P-9076-90-2026-00042,3616552,0,1.10,
P-9071-90-2026-00018,3616736,0,1.10,
P-1200-90-2026-00556,3617034,0,1.10,
P-1477-90-2026-00075,3616679,0,1.10,
P-9071-90-2026-00021,3617570,0,1.10,
P-2301-90-2026-00073,3617349,0,1.70,
P-3211-90-2026-00237,3617061,0,1.10,
P-8069-96-2025-00003,3409314,27,1.10,
P-3901-90-2026-00029,3616536,0,1.10,
P-2200-90-2026-00177,3616688,0,1.10,
P-9068-90-2026-00034,3616624,0,1.10,
P-4006-90-2026-00110,3617120,0,1.10,
P-2200-90-2026-00200,3617262,0,1.10,
P-1411-90-2026-00201,3616822,0,1.10,
P-1474-90-2026-00051,3616947,0,1.10,
P-2200-90-2026-00187,3616913,0,1.10,
P-4203-90-2026-00137,3617044,0,1.10,
P-3901-90-2026-00030,3616570,0,1.10,
P-2400-90-2026-00876,3617313,0,1.10,
P-4000-90-2026-00357,3616974,0,1.10,
P-1452-90-2026-00056,3617496,0,1.10,
P-2200-90-2026-00194,3617059,0,1.10,
P-2301-90-2026-00072,3617189,0,1.10,
P-4006-91-2026-00180,3617190,0,1.10,
P-1200-90-2026-00576,3617265,0,1.10,
P-4200-90-2026-00419,3617063,0,1.10,
P-2403-90-2026-00168,3616887,0,1.10,
P-4200-90-2026-00433,3617436,0,1.10,
P-2200-90-2026-00192,3617049,0,1.10,
P-9086-90-2026-00112,3616548,0,1.10,
P-2400-90-2026-00890,3617475,0,1.10,
P-2301-90-2026-00071,3617198,0,1.10,
P-1200-90-2026-00581,3617305,0,1.10,
P-1200-90-2026-00588,3617400,0,1.10,
P-2403-90-2026-00164,3616667,0,1.10,
P-3205-90-2026-00078,3617052,0,1.10,
P-2403-90-2026-00165,3616697,0,1.10,
P-1200-92-2026-00052,3616866,0,1.10,
P-2406-92-2026-00016,3616710,0,1.10,
P-2200-90-2026-00185,3616839,0,1.10,
P-1200-90-2026-00591,3617431,0,1.10,
P-1411-90-2026-00209,3617204,0,1.10,
P-1200-90-2026-00522,3616489,0,1.10,
P-2400-90-2026-00893,3617557,0,1.10,
P-4000-90-2026-00370,3617316,0,1.10,
P-1200-90-2026-00546,3616922,0,1.10,
P-9082-90-2026-00020,3617577,0,1.10,
P-3800-90-2026-00278,3617236,0,1.10,
P-8069-97-2026-00002,3607020,2,1.10,
P-2604-90-2026-00079,3616507,0,1.10,
P-3211-90-2026-00238,3617100,0,1.10,
P-3400-90-2026-00140,3616542,0,1.10,
P-3400-90-2026-00145,3616868,0,1.70,
P-8072-90-2026-00027,3617151,0,1.10,
P-3400-90-2026-00156,3617108,0,1.10,
P-2400-90-2026-00889,3617473,0,1.10,
P-2400-90-2026-00857,3616833,0,1.10,
P-2400-90-2026-00882,3617335,0,1.10,
P-4000-90-2026-00371,3617311,0,1.10,
P-3200-90-2026-00819,3617126,0,1.10,
P-3200-90-2026-00818,3617094,0,1.10,
P-9077-90-2026-00041,3617088,0,1.10,
P-9077-91-2026-00018,3617672,0,1.10,
P-1200-90-2026-00595,3617638,0,1.10,
P-1488-90-2026-00151,3617663,0,1.10,
P-2400-90-2026-00899,3617622,0,1.10,
P-4005-90-2026-00072,3617591,0,1.10,
P-2400-90-2026-00900,3617608,0,1.10,
P-2604-91-2026-00010,3617612,0,1.10,
P-2202-90-2026-00182,3617632,0,1.70,
P-9068-90-2026-00038,3617604,0,1.10,
P-4005-90-2026-00074,3618008,0,1.10,
P-9061-91-2026-00189,3618005,0,1.10,
P-1492-90-2026-00062,3617902,0,1.10,
P-3211-90-2026-00257,3617776,0,1.10,
P-4203-90-2026-00151,3617832,0,1.10,
P-9068-90-2026-00040,3617831,0,1.10,
P-9086-90-2026-00125,3617985,0,1.10,
P-1453-90-2026-00016,3618034,0,1.10,
P-2400-90-2026-00933,3618015,0,1.70,
P-2202-90-2026-00201,3617898,0,1.10,
P-2408-90-2026-00151,3617706,0,1.10,
P-3211-90-2026-00264,3617863,0,1.10,
P-9061-91-2026-00188,3617998,0,1.10,
P-9071-90-2026-00027,3617800,0,1.10,
P-2403-92-2026-00068,3617929,0,1.10,
P-1452-90-2026-00060,3617771,0,1.10,
P-1411-90-2026-00219,3617865,0,1.10,
P-2407-90-2026-00176,3617975,0,1.10,
P-3211-90-2026-00268,3617911,0,1.10,
P-2400-90-2026-00912,3617740,0,1.10,
P-2202-90-2026-00196,3617849,0,1.10,
P-2400-90-2026-00913,3617756,0,1.70,
P-2403-90-2026-00189,3617747,0,1.10,
P-2604-90-2026-00094,3617739,0,1.10,
P-2403-90-2026-00191,3617857,0,1.10,
P-1200-90-2026-00598,3617973,0,1.10,
P-2400-90-2026-00910,3617721,0,1.10,
P-4000-90-2026-00406,3618618,0,1.10,
P-4200-90-2026-00439,3618136,0,1.10,
P-2400-90-2026-00954,3618293,0,1.10,
P-3205-90-2026-00089,3618688,0,1.10,
P-4200-90-2026-00462,3618682,0,1.10,
P-2202-90-2026-00227,3619426,0,1.10,
P-1488-91-2026-00188,3618473,0,1.10,
P-1488-91-2026-00189,3618858,0,1.10,
P-1411-90-2026-00245,3619605,0,1.10,
P-1200-90-2026-00656,3619321,0,1.10,
P-4400-90-2026-00222,3619291,0,1.10,
P-9061-91-2026-00197,3618050,0,1.10,
P-1492-90-2026-00064,3618364,0,1.10,
P-1400-90-2026-00110,3619155,0,1.10,
P-2408-90-2026-00170,3619502,0,1.10,
P-4006-90-2026-00127,3618514,0,1.10,
P-8000-90-2026-00086,3619431,0,1.70,
P-3200-90-2026-00848,3618271,0,1.10,
P-3603-90-2026-00064,3618207,0,1.10,
P-9061-91-2026-00215,3618947,0,1.10,
P-9061-91-2026-00203,3618344,0,1.10,
P-1400-90-2026-00108,3618761,0,1.10,
P-1200-90-2026-00635,3618965,0,1.10,
P-9077-90-2026-00050,3618847,0,1.10,
P-2400-90-2026-01059,3619668,0,1.10,
P-3800-90-2026-00301,3618493,0,1.10,
P-4202-90-2026-00144,3618362,0,1.10,
P-9077-90-2026-00052,3619240,0,1.10,
P-1488-90-2026-00162,3618741,0,1.10,
P-2600-90-2026-00133,3618132,0,1.10,
P-4000-90-2026-00388,3618226,0,1.10,
P-2200-90-2026-00216,3618793,0,1.10,
P-4000-90-2026-00384,3618139,0,1.10,
P-3800-90-2026-00300,3618406,0,1.10,
P-3600-90-2026-00205,3618941,0,1.70,
P-3200-90-2026-00853,3618421,0,1.10,
P-2405-90-2026-00058,3619552,0,1.10,
P-2400-90-2026-00983,3618712,0,1.10,
P-3205-90-2026-00093,3619512,0,1.10,
P-4006-91-2026-00219,3619528,0,1.10,
P-2400-90-2026-01002,3618977,0,1.10,
P-4200-90-2026-00442,3618176,0,1.10,
P-3400-90-2026-00168,3618843,0,1.70,
P-2604-90-2026-00107,3619270,0,1.10,
P-4005-90-2026-00090,3619026,0,1.10,
P-1474-91-2026-00025,3619142,0,1.70,
P-8000-90-2026-00076,3618324,0,1.70,
P-9077-91-2026-00024,3618026,0,1.10,
P-4005-90-2026-00078,3618251,0,1.10,
P-3600-90-2026-00217,3619477,0,1.70,
P-2200-90-2026-00209,3618597,0,1.10,
P-3200-90-2026-00884,3619297,0,1.10,
P-4202-90-2026-00149,3618890,0,1.10,
P-2600-90-2026-00137,3618279,0,1.10,
P-2403-90-2026-00208,3618802,0,1.10,
P-9061-91-2026-00219,3619192,0,1.10,
P-2301-90-2026-00081,3618349,0,1.10,
P-3200-90-2026-00843,3618246,0,1.10,
P-2202-90-2026-00222,3618942,0,1.70,
P-1200-90-2026-00614,3618553,0,1.10,
P-3800-90-2026-00318,3619427,0,1.10,
P-4000-90-2026-00394,3618395,0,1.10,
P-2400-92-2026-00139,3618702,0,1.10,
P-1200-90-2026-00672,3619535,0,1.10,
P-2400-90-2026-00950,3618243,0,1.10,
P-2604-90-2026-00106,3619222,0,1.10,
P-3200-90-2026-00895,3619461,0,1.10,
P-4000-90-2026-00411,3618767,0,1.10,
P-9070-90-2026-00049,3618827,0,1.10,
P-1200-90-2026-00653,3619238,0,1.10,
P-9061-91-2026-00218,3619134,0,1.10,
P-2407-90-2026-00187,3619077,0,1.70,
P-3800-90-2026-00308,3618932,0,1.10,
P-3800-90-2026-00293,3618160,0,1.10,
P-1488-91-2026-00191,3619351,0,1.10,
P-2400-90-2026-00986,3618772,0,1.10,
P-2400-90-2026-00960,3618367,0,1.10,
P-9086-91-2026-00034,3618737,0,1.10,
P-4400-90-2026-00200,3618418,0,1.10,
P-9061-90-2026-00118,3618730,0,1.10,
P-4005-90-2026-00089,3619013,0,1.10,
P-4006-90-2026-00135,3619093,0,1.10,
P-3901-90-2026-00037,3618072,0,1.10,
P-2407-90-2026-00180,3618573,0,1.70,
P-2000-90-2026-00183,3618675,0,1.10,
P-3205-90-2026-00092,3619340,0,1.10,
P-4200-90-2026-00496,3619463,0,1.10,
P-4000-91-2026-00029,3619124,0,1.10,
P-9068-90-2026-00044,3618057,0,1.10,
P-1452-90-2026-00062,3618085,0,1.10,
P-2000-90-2026-00186,3618800,0,1.10,
P-3205-92-2026-00089,3619660,0,1.10,
P-2600-90-2026-00134,3618133,0,1.10,
P-2000-90-2026-00173,3618155,0,1.10,
P-4000-90-2026-00421,3619058,0,1.10,
P-2200-90-2026-00208,3618522,0,1.10,
P-8004-92-2026-00004,3618846,0,1.70,
P-9086-90-2026-00128,3618975,0,1.10,
P-1400-92-2026-00049,3619094,0,1.10,
P-3901-90-2026-00038,3618122,0,1.10,
P-2400-90-2026-00970,3618567,0,1.10,
P-3200-90-2026-00869,3618783,0,1.10,
P-3200-90-2026-00904,3619533,0,1.10,
P-4200-90-2026-00483,3619085,0,1.10,
P-3211-90-2026-00295,3619618,0,1.10,
P-4200-90-2026-00455,3618465,0,1.10,
P-2200-90-2026-00228,3619358,0,1.10,
P-1411-90-2026-00239,3619538,0,1.10,
P-3211-90-2026-00275,3618611,0,1.10,
P-3200-90-2026-00876,3619067,0,1.10,
P-4400-90-2026-00199,3618392,0,1.10,
P-9061-91-2026-00216,3619030,0,1.10,
P-2301-92-2026-00070,3618501,0,1.10,
P-3200-90-2026-00877,3619107,0,1.10,
P-9102-90-2026-00012,3619346,0,1.10,
P-1200-90-2026-00668,3619449,0,1.10,
P-3211-90-2026-00291,3619556,0,1.10,
P-3200-90-2026-00914,3619604,0,1.10,
P-4203-90-2026-00155,3618067,0,1.10,
P-2407-90-2026-00179,3618523,0,1.70,
P-4400-90-2026-00216,3618973,0,1.10,
P-2409-90-2026-00031,3618342,0,1.10,
P-4200-90-2026-00459,3618602,0,1.10,
P-2202-91-2026-00057,3618494,0,1.70,
P-4000-90-2026-00405,3618609,0,1.10,
P-2000-91-2026-00005,3618601,0,1.10,
P-4200-90-2026-00456,3618528,0,1.10,
P-1200-90-2026-00630,3618925,0,1.10,
P-4000-90-2026-00423,3619225,0,1.10,
P-3200-90-2026-00850,3618335,0,1.10,
P-3800-90-2026-00315,3619239,0,1.10,
P-4202-90-2026-00143,3618196,0,1.70,
P-3200-90-2026-00887,3619337,0,1.10,
P-2400-90-2026-00939,3618097,0,1.10,
P-4006-90-2026-00131,3618957,0,1.10,
P-2400-90-2026-00952,3618277,0,1.10,
P-1200-90-2026-00632,3618928,0,1.10,
P-4203-90-2026-00185,3620722,0,1.10,
P-3211-90-2026-00307,3620856,0,1.10,
P-2200-90-2026-00245,3620202,0,1.10,
P-1200-90-2026-00680,3619926,0,1.10,
P-4203-90-2026-00178,3620193,0,1.10,
P-4005-90-2026-00095,3620209,0,1.10,
P-4000-90-2026-00454,3620646,0,1.10,
P-9076-90-2026-00051,3620993,0,1.10,
P-8061-91-2026-00010,3620069,0,1.10,
P-4203-90-2026-00176,3619904,0,1.10,
P-9093-92-2026-00013,3620182,0,1.10,
P-2406-90-2026-00059,3620124,0,1.10,
P-1488-90-2026-00192,3620684,0,1.10,
P-3600-90-2026-00236,3620792,0,1.70,
P-9061-90-2026-00135,3620475,0,1.10,
P-3901-92-2026-00011,3620288,0,1.10,
P-3600-90-2026-00235,3620767,0,1.70,
P-2406-90-2026-00058,3620060,0,1.10,
P-1488-90-2026-00182,3620420,0,1.70,
P-1488-90-2026-00181,3620388,0,1.10,
P-2408-90-2026-00188,3620961,0,1.10,
P-2604-90-2026-00116,3620656,0,1.10,
P-3800-90-2026-00328,3620188,0,1.10,
P-2400-90-2026-01073,3619855,0,1.10,
P-4000-90-2026-00432,3619797,0,1.10,
P-2400-90-2026-01084,3620004,0,1.10,
P-9075-90-2026-00074,3620165,0,1.10,
P-2600-90-2026-00153,3619897,0,1.10,
P-4202-90-2026-00165,3620663,0,1.70,
P-1200-90-2026-00688,3620170,0,1.10,
P-4006-91-2026-00245,3620927,0,1.10,
P-4000-90-2026-00440,3619991,0,1.10,
P-1477-90-2026-00099,3619802,0,1.10,
P-4005-90-2026-00096,3620270,0,1.10,
P-2405-90-2026-00062,3620551,0,1.10,
P-9086-90-2026-00141,3620744,0,1.10,
P-3603-90-2026-00076,3620529,0,1.10,
P-3600-90-2026-00233,3620597,0,1.10,
P-3800-90-2026-00343,3620892,0,1.10,
P-3400-92-2026-00026,3620014,0,1.10,
P-3603-90-2026-00074,3620446,0,1.10,
P-2400-90-2026-01127,3620651,0,1.10,
P-2202-90-2026-00239,3620074,0,1.10,
P-8000-91-2026-00085,3620785,0,1.70,
P-1488-91-2026-00200,3620975,0,1.10,
P-1411-90-2026-00255,3620503,0,1.10,
P-3200-90-2026-00938,3619860,0,1.10,
P-1488-90-2026-00180,3620379,0,1.10,
P-3200-90-2026-00964,3620431,0,1.10,
P-1200-90-2026-00685,3620030,0,1.10,
P-3800-90-2026-00326,3620034,0,1.10,
P-1200-90-2026-00703,3620391,0,1.10,
P-2400-90-2026-01124,3620666,0,1.10,
P-9068-90-2026-00050,3620418,0,1.10,
P-1474-90-2026-00061,3619771,0,1.10,
P-3400-90-2026-00186,3620652,0,1.10,
P-4202-90-2026-00162,3619944,0,1.10,
P-9061-98-2026-00003,3616094,0,4.40,
P-4400-90-2026-00233,3619877,0,1.10,
P-3200-90-2026-00996,3620941,0,1.10,
P-3200-90-2026-00937,3619809,0,1.10,
P-2400-90-2026-01092,3620158,0,1.10,
P-3200-90-2026-00947,3620116,0,1.10,
P-4200-90-2026-00520,3620607,0,1.10,
P-9061-91-2026-00237,3620807,0,1.10,
P-3600-90-2026-00230,3620387,0,1.70,
P-1200-90-2026-00684,3620005,0,1.10,
P-4006-90-2026-00143,3620020,0,1.10,
P-2202-90-2026-00245,3620616,0,1.10,
P-4006-92-2026-00078,3621007,0,1.10,
P-3901-90-2026-00045,3619989,0,1.10,
P-2600-90-2026-00151,3619731,0,1.10,
P-2408-90-2026-00181,3620080,0,1.10,
P-3800-90-2026-00334,3620358,0,1.10,
P-4400-90-2026-00234,3620085,0,1.10,
P-3800-90-2026-00330,3620265,0,1.10,
P-3200-90-2026-00968,3620534,0,1.10,
P-2400-90-2026-01080,3619951,0,1.10,
P-2403-90-2026-00234,3620965,0,1.10,
P-3200-90-2026-00962,3620386,0,1.10,
P-1477-90-2026-00108,3620567,0,1.10,
P-4200-90-2026-00525,3620791,0,1.10,
P-1400-90-2026-00113,3619693,0,1.70,
P-1452-90-2026-00067,3619683,0,1.10,
P-2301-90-2026-00100,3621371,0,1.70,
P-3200-90-2026-01042,3622215,0,1.10,
P-1200-90-2026-00792,3622110,0,1.10,
P-4203-90-2026-00210,3622430,0,1.10,
P-1477-90-2026-00125,3621884,0,1.10,
P-8000-90-2026-00104,3622151,0,1.70,
P-4000-90-2026-00487,3622114,0,1.10,
P-1200-90-2026-00797,3622185,0,1.10,
P-8069-96-2026-00002,3607030,23,2.20,
P-3200-91-2026-00093,3621702,0,1.10,
P-9086-90-2026-00157,3622306,0,1.10,
P-1200-90-2026-00803,3622226,0,1.10,
P-1200-90-2026-00773,3621932,0,1.10,
P-2604-90-2026-00124,3622143,0,1.10,
P-2000-90-2026-00219,3621450,0,1.10,
P-8000-90-2026-00102,3621551,0,1.70,
P-9086-90-2026-00158,3622344,0,1.10,
P-3600-90-2026-00251,3622140,0,1.70,
P-1411-91-2026-00039,3621163,0,1.70,
P-3200-90-2026-01038,3622132,0,1.10,
P-4400-92-2026-00142,3621652,0,1.10,
P-1200-90-2026-00756,3621688,0,1.10,
P-4006-90-2026-00170,3622043,0,1.10,
P-1200-90-2026-00781,3621947,0,1.10,
P-4000-90-2026-00490,3622196,0,1.10,
P-3200-90-2026-01031,3622008,0,1.10,
P-2200-90-2026-00276,3621767,0,1.10,
P-3200-90-2026-01058,3622361,0,1.10,
P-2202-90-2026-00256,3621559,0,1.70,
P-2301-90-2026-00102,3621414,0,1.10,
P-4006-90-2026-00156,3621036,0,1.10,
P-2403-92-2026-00080,3621065,0,1.10,
P-3400-97-2025-00004,3313517,56,23.10,
P-8067-91-2026-00064,3622352,0,1.10,
P-9061-90-2026-00156,3621595,0,1.10,
P-3200-90-2026-01060,3622389,0,1.10,
P-1411-91-2026-00041,3621963,0,1.10,
P-3200-90-2026-01052,3622276,0,1.10,
P-2400-90-2026-01198,3621890,0,1.10,
P-3200-90-2026-01039,3622131,0,1.10,
P-3400-90-2026-00194,3621761,0,1.10,
P-9076-90-2026-00055,3622053,0,1.10,
P-2408-90-2026-00196,3622277,0,1.10,
P-3200-90-2026-01056,3622338,0,1.10,
P-2301-90-2026-00111,3622217,0,1.10,
P-2214-90-2026-00066,3621117,0,1.10,
P-3205-91-2026-00037,3622162,0,1.10,
P-3800-90-2026-00363,3622155,0,1.10,
P-1411-90-2026-00275,3622293,0,1.10,
P-1474-90-2026-00072,3621772,0,1.10,
P-2400-90-2026-01148,3621095,0,1.10,
P-3800-90-2026-00355,3621823,0,1.70,
P-2000-91-2026-00010,3621131,0,1.10,
P-4200-90-2026-00542,3621430,0,1.10,
P-2202-92-2026-00185,3622029,0,1.70,
P-2403-90-2026-00257,3622283,0,1.10,
P-7136-90-2026-00002,3622170,0,1.10,
P-3200-90-2026-01021,3621760,0,1.10,
P-8035-90-2026-00041,3621527,0,1.10,
P-9097-90-2026-00071,3622393,0,1.10,
P-1200-90-2026-00750,3621416,0,1.10,
P-3600-90-2026-00241,3621317,0,1.70,
P-4200-90-2026-00538,3621342,0,1.10,
P-8069-95-2026-00001,3607293,0,4.40,
P-1200-90-2026-00774,3621952,0,1.10,
P-4000-90-2026-00474,3621755,0,1.10,
P-3211-90-2026-00331,3622134,0,1.10,
P-4200-90-2026-00531,3621054,0,1.10,
P-1453-90-2026-00022,3621217,0,1.10,
P-1000-96-2025-00007,3376675,20,1.10,
P-2400-90-2026-01159,3621230,0,1.10,
P-2406-90-2026-00064,3621787,0,1.10,
P-3600-90-2026-00248,3621606,0,1.70,
P-4006-90-2026-00174,3622159,0,1.10,
P-2403-90-2026-00260,3622355,0,1.10,
P-4200-90-2026-00562,3621860,0,1.10,
P-3200-90-2026-01051,3622245,0,1.10,
P-1411-92-2026-00112,3622288,0,1.10,
P-2000-90-2026-00213,3621048,0,1.10,
P-1488-90-2026-00197,3621219,0,1.10,
P-9061-91-2026-00255,3621840,0,1.10,
P-2301-90-2026-00104,3621504,0,1.10,
P-2200-90-2026-00274,3621757,0,1.10,
P-1200-91-2026-00172,3621233,0,1.70,
P-2301-90-2026-00109,3621631,0,1.10,
P-1400-90-2026-00122,3621021,0,1.70,
P-4006-90-2026-00169,3622014,0,1.10,
P-9077-90-2026-00060,3622289,0,1.10,
P-1488-91-2026-00213,3622018,0,1.70,
P-2400-90-2026-01186,3621711,0,1.10,
P-1411-90-2026-00272,3621538,0,1.10,
P-9075-91-2026-00037,3622107,0,1.10,
P-4006-93-2026-00031,3622373,0,1.10,
P-9071-90-2026-00030,3621943,0,1.10,
P-2403-90-2026-00265,3622384,0,1.10,
P-3205-90-2026-00106,3621987,0,1.10,
P-3800-90-2026-00354,3621756,0,1.10,
P-3600-90-2026-00238,3621160,0,1.70,
P-3400-90-2026-00196,3621830,0,1.10,
P-3200-90-2026-01132,3623811,0,1.10,
P-2400-92-2026-00172,3622496,0,1.10,
P-4200-90-2026-00609,3623326,0,1.10,
P-1411-90-2026-00295,3623180,0,1.10,
P-4000-90-2026-00501,3622649,0,1.10,
P-2604-90-2026-00137,3623834,0,1.10,
P-8004-91-2026-00021,3622719,0,1.70,
P-9097-90-2026-00073,3623104,0,1.10,
P-2403-90-2026-00281,3623395,0,1.10,
P-3200-90-2026-01124,3623657,0,1.10,
P-4202-90-2026-00213,3623166,0,1.10,
P-1200-91-2026-00202,3623643,0,1.10,
P-2202-90-2026-00294,3623854,0,1.10,
P-2200-90-2026-00313,3623616,0,1.10,
P-4006-93-2026-00028,3622037,0,1.70,
P-1453-90-2026-00025,3622511,0,1.10,
P-1200-91-2026-00189,3622792,0,1.10,
P-2400-90-2026-01316,3623636,0,1.10,
P-9078-90-2026-00012,3623803,0,1.10,
P-2400-90-2026-01285,3623323,0,1.10,
P-1488-90-2026-00217,3622969,0,1.10,
P-2202-90-2026-00278,3623264,0,1.10,
P-2408-90-2026-00205,3622834,0,1.10,
P-3800-90-2026-00397,3623591,0,1.10,
P-9086-90-2026-00166,3623604,0,1.10,
P-3211-90-2026-00362,3623374,0,1.10,
P-4000-90-2026-00513,3622988,0,1.10,
P-4200-90-2026-00589,3622696,0,1.10,
P-2405-90-2026-00069,3623306,0,1.10,
P-3200-90-2026-01104,3623225,0,1.10,
P-9068-90-2026-00061,3623753,0,1.10,
P-2600-90-2026-00184,3623427,0,1.10,
P-3211-90-2026-00366,3623634,0,1.10,
P-1411-90-2026-00303,3623350,0,1.10,
P-9086-91-2026-00044,3622005,0,1.10,
P-4200-90-2026-00611,3623333,0,1.10,
P-2400-90-2026-01343,3623702,0,1.10,
P-2200-90-2026-00310,3623559,0,1.10,
P-9078-90-2026-00011,3623786,0,1.10,
P-1477-90-2026-00135,3623816,0,1.10,
P-3200-90-2026-01076,3622716,0,1.10,
P-8067-90-2026-00005,3623001,0,1.10,
P-9070-90-2026-00055,3623709,0,1.10,
P-2400-90-2026-01254,3622803,0,1.10,
P-3200-91-2026-00106,3623488,0,1.10,
P-1488-91-2026-00224,3623656,0,1.10,
P-4200-90-2026-00606,3623171,0,1.10,
P-9061-91-2026-00267,3622469,0,1.10,
P-1411-90-2026-00290,3622765,0,1.10,
P-3600-90-2026-00260,3622709,0,1.70,
P-2407-90-2026-00249,3622673,0,1.10,
P-3800-90-2026-00386,3623125,0,1.10,
P-2400-90-2026-01256,3622843,0,1.10,
P-3200-90-2026-01068,3622499,0,1.10,
P-4200-90-2026-00602,3622985,0,1.10,
P-4400-90-2026-00277,3622625,0,1.10,
P-3603-90-2026-00090,3622731,0,1.10,
P-1200-90-2026-00811,3622527,0,1.10,
P-3205-90-2026-00111,3622494,0,1.10,
P-4000-90-2026-00503,3622742,0,1.10,
P-1200-90-2026-00830,3622978,0,1.10,
P-3600-90-2026-00264,3622903,0,1.70,
P-2202-90-2026-00275,3623084,0,1.10,
P-1200-91-2026-00196,3623200,0,1.10,
P-2400-90-2026-01252,3622708,0,1.10,
P-1411-90-2026-00287,3622549,0,1.10,
P-2000-92-2026-00114,3621365,0,1.10,
P-9086-91-2026-00047,3622518,0,1.10,
P-9061-90-2026-00160,3622539,0,1.10,
P-3800-90-2026-00372,3622640,0,1.10,
P-2200-90-2026-00303,3623227,0,1.10,
P-4006-91-2026-00263,3622401,0,1.70,
P-2214-90-2026-00075,3622699,0,1.10,
P-1200-90-2026-00815,3622636,0,1.10,
P-4005-90-2026-00106,3623105,0,1.10,
P-4006-90-2026-00193,3623263,0,1.10,
P-3200-90-2026-01095,3623143,0,1.10,
P-4202-90-2026-00208,3622981,0,1.10,
P-4200-90-2026-00591,3622736,0,1.10,
P-2200-90-2026-00309,3623507,0,1.10,
P-3800-90-2026-00367,3622479,0,1.10,
P-1200-90-2026-00871,3623585,0,1.10,
P-3211-90-2026-00372,3623754,0,1.10,
P-2400-90-2026-01244,3622626,0,1.10,
P-3211-90-2026-00358,3623019,0,1.10,
P-2408-90-2026-00204,3622797,0,1.10,
P-2400-90-2026-01277,3623129,0,1.10,
P-2403-90-2026-00283,3623721,0,1.10,
P-1200-90-2026-00862,3623495,0,1.10,
P-2301-90-2026-00121,3623141,0,1.10,
P-4203-90-2026-00216,3622531,0,1.10,
P-9061-91-2026-00280,3623359,0,1.10,
P-2400-90-2026-01270,3623079,0,1.10,
P-2400-90-2026-01311,3623576,0,1.10,
P-1400-92-2026-00063,3622450,0,1.10,
P-3800-90-2026-00368,3622504,0,1.10,
P-1200-90-2026-00837,3623097,0,1.10,
P-1477-90-2026-00128,3622659,0,1.10,
P-3200-90-2026-01114,3623481,0,1.10,
P-8035-91-2026-00065,3623526,0,1.10,
P-2600-90-2026-00181,3623136,0,1.10,
P-1411-90-2026-00313,3623796,0,1.70,
P-1400-92-2026-00082,3623881,0,1.70,
P-2400-90-2026-01235,3622506,0,1.10,
P-1200-90-2026-00856,3623419,0,1.10,
P-1200-90-2026-00826,3622920,0,1.10,
P-4006-90-2026-00183,3622630,0,1.10,
P-1200-92-2026-00095,3623525,0,1.10,
P-1477-90-2026-00132,3623679,0,1.10,
P-3600-90-2026-00275,3623437,0,1.10,
P-3800-91-2026-00035,3623113,0,1.10,
P-8067-91-2026-00065,3622934,0,1.70,
P-3400-90-2026-00204,3622905,0,1.70,
P-2400-90-2026-01349,3623808,0,1.10,
P-8035-90-2026-00048,3623126,0,1.10,
P-3211-90-2026-00347,3622599,0,1.10,
P-3200-90-2026-01099,3623162,0,1.10,
P-4006-90-2026-00197,3623391,0,1.10,
P-2202-90-2026-00279,3623291,0,1.10,
P-1474-90-2026-00080,3623987,0,1.70,
P-2408-90-2026-00223,3624055,0,1.10,
P-2408-90-2026-00224,3624058,0,1.10,
P-2202-90-2026-00299,3623899,0,1.10,
P-2400-90-2026-01374,3624160,0,1.70,
P-1411-90-2026-00320,3623920,0,1.10,
P-3603-90-2026-00098,3623950,0,1.10,
P-4200-90-2026-00635,3623961,0,1.10,
P-2604-90-2026-00140,3623926,0,1.10,
P-1492-91-2026-00050,3624003,0,1.10,
P-9070-90-2026-00059,3624024,0,1.10,
P-9082-90-2026-00038,3624156,0,1.10,
P-3603-90-2026-00097,3623949,0,1.10,
P-2403-90-2026-00287,3623889,0,1.10,
P-1411-90-2026-00317,3623896,0,1.10,
P-2409-90-2026-00047,3624034,0,1.10,
P-2202-90-2026-00300,3623903,0,1.10,
P-2604-90-2026-00142,3623956,0,1.10,
P-8072-90-2026-00052,3623952,0,1.10,
P-2400-90-2026-01366,3624041,0,1.10,
P-2408-90-2026-00218,3623968,0,1.10,
P-2400-90-2026-01371,3624153,0,1.10,
P-2400-90-2026-01361,3623929,0,1.10,
P-4200-90-2026-00629,3623772,0,1.10,
P-2202-91-2026-00094,3624110,0,1.70,
P-2403-92-2026-00090,3624031,0,1.10,
P-3211-90-2026-00384,3624118,0,1.10,
P-1400-90-2026-00141,3624146,0,1.70,
P-2202-90-2026-00315,3624169,0,1.10,
P-9097-90-2026-00081,3624260,0,1.10,
P-3211-90-2026-00389,3624191,0,1.10,
P-9075-90-2026-00100,3624223,0,1.10,
P-3603-90-2026-00101,3624271,0,1.10,
P-2202-90-2026-00324,3624316,0,1.10,
P-4006-90-2026-00224,3624466,0,1.10,
P-3211-90-2026-00399,3624481,0,1.10,
P-4006-90-2026-00217,3624397,0,1.10,
P-9075-90-2026-00105,3624503,0,1.10,
P-4200-90-2026-00652,3624303,0,1.10,
P-1411-90-2026-00344,3624477,0,1.10,
P-4006-91-2026-00299,3624429,0,1.10,
P-2400-90-2026-01398,3624433,0,1.10,
P-1488-91-2026-00228,3624358,0,1.70,
P-2400-90-2026-01394,3624405,0,1.10,
P-1492-90-2026-00089,3624350,0,1.10,
P-2202-90-2026-00333,3624513,0,1.10,
P-4200-90-2026-00651,3624298,0,1.10,
P-1411-90-2026-00342,3624473,0,1.10,
P-2400-90-2026-01391,3624390,0,1.10,
P-4006-90-2026-00220,3624438,0,1.10,
P-3205-90-2026-00119,3624380,0,1.70,
P-9082-92-2026-00006,3624573,0,1.10,
P-1411-90-2026-00354,3624692,0,1.10,
P-4006-90-2026-00231,3624853,0,1.10,
P-9077-90-2026-00073,3624615,0,1.10,
P-2202-90-2026-00348,3624825,0,1.70,
P-2400-90-2026-01414,3624547,0,1.10,
P-2400-90-2026-01432,3624678,0,1.10,
P-1411-91-2026-00047,3624799,0,1.10,
P-4200-90-2026-00666,3624660,0,1.10,
P-4006-91-2026-00305,3624904,0,1.10,
P-2400-90-2026-01452,3624924,0,1.10,
P-2403-90-2026-00313,3624806,0,1.10,
P-1474-90-2026-00084,3624879,0,1.10,
P-2400-90-2026-01448,3624901,0,1.70,
P-2403-90-2026-00312,3624803,0,1.10,
P-9077-90-2026-00075,3624827,0,1.10,
P-2400-90-2026-01421,3624565,0,1.10,
P-4203-90-2026-00238,3624593,0,1.10,
P-2403-90-2026-00306,3624759,0,1.10,
P-4006-90-2026-00228,3624760,0,1.10,
P-9061-91-2026-00300,3624889,0,1.10,
P-2202-90-2026-00346,3624812,0,1.10,
P-1474-90-2026-00083,3624699,0,1.10,
P-4200-90-2026-00664,3624597,0,1.10,
P-2202-90-2026-00335,3624618,0,1.10,
P-3901-90-2026-00057,3624592,0,1.10,
P-9076-90-2026-00069,3624956,0,1.10,
P-3600-90-2026-00279,3624961,0,1.10,
P-3600-90-2026-00286,3625256,0,1.70,
P-2604-90-2026-00151,3625036,0,1.10,
P-2400-90-2026-01461,3625061,0,1.10,
P-2403-90-2026-00318,3625101,0,1.10,
P-9086-90-2026-00189,3625250,0,1.10,
P-2301-90-2026-00130,3625042,0,1.10,
P-3800-90-2026-00418,3625102,0,1.10,
P-2403-90-2026-00319,3625136,0,1.10,
P-2400-90-2026-01458,3625018,0,1.10,
P-3211-90-2026-00410,3625098,0,1.10,
P-2409-90-2026-00053,3625043,0,1.10,
P-4200-90-2026-00685,3625210,0,1.70,
P-2405-90-2026-00072,3625396,0,1.10,
P-3901-90-2026-00059,3625293,0,1.10,
P-3600-90-2026-00280,3624969,0,1.70,
P-2000-90-2026-00248,3625270,0,1.10,
P-3800-90-2026-00427,3625461,0,1.10,
P-2400-90-2026-01491,3625533,0,1.10,
P-9061-91-2026-00309,3625022,0,1.10,
P-9093-90-2026-00026,3624945,0,1.10,
P-4200-90-2026-00696,3625538,0,1.10,
P-4203-90-2026-00253,3625227,0,1.10,
P-2400-90-2026-01467,3625200,0,1.10,
P-1200-90-2026-00899,3625111,0,1.10,
P-2408-90-2026-00242,3625513,0,1.10,
P-3800-90-2026-00424,3625395,0,1.10,
P-9061-91-2026-00303,3624940,0,1.10,
P-2406-92-2026-00028,3625272,0,1.10,
P-9086-90-2026-00191,3625570,0,1.10,
P-1492-90-2026-00094,3625123,0,1.10,
P-8067-91-2026-00076,3627165,0,1.10,
P-1488-90-2026-00257,3627247,0,1.10,
P-1200-90-2026-00950,3626254,0,1.10,
P-1411-90-2026-00397,3627259,0,1.10,
P-2000-90-2026-00255,3625998,0,1.10,
P-4203-92-2026-00053,3626386,0,1.10,
P-2400-90-2026-01546,3626453,0,1.10,
P-2202-90-2026-00377,3627119,0,1.10,
P-3200-90-2026-01227,3626956,0,1.10,
P-2400-90-2026-01609,3627275,0,1.10,
P-2406-90-2026-00079,3626389,0,1.10,
P-2400-90-2026-01604,3627244,0,1.10,
P-4202-90-2026-00242,3625589,0,1.10,
P-1200-90-2026-00952,3626295,0,1.10,
P-2400-90-2026-01597,3627076,0,1.10,
P-1200-91-2026-00220,3626060,0,1.10,
P-4006-90-2026-00251,3626511,0,1.10,
P-1200-90-2026-00934,3625849,0,1.10,
P-4000-90-2026-00596,3626703,0,1.10,
P-1200-90-2026-00958,3626517,0,1.10,
P-3600-90-2026-00289,3625568,0,1.70,
P-3205-90-2026-00139,3626018,0,1.10,
P-3200-90-2026-01182,3626345,0,1.10,
P-9078-91-2026-00010,3625650,0,1.70,
P-4006-91-2026-00340,3627167,0,1.10,
P-1453-90-2026-00027,3627192,0,1.10,
P-9082-90-2026-00046,3626691,0,1.10,
P-3200-90-2026-01216,3626806,0,1.10,
P-2400-90-2026-01535,3626289,0,1.10,
P-3600-90-2026-00304,3626508,0,1.70,
P-4200-90-2026-00722,3626407,0,1.10,
P-1200-90-2026-00940,3626037,0,1.10,
P-1488-91-2026-00234,3625990,0,1.70,
P-2202-90-2026-00365,3626164,0,1.10,
P-2408-90-2026-00256,3626357,0,1.10,
P-9061-90-2026-00172,3626033,0,1.10,
P-2202-90-2026-00380,3627150,0,1.70,
P-1488-91-2026-00236,3626184,0,1.10,
P-4000-90-2026-00583,3626332,0,1.10,
P-1474-90-2026-00088,3625902,0,1.10,
P-2407-90-2026-00343,3626003,0,1.10,
P-3800-90-2026-00431,3625680,0,1.10,
P-2400-90-2026-01483,3625412,0,1.10,
P-1400-90-2026-00161,3627256,0,1.10,
P-1200-90-2026-00995,3627078,0,1.10,
P-2000-90-2026-00252,3625884,0,1.10,
P-3200-90-2026-01195,3626592,0,1.10,
P-4203-90-2026-00266,3626346,0,1.10,
P-4005-90-2026-00119,3625879,0,1.10,
P-3211-90-2026-00439,3626623,0,1.10,
P-3800-90-2026-00436,3625956,0,1.10,
P-2400-90-2026-01536,3626314,0,1.10,
P-2400-90-2026-01606,3627249,0,1.10,
P-4006-91-2026-00319,3625751,0,1.10,
P-9077-90-2026-00082,3626458,0,1.10,
P-1200-90-2026-00974,3626868,0,1.10,
P-1200-90-2026-00992,3627031,0,1.10,
P-1452-91-2026-00008,3627077,0,1.10,
P-3211-90-2026-00447,3626897,0,1.10,
P-2400-90-2026-01614,3627280,0,1.10,
P-4400-90-2026-00315,3625704,0,1.10,
P-2400-91-2026-00180,3626224,0,1.10,
P-4200-91-2026-00047,3625547,0,1.10,
P-1200-90-2026-00949,3626213,0,1.10,
P-9077-91-2026-00037,3625959,0,1.10,
P-3200-90-2026-01189,3626512,0,1.10,
P-4200-90-2026-00729,3626559,0,1.10,
P-9075-90-2026-00116,3626103,0,1.10,
P-3600-90-2026-00295,3625824,0,1.70,
P-1200-90-2026-00906,3625448,0,1.10,
P-1200-90-2026-00893,3625068,0,1.10,
P-1411-90-2026-00383,3626431,0,1.10,
P-3205-90-2026-00136,3625842,0,1.10,
P-1200-91-2026-00229,3626566,0,1.10,
P-2000-90-2026-00250,3625601,0,1.10,
P-2400-91-2026-00184,3626899,0,1.10,
P-4006-92-2026-00099,3625886,0,1.10,
P-2400-90-2026-01579,3626851,0,1.10,
P-3200-90-2026-01170,3626007,0,1.10,
P-2600-90-2026-00205,3626820,0,1.10,
P-1200-90-2026-00990,3627022,0,1.10,
P-4200-90-2026-00738,3626647,0,1.10,
P-3200-90-2026-01210,3626730,0,1.10,
P-1400-90-2026-00155,3626573,0,1.10,
P-1200-90-2026-00976,3626915,0,1.10,
P-2400-90-2026-01594,3627035,0,1.10,
P-2408-90-2026-00255,3626275,0,1.10,
P-1400-90-2026-00147,3625477,0,1.70,
P-2400-90-2026-01498,3625640,0,1.10,
P-9076-90-2026-00076,3625839,0,1.10,
P-2202-91-2026-00096,3624690,0,1.10,
P-1200-90-2026-00930,3625820,0,1.10,
P-4400-90-2026-00317,3625992,0,1.10,
P-2301-90-2026-00143,3626581,0,1.10,
P-1200-90-2026-00993,3627041,0,1.10,
P-8000-90-2026-00115,3626654,0,1.10,
P-9061-91-2026-00319,3626309,0,1.10,
P-3200-90-2026-01223,3626831,0,1.10,
P-4000-90-2026-00559,3625761,0,1.10,
P-2400-90-2026-01542,3626405,0,1.10,
P-2400-90-2026-01510,3625773,0,1.10,
P-4000-90-2026-00556,3625678,0,1.10,
P-2200-90-2026-00342,3626404,0,1.10,
P-9077-90-2026-00085,3627054,0,1.10,
P-2405-92-2026-00061,3625555,0,1.10,
P-2400-90-2026-01582,3626866,0,1.10,
P-4200-90-2026-00720,3626352,0,1.10,
P-2400-90-2026-01490,3625506,0,1.10,
P-2400-90-2026-01559,3626625,0,1.10,
P-2400-90-2026-01548,3626474,0,1.10,
P-9093-90-2026-00028,3626808,0,1.10,
P-1488-90-2026-00246,3626909,0,1.10,
P-1411-90-2026-00379,3626287,0,1.10,
P-9068-90-2026-00066,3626994,0,1.10,
P-4200-90-2026-00798,3628305,0,1.10,
P-9022-90-2026-00015,3628470,0,1.10,
P-4000-90-2026-00612,3627715,0,1.10,
P-9086-90-2026-00196,3627300,0,1.10,
P-3200-90-2026-01324,3628775,0,1.10,
P-8030-90-2026-00008,3628774,0,1.10,
P-1200-90-2026-01081,3628890,0,1.10,
P-9086-90-2026-00195,3627299,0,1.10,
P-4000-90-2026-00606,3627329,0,1.10,
P-4006-92-2026-00110,3628590,0,1.10,
P-2200-90-2026-00370,3628194,0,1.10,
P-8069-96-2026-00002,3607030,38,5.50,
P-2400-90-2026-01686,3628554,0,1.10,
P-4200-90-2026-00790,3628073,0,1.10,
P-4200-90-2026-00817,3628803,0,1.10,
P-9061-91-2026-00356,3628280,0,1.10,
P-1477-90-2026-00159,3628240,0,1.10,
P-2400-90-2026-01642,3627671,0,1.10,
P-2400-90-2026-01721,3628984,0,1.10,
P-4006-92-2026-00105,3627880,0,1.10,
P-4202-90-2026-00267,3628385,0,1.10,
P-9075-90-2026-00124,3628921,0,1.10,
P-3200-90-2026-01279,3627546,0,1.10,
P-2000-90-2026-00274,3627482,0,1.10,
P-2600-90-2026-00209,3627629,0,1.10,
P-2400-90-2026-01694,3628659,0,1.10,
P-2000-90-2026-00288,3628674,0,1.10,
P-9086-90-2026-00201,3628787,0,1.10,
P-1411-90-2026-00422,3628956,0,1.10,
P-4000-90-2026-00635,3628627,0,1.10,
P-3200-90-2026-01338,3628981,0,1.10,
P-3600-90-2026-00324,3628235,0,1.70,
P-3200-90-2026-01308,3628398,0,1.10,
P-2407-90-2026-00402,3628954,0,1.10,
P-2000-90-2026-00273,3627381,0,1.10,
P-2400-90-2026-01641,3627685,0,1.10,
P-2400-90-2026-01669,3628188,0,1.10,
P-2200-90-2026-00377,3628593,0,1.10,
P-2400-90-2026-01615,3627336,0,1.10,
P-4200-90-2026-00819,3628823,0,1.10,
P-3200-90-2026-01309,3628403,0,1.10,
P-9082-90-2026-00049,3627431,0,1.10,
P-2400-90-2026-01707,3628800,0,1.10,
P-3800-90-2026-00458,3627307,0,1.10,
P-2400-90-2026-01674,3628296,0,1.10,
P-3800-90-2026-00486,3628863,0,1.10,
P-3600-90-2026-00331,3628767,0,1.70,
P-1200-90-2026-01016,3627684,0,1.10,
P-1200-90-2026-01013,3627610,0,1.10,
P-2400-90-2026-01629,3627519,0,1.10,
P-1200-90-2026-01018,3627688,0,1.10,
P-2202-90-2026-00389,3627879,0,1.10,
P-3211-90-2025-01471,3314003,2,1.10,
P-2604-90-2026-00167,3628565,0,1.10,
P-1488-90-2026-00267,3628506,0,1.10,
P-4400-90-2026-00335,3627653,0,1.10,
P-3200-90-2026-01296,3628183,0,1.10,
P-2000-90-2026-00277,3627582,0,1.10,
P-2301-90-2026-00153,3628741,0,1.70,
P-4000-90-2026-00607,3627418,0,1.10,
P-9061-91-2026-00334,3627286,0,1.10,
P-1492-90-2026-00107,3627781,0,1.10,
P-4000-90-2026-00618,3627920,0,1.10,
P-2200-90-2026-00355,3627458,0,1.10,
P-1411-90-2026-00403,3627483,0,1.10,
P-2400-90-2026-01696,3628671,0,1.10,
P-9086-90-2026-00202,3628968,0,1.10,
P-2604-90-2026-00166,3628487,0,1.10,
P-4203-90-2026-00269,3627777,0,1.10,
P-2200-90-2026-00359,3627632,0,1.10,
P-1488-90-2026-00265,3628190,0,1.10,
P-9097-90-2026-00105,3629044,0,1.10,
P-4200-90-2026-00795,3628281,0,1.10,
P-3603-90-2026-00117,3627967,0,1.10,
P-4006-91-2026-00369,3628754,0,1.10,
P-3200-90-2026-01320,3628755,0,1.10,
P-2407-90-2026-00396,3628343,0,1.10,
P-3400-90-2026-00240,3628295,0,1.70,
P-9086-90-2026-00198,3628234,0,1.10,
P-2604-90-2026-00163,3628325,0,1.10,
P-4006-90-2026-00272,3628287,0,1.10,
P-2604-90-2026-00158,3627706,0,1.10,
P-2400-90-2026-01633,3627566,0,1.10,
P-3603-90-2026-00123,3629075,0,1.10,
P-3211-90-2026-00471,3628128,0,1.10,
P-2403-92-2026-00118,3627849,0,1.10,
P-9078-90-2026-00018,3628564,0,1.10,
P-9061-91-2026-00348,3627333,0,1.10,
P-9102-90-2026-00026,3628284,0,1.10,
P-2200-90-2026-00362,3627856,0,1.10,
P-2400-90-2026-01695,3628668,0,1.10,
P-8035-90-2026-00062,3628350,0,1.10,
P-2400-90-2026-01664,3628133,0,1.10,
P-3400-90-2026-00244,3628451,0,1.70,
P-2200-90-2026-00379,3628677,0,1.10,
P-2214-90-2026-00103,3627731,0,1.10,
P-1411-90-2026-00407,3627785,0,1.10,
P-3205-90-2026-00157,3627938,0,1.10,
P-9097-90-2026-00106,3629060,0,1.10,
P-4000-90-2026-00632,3628535,0,1.10,
P-8069-97-2026-00003,3625546,0,6.60,
P-1474-92-2026-00018,3628318,0,1.70,
P-8000-90-2026-00122,3628705,0,1.70,
P-1200-90-2026-01073,3628765,0,1.10,
P-9097-90-2026-00102,3628534,0,1.10,
P-4000-90-2026-00633,3628562,0,1.10,
P-3211-90-2026-00467,3627863,0,1.10,
P-2400-90-2026-01691,3628589,0,1.10,
P-2400-90-2026-01618,3627375,0,1.10,
P-2200-90-2026-00352,3627331,0,1.10,
P-9086-90-2026-00197,3628217,0,1.10,
P-1411-90-2026-00414,3628370,0,1.10,
P-1400-90-2026-00163,3628124,0,1.10,
P-2408-90-2026-00288,3629034,0,1.10,
P-1200-90-2026-01029,3627959,0,1.10,
P-2200-90-2026-00376,3628488,0,1.10,
P-3200-90-2026-01301,3628293,0,1.10,
P-1200-91-2026-00249,3628076,0,1.10,
P-4202-90-2026-00268,3628885,0,1.70,
P-2605-90-2026-00028,3628061,0,1.10,
P-4202-90-2026-00263,3628121,0,1.10,
P-3200-90-2026-01381,3630112,0,1.10,
P-3600-90-2026-00342,3629405,0,1.70,
P-9061-91-2026-00414,3630463,0,1.10,
P-3800-90-2026-00506,3629864,0,1.10,
P-4200-90-2026-00822,3629101,0,1.10,
P-4200-90-2026-00855,3630147,0,1.10,
P-4006-91-2026-00394,3630441,0,1.70,
P-1200-90-2026-01153,3630540,0,1.10,
P-3211-91-2026-00292,3630765,0,1.10,
P-3200-90-2026-01429,3630800,0,1.10,
P-1452-90-2026-00113,3629679,0,1.10,
P-4005-90-2026-00146,3629882,0,1.10,
P-2202-90-2026-00433,3630665,0,1.10,
P-1200-90-2026-01098,3629324,0,1.10,
P-3211-90-2026-00510,3629856,0,1.10,
P-3200-90-2026-01380,3630094,0,1.10,
P-2400-91-2026-00203,3630259,0,1.10,
P-1400-92-2026-00117,3629837,0,1.10,
P-1200-90-2026-01131,3630210,0,1.10,
P-2400-90-2026-01814,3630809,0,1.10,
P-2407-90-2026-00430,3629746,0,1.10,
P-3600-90-2026-00361,3630089,0,1.70,
P-2403-90-2026-00370,3630684,0,1.10,
P-9086-90-2026-00206,3629741,0,1.10,
P-4006-90-2026-00292,3630196,0,1.10,
P-3400-90-2026-00250,3629779,0,1.10,
P-4200-90-2026-00845,3629890,0,1.70,
P-4000-90-2026-00680,3630598,0,1.10,
P-2403-90-2026-00357,3629335,0,1.10,
P-2403-90-2026-00377,3630770,0,1.10,
P-1411-90-2026-00443,3630030,0,1.10,
P-9102-91-2026-00015,3630510,0,1.10,
P-2400-90-2026-01795,3630440,0,1.10,
P-2400-90-2026-01737,3629276,0,1.10,
P-2403-91-2026-00038,3628148,0,1.10,
P-9076-91-2026-00017,3627335,0,1.10,
P-2202-90-2026-00426,3629935,0,1.10,
P-2408-90-2026-00310,3630262,0,1.10,
P-1488-90-2026-00275,3629727,0,1.10,
P-3211-90-2026-00522,3630694,0,1.10,
P-9076-90-2026-00090,3630274,0,1.10,
P-2600-90-2026-00232,3630283,0,1.10,
P-3800-90-2026-00499,3629619,0,1.70,
P-2400-90-2026-01776,3630173,0,1.10,
P-8072-90-2026-00068,3630662,0,1.10,
P-9076-90-2026-00092,3630577,0,1.10,
P-9071-90-2026-00044,3629706,0,1.10,
P-2407-90-2026-00444,3630729,0,1.10,
P-4000-90-2026-00645,3629437,0,1.10,
P-2400-91-2026-00201,3629911,0,1.10,
P-3205-90-2026-00176,3630304,0,1.10,
P-2400-90-2026-01733,3629236,0,1.10,
P-3200-90-2026-01360,3629333,0,1.10,
P-3200-90-2026-01354,3629224,0,1.10,
P-4006-91-2026-00384,3630033,0,1.10,
P-2403-90-2026-00362,3629755,0,1.10,
P-2403-90-2026-00365,3629893,0,1.10,
P-3600-90-2026-00344,3629526,0,1.70,
P-4006-91-2026-00388,3630225,0,1.70,
P-1492-91-2026-00062,3629974,0,1.10,
P-2400-90-2026-01758,3629738,0,1.10,
P-1411-90-2026-00442,3629992,0,1.10,
P-1200-90-2026-01097,3629269,0,1.10,
P-4200-90-2026-00852,3630060,0,1.10,
P-2400-90-2026-01728,3629118,0,1.10,
P-3200-90-2026-01395,3630234,0,1.10,
P-1492-90-2026-00123,3630201,0,1.10,
P-2400-90-2026-01806,3630592,0,1.10,
P-3200-90-2026-01405,3630483,0,1.10,
P-1200-90-2026-01156,3630576,0,1.10,
P-1411-90-2026-00450,3630708,0,1.10,
P-1411-90-2026-00441,3629847,0,1.10,
P-2214-92-2026-00113,3629885,0,1.10,
P-2202-90-2026-00421,3629650,0,1.10,
P-2604-90-2026-00177,3629539,0,1.10,
P-1411-90-2026-00430,3629223,0,1.10,
P-4400-90-2026-00357,3629268,0,1.10,
P-4202-90-2026-00288,3630150,0,1.10,
P-3200-90-2026-01358,3629315,0,1.10,
P-2400-90-2026-01749,3629461,0,1.10,
P-2600-90-2026-00231,3630227,0,1.10,
P-4400-90-2026-00361,3629913,0,1.10,
P-3800-90-2026-00496,3629555,0,1.10,
P-3900-90-2026-00068,3628356,0,1.10,
P-4200-90-2026-00825,3629174,0,1.10,
P-2400-90-2026-01802,3630511,0,1.10,
P-3600-90-2026-00345,3629538,0,1.10,
P-2400-90-2026-01796,3630465,0,1.10,
P-8069-96-2026-00002,3607030,41,1.10,
P-1488-91-2026-00281,3630115,0,1.10,
P-3200-90-2026-01425,3630777,0,1.10,
P-2200-90-2026-00413,3630522,0,1.10,
P-3600-90-2026-00362,3630125,0,1.70,
P-3211-90-2026-00521,3630611,0,1.10,
P-2409-91-2026-00005,3629929,0,1.10,
P-3200-90-2026-01419,3630604,0,1.10,
P-2202-90-2026-00427,3630188,0,1.10,
P-4000-90-2026-00643,3629295,0,1.10,
P-2400-90-2026-01791,3630352,0,1.10,
P-2200-90-2026-00416,3630583,0,1.10,
P-1453-90-2026-00029,3630805,0,1.10,
P-3600-90-2026-00357,3629937,0,1.70,
P-1200-90-2026-01151,3630536,0,1.10,
P-3600-90-2026-00352,3629790,0,1.70,
P-3600-90-2026-00354,3629868,0,1.70,
P-9068-91-2026-00065,3632624,0,1.10,
P-2000-90-2026-00320,3631250,0,1.10,
P-3603-90-2026-00141,3632665,0,1.10,
P-3200-90-2026-01502,3631864,0,1.10,
P-1488-90-2026-00292,3631779,0,1.10,
P-2405-92-2026-00069,3632322,0,1.10,
P-2604-90-2026-00194,3631819,0,1.10,
P-1488-91-2026-00298,3632525,0,1.10,
P-4200-90-2026-00939,3631907,0,1.10,
P-3600-90-2026-00408,3631622,0,1.70,
P-3211-90-2026-00536,3631852,0,1.10,
P-4200-90-2026-00940,3631908,0,1.10,
P-4202-90-2026-00298,3631835,0,1.10,
P-9078-90-2026-00020,3631377,0,1.10,
P-3800-90-2026-00561,3631827,0,1.10,
P-3211-90-2026-00538,3632172,0,1.10,
P-2604-90-2026-00198,3632439,0,1.10,
P-8000-91-2026-00116,3632508,0,1.10,
P-1200-90-2026-01179,3631214,0,1.10,
P-3211-91-2026-00298,3632389,0,1.10,
P-2202-90-2026-00460,3632327,0,1.10,
P-1492-90-2026-00129,3632527,0,1.10,
P-4006-90-2026-00317,3632075,0,1.10,
P-4200-90-2026-00979,3632666,0,1.10,
P-9086-90-2026-00218,3632329,0,1.10,
P-3200-92-2026-00133,3632625,0,1.10,
P-2604-90-2026-00196,3632171,0,1.10,
P-4000-90-2026-00726,3632493,0,1.10,
P-2200-90-2026-00467,3632145,0,1.10,
P-1492-90-2026-00132,3632939,0,1.10,
P-4200-90-2026-00956,3632254,0,1.10,
P-2400-90-2026-01846,3631165,0,1.10,
P-1411-91-2026-00061,3632855,0,1.10,
P-3200-90-2026-01547,3632408,0,1.10,
P-1452-90-2026-00123,3632832,0,1.10,
P-9082-90-2026-00057,3631823,0,1.10,
P-3200-90-2026-01600,3632989,0,1.10,
P-9086-90-2026-00212,3630841,0,1.10,
P-1200-90-2026-01291,3632893,0,1.10,
P-4400-90-2026-00402,3632800,0,1.10,
P-3800-90-2026-00577,3632255,0,1.10,
P-4000-90-2026-00690,3631180,0,1.10,
P-4000-90-2026-00711,3631987,0,1.10,
P-3200-90-2026-01515,3632011,0,1.10,
P-4200-90-2026-00975,3632548,0,1.10,
P-8000-91-2026-00115,3632063,0,1.70,
P-9070-91-2026-00012,3631972,0,1.10,
P-2400-90-2026-01958,3632718,0,1.10,
P-4000-90-2026-00745,3632819,0,1.10,
P-4200-90-2026-00888,3631005,0,1.10,
P-2400-90-2026-01940,3632534,0,1.10,
P-4202-91-2026-00063,3632199,0,1.10,
P-2400-90-2026-01943,3632570,0,1.10,
P-4000-90-2026-00708,3631801,0,1.10,
P-3200-90-2026-01568,3632582,0,1.10,
P-3800-90-2026-00596,3632801,0,1.10,
P-2400-90-2026-01818,3630864,0,1.10,
P-1411-90-2026-00477,3632864,0,1.10,
P-3400-90-2026-00267,3631943,0,1.70,
P-1488-92-2026-00128,3631999,0,1.10,
P-2400-90-2026-01964,3632756,0,1.10,
P-2200-90-2026-00476,3632633,0,1.10,
P-4200-90-2026-00946,3632107,0,1.10,
P-4006-90-2026-00331,3633006,0,1.10,
P-3200-90-2026-01438,3630922,0,1.10,
P-9061-91-2026-00429,3631916,0,1.10,
P-3200-90-2026-01461,3631302,0,1.10,
P-1200-90-2026-01309,3633062,0,1.10,
P-3211-90-2026-00520,3630549,0,1.10,
P-1492-91-2026-00069,3631634,0,1.10,
P-3800-90-2026-00564,3631891,0,1.10,
P-3800-91-2026-00048,3631610,0,1.10,
P-1200-90-2026-01218,3631939,0,1.10,
P-8067-91-2026-00078,3628206,0,1.10,
P-3600-90-2026-00438,3632564,0,1.70,
P-3211-91-2026-00294,3630943,0,1.10,
P-3211-93-2026-00012,3630260,0,1.10,
P-2408-90-2026-00326,3631785,0,1.10,
P-1200-90-2026-01225,3632057,0,1.10,
P-3200-90-2026-01601,3632999,0,1.10,
P-2400-90-2026-01896,3631921,0,1.10,
P-2400-90-2026-01994,3632975,0,1.10,
P-1200-91-2026-00304,3632797,0,1.10,
P-3200-90-2026-01486,3631666,0,1.10,
P-8072-90-2026-00070,3631954,0,1.10,
P-4000-90-2026-00716,3632180,0,1.10,
P-2200-90-2026-00429,3631154,0,1.10,
P-9071-90-2026-00050,3632096,0,1.10,
P-2200-90-2026-00475,3632544,0,1.10,
P-2408-91-2026-00024,3631742,0,1.10,
P-2000-92-2026-00163,3632647,0,1.10,
P-1400-90-2026-00196,3632420,0,1.70,
P-1200-90-2026-01242,3632259,0,1.10,
P-4006-90-2026-00328,3632906,0,1.10,
P-2301-90-2026-00179,3632751,0,1.10,
P-1488-91-2026-00294,3631807,0,1.10,
P-9077-92-2026-00022,3632421,0,1.10,
P-1200-90-2026-01220,3631991,0,1.10,
P-2400-90-2026-01922,3632350,0,1.10,
P-1488-90-2026-00295,3632105,0,1.10,
P-4200-90-2026-00971,3632466,0,1.10,
P-3200-90-2026-01587,3632900,0,1.10,
P-4000-90-2026-00739,3632663,0,1.10,
P-1200-90-2026-01272,3632604,0,1.10,
P-2407-90-2026-00493,3632264,0,1.10,
P-1200-90-2026-01266,3632531,0,1.10,
P-1200-90-2026-01298,3633020,0,1.10,
P-1200-90-2026-01307,3633059,0,1.10,
P-2403-90-2026-00385,3631523,0,1.10,
P-2400-90-2026-01866,3631470,0,1.10,
P-2400-90-2026-01828,3630908,0,1.10,
P-4000-90-2026-00686,3631045,0,1.10,
P-4200-90-2026-00897,3631161,0,1.10,
P-8035-91-2026-00082,3630833,0,1.10,
P-2000-90-2026-00314,3630937,0,1.10,
P-2600-90-2026-00234,3630878,0,1.10,
P-2604-90-2026-00188,3631055,0,1.10,
P-3800-90-2026-00532,3631134,0,1.10,
P-3200-90-2026-01468,3631385,0,1.10,
P-2403-90-2026-00379,3630987,0,1.10,
P-4200-90-2026-00895,3631090,0,1.10,
P-4203-90-2026-00288,3630900,0,1.10,
P-2400-90-2026-01847,3631170,0,1.10,
P-3800-90-2026-00543,3631391,0,1.10,
P-4400-90-2026-00369,3630884,0,1.10,
P-2407-91-2026-00096,3631306,0,1.10,
P-3200-90-2026-01475,3631503,0,1.10,
P-3200-90-2026-01478,3631540,0,1.10,
P-2400-90-2026-01836,3631009,0,1.10,
P-4200-90-2026-00919,3631529,0,1.10,
P-3800-90-2026-00549,3631553,0,1.10,
P-2604-90-2026-00192,3631448,0,1.10,
P-3800-90-2026-00534,3631172,0,1.10,
P-3400-90-2026-00258,3631110,0,1.70,
P-3205-90-2026-00188,3631630,0,1.10,
P-1488-90-2026-00290,3631734,0,1.10,
P-4200-90-2026-00890,3631044,0,1.10,
P-3200-90-2026-01440,3630970,0,1.10,
P-2200-90-2026-00426,3631058,0,1.10,
P-1488-90-2026-00286,3631655,0,1.10,
P-3200-90-2026-01463,3631321,0,1.10,
P-1200-90-2026-01189,3631347,0,1.10,
P-2200-90-2026-00446,3631592,0,1.70,
P-3800-90-2026-00539,3631267,0,1.10,
P-4400-91-2026-00138,3631672,0,1.10,
P-2406-90-2026-00085,3631414,0,1.10,
P-4000-90-2026-00694,3631322,0,1.10,
P-2200-90-2026-00453,3631722,0,1.10,
P-2200-90-2026-00418,3630873,0,1.10,
P-1488-90-2026-00301,3633025,0,1.10,
P-2400-90-2026-01887,3631772,0,1.10,
P-2000-90-2026-00329,3631887,0,1.10,
P-4200-90-2026-00924,3631604,0,1.70,
P-4200-90-2026-00983,3632772,0,1.10,
P-4200-90-2026-00953,3632195,0,1.10,
P-4202-90-2026-00301,3631983,0,1.10,
P-9075-90-2026-00136,3631355,0,1.10,
P-2408-90-2026-00318,3631050,0,1.10,
P-2407-90-2026-00502,3632488,0,1.10,
P-4203-90-2026-00289,3630927,0,1.10,
P-3600-90-2026-00395,3631327,0,1.70,
P-2409-90-2026-00071,3631206,0,1.10,
P-3200-90-2026-01493,3631761,0,1.10,
P-3200-90-2026-01583,3632818,0,1.10,
P-1200-90-2026-01279,3632749,0,1.10,
P-1200-91-2026-00300,3632523,0,1.10,
P-3200-90-2026-01520,3632110,0,1.10,
P-4000-90-2026-00731,3632537,0,1.10,
P-2600-90-2026-00250,3632094,0,1.10,
P-2000-90-2026-00321,3631363,0,1.10,
P-4200-90-2026-00958,3632274,0,1.70,
P-4202-91-2026-00064,3632866,0,1.70,
P-2202-90-2026-00466,3632935,0,1.10,
P-4200-90-2026-00913,3631455,0,1.10,
P-2000-90-2026-00332,3632026,0,1.10,
P-2202-90-2026-00455,3631950,0,1.10,
P-8035-91-2026-00085,3632993,0,1.10,
P-1411-90-2026-00472,3632228,0,1.10,
P-9061-91-2026-00417,3630842,0,1.10,
P-4200-90-2026-00884,3630939,0,1.10,
P-2400-90-2026-01822,3630892,0,1.10,
P-2200-90-2026-00427,3631062,0,1.10,
P-3200-90-2026-01451,3631215,0,1.10,
P-2200-90-2026-00481,3632733,0,1.10,
P-3200-92-2026-00136,3632764,0,1.10,
P-2600-90-2026-00263,3632806,0,1.10,
P-1411-90-2026-00465,3631865,0,1.10,
P-3200-91-2026-00117,3632542,0,1.10,
P-3200-90-2026-01579,3632775,0,1.10,
P-9097-90-2026-00116,3630903,0,1.10,
P-2405-90-2025-00294,3338312,2,1.70,
P-3200-90-2026-01584,3632871,0,1.10,
P-9082-91-2026-00013,3629807,0,1.10,
P-2400-90-2026-01915,3632202,0,1.10,
P-3200-90-2026-01470,3631425,0,1.10,
P-2400-90-2026-01855,3631312,0,1.10,
P-3200-90-2026-01603,3633021,0,1.10,
P-2301-91-2026-00047,3632895,0,1.10,
P-8061-91-2026-00013,3631143,0,1.10,
P-9022-98-2025-00018,3482309,8,1.10,
P-4200-90-2026-00943,3632008,0,1.10,
P-3200-90-2026-01538,3632343,0,1.10,
P-4005-90-2026-00158,3631618,0,1.10,
P-3200-90-2026-01444,3630999,0,1.10,
P-8000-91-2026-00112,3631217,0,1.10,
P-2403-90-2026-00386,3631552,0,1.10,
P-9076-92-2026-00021,3632056,0,1.10,
P-4200-90-2026-00892,3631102,0,1.10,
P-1200-90-2026-01327,3633150,0,1.10,
P-1200-90-2026-01328,3633185,0,1.10,
P-4200-90-2026-01011,3633266,0,1.10,
P-4200-90-2026-01012,3633289,0,1.10,
P-3211-90-2026-00550,3633359,0,1.10,
P-2407-90-2026-00545,3633296,0,1.10,
P-4200-90-2026-00998,3633115,0,1.10,
P-2400-90-2026-02014,3633071,0,1.10,
P-9077-90-2026-00119,3633230,0,1.10,
P-1411-92-2026-00186,3633349,0,1.10,
P-1200-90-2026-01323,3633120,0,1.10,
P-2400-90-2026-02023,3633103,0,1.10,
P-2407-90-2026-00540,3633293,0,1.10,
P-9086-90-2026-00223,3633302,0,1.10,
P-1200-90-2026-01319,3633092,0,1.10,
P-1411-90-2026-00482,3633258,0,1.10,
P-3603-90-2026-00145,3633191,0,1.10,
P-9097-90-2026-00120,3633397,0,1.10,
P-2400-90-2026-02058,3633330,0,1.10,
P-2400-90-2026-02022,3633102,0,1.10,
P-2400-90-2026-02027,3633079,0,1.10,
P-2400-90-2026-02062,3633394,0,1.10,
P-4200-90-2026-01024,3633436,0,1.10,
P-1492-90-2026-00140,3633797,0,1.10,
P-2400-90-2026-02094,3633666,0,1.10,
P-1477-90-2026-00178,3633703,0,1.10,
P-9075-90-2026-00153,3633781,0,1.10,
P-2202-90-2026-00497,3633675,0,1.70,
P-2408-90-2026-00359,3633792,0,1.10,
P-2407-90-2026-00557,3633538,0,1.10,
P-2403-90-2026-00421,3633739,0,1.10,
P-2400-90-2026-02114,3633890,0,1.10,
P-3800-90-2026-00609,3633729,0,1.10,
P-4200-90-2026-01039,3633576,0,1.10,
P-9067-90-2026-00018,3633376,0,1.10,
P-9076-90-2026-00108,3633581,0,1.10,
P-3205-90-2026-00197,3633619,0,1.10,
P-9082-90-2026-00063,3633603,0,1.10,
P-2408-90-2026-00346,3633458,0,1.10,
P-8035-90-2026-00073,3633838,0,1.10,
P-4203-90-2026-00324,3633779,0,1.10,
P-2408-90-2026-00342,3633405,0,1.10,
P-2403-90-2026-00407,3633414,0,1.10,
P-2202-90-2026-00486,3633472,0,1.10,
P-4200-90-2026-01040,3633562,0,1.70,
P-2403-90-2026-00413,3633460,0,1.10,
P-1452-90-2026-00128,3633634,0,1.10,
P-9086-90-2026-00225,3633478,0,1.10,
P-3800-90-2026-00606,3633377,0,1.10,
P-1200-90-2026-01331,3633579,0,1.10,
P-4200-90-2026-01026,3633423,0,1.10,
P-9091-90-2026-00054,3633748,0,1.10,
P-4006-90-2026-00347,3633688,0,1.10,
P-1411-90-2026-00491,3633461,0,1.10,
P-2408-90-2026-00357,3633763,0,1.10,
P-2400-90-2026-02100,3633765,0,1.10,
P-1411-90-2026-00495,3633757,0,1.10,
P-2406-90-2026-00087,3633806,0,1.10,
P-3211-90-2026-00564,3633896,0,1.10,
P-1477-90-2026-00181,3633807,0,1.10,
P-2202-90-2026-00494,3633627,0,1.70,
P-2408-90-2026-00341,3633404,0,1.10,
P-4200-90-2026-01031,3633501,0,1.10,
P-2400-90-2026-02099,3633689,0,1.10,
P-3901-90-2026-00086,3633665,0,1.10,
P-4005-90-2026-00166,3633815,0,1.10,
P-2405-90-2026-00103,3633543,0,1.10,
P-2400-90-2026-02113,3633889,0,1.10,
P-4200-90-2026-01025,3633419,0,1.10,
P-2407-90-2026-00564,3633737,0,1.10,
P-2202-90-2026-00504,3633793,0,1.10,
P-2406-90-2026-00090,3635322,0,1.10,
P-1200-90-2026-01414,3635825,0,1.10,
P-4000-90-2026-00829,3636042,0,1.10,
P-3200-90-2026-01713,3635609,0,1.10,
P-2400-90-2026-02246,3635805,0,1.10,
P-2400-90-2026-02249,3635885,0,1.10,
P-1400-92-2026-00162,3635405,0,1.10,
P-3600-90-2026-00456,3634495,0,1.70,
P-2400-90-2026-02169,3634642,0,1.10,
P-3200-90-2026-01728,3635874,0,1.10,
P-9071-90-2026-00058,3634964,0,1.10,
P-3200-90-2026-01697,3635390,0,1.10,
P-8000-98-2026-00002,3607368,0,28.60,
P-1474-90-2026-00117,3634430,0,1.10,
P-3211-90-2026-00577,3634902,0,1.10,
P-3200-90-2026-01608,3634110,0,1.10,
P-1200-90-2026-01416,3635830,0,1.10,
P-1200-90-2026-01418,3635856,0,1.10,
P-3211-90-2026-00579,3635281,0,1.10,
P-2400-90-2026-02300,3636533,0,1.10,
P-4400-90-2026-00437,3635779,0,1.10,
P-4200-90-2026-01146,3636073,0,1.10,
P-4006-91-2026-00453,3635193,0,1.70,
P-1488-91-2026-00330,3636418,0,1.10,
P-1411-90-2026-00511,3634758,0,1.10,
P-4000-90-2026-00797,3635619,0,1.10,
P-3200-90-2026-01680,3635168,0,1.10,
P-4200-90-2026-01086,3634549,0,1.10,
P-1411-90-2026-00531,3636364,0,1.10,
P-9061-90-2026-00275,3634188,0,1.10,
P-2400-90-2026-02213,3635372,0,1.10,
P-3600-90-2026-00487,3635492,0,1.70,
P-2400-90-2026-02138,3634100,0,1.10,
P-2400-90-2026-02228,3635592,0,1.10,
P-2400-90-2026-02143,3634153,0,1.10,
P-1452-90-2026-00132,3634038,0,1.10,
P-3200-90-2026-01620,3634277,0,1.10,
P-4000-90-2026-00757,3634332,0,1.10,
P-3800-90-2026-00631,3634668,0,1.10,
P-3600-90-2026-00485,3635454,0,1.10,
P-4400-90-2026-00422,3634791,0,1.10,
P-1200-90-2026-01438,3636000,0,1.10,
P-3200-90-2026-01646,3634834,0,1.10,
P-3800-90-2026-00666,3635475,0,1.10,
P-1492-90-2026-00149,3635792,0,1.10,
P-3200-90-2026-01651,3634918,0,1.10,
P-3800-90-2026-00679,3635870,0,1.10,
P-2400-90-2026-02247,3635861,0,1.10,
P-2400-90-2026-02297,3636509,0,1.10,
P-1400-90-2026-00217,3635659,0,1.10,
P-9061-91-2026-00481,3635150,0,1.10,
P-2000-90-2026-00379,3635155,0,1.10,
P-1200-90-2026-01451,3636163,0,1.10,
P-1200-90-2026-01399,3635668,0,1.10,
P-3600-90-2026-00476,3635186,0,1.70,
P-2400-90-2026-02280,3636211,0,1.10,
P-2403-90-2026-00448,3635223,0,1.10,
P-2301-90-2026-00199,3636024,0,1.10,
P-4400-90-2026-00416,3634526,0,1.10,
P-4203-90-2026-00341,3635216,0,1.10,
P-1200-90-2026-01345,3634486,0,1.10,
P-2400-90-2026-02256,3635950,0,1.10,
P-1492-90-2026-00144,3634782,0,1.10,
P-3200-90-2026-01737,3635924,0,1.10,
P-1200-91-2026-00318,3635085,0,1.10,
P-4000-90-2026-00811,3635778,0,1.10,
P-2400-90-2026-02224,3635460,0,1.10,
P-2600-90-2026-00281,3635215,0,1.10,
P-2408-90-2026-00367,3634220,0,1.10,
P-4000-90-2026-00795,3635539,0,1.10,
P-9061-91-2026-00445,3633960,0,1.10,
P-2000-90-2026-00354,3634034,0,1.10,
P-3211-91-2026-00308,3634398,0,1.10,
P-2604-90-2026-00237,3636202,0,1.10,
P-3211-90-2026-00565,3634216,0,1.10,
P-4203-90-2026-00335,3634796,0,1.10,
P-3200-90-2026-01717,3635681,0,1.10,
P-2409-90-2026-00080,3634359,0,1.10,
P-2600-90-2026-00282,3635218,0,1.10,
P-3200-90-2026-01626,3634485,0,1.10,
P-2403-90-2026-00444,3634894,0,1.10,
P-2202-90-2026-00522,3634491,0,1.10,
P-2400-90-2026-02287,3636399,0,1.10,
P-2400-90-2026-02180,3634809,0,1.10,
P-1411-90-2026-00510,3634752,0,1.10,
P-2400-90-2026-02277,3636193,0,1.10,
P-2403-90-2026-00450,3635327,0,1.10,
P-2400-90-2026-02134,3634070,0,1.10,
P-3205-90-2026-00208,3634733,0,1.10,
P-1452-90-2026-00138,3635180,0,1.10,
P-3200-90-2026-01605,3634061,0,1.10,
P-2000-90-2026-00383,3635307,0,1.10,
P-2604-90-2026-00230,3635433,0,1.10,
P-4000-90-2026-00841,3636170,0,1.10,
P-4000-90-2026-00753,3634124,0,1.10,
P-2604-90-2026-00229,3635293,0,1.10,
P-3200-90-2026-01672,3635109,0,1.10,
P-9077-92-2026-00028,3635739,0,1.10,
P-4400-91-2026-00149,3635578,0,1.70,
P-3600-90-2026-00449,3634236,0,1.70,
P-3200-90-2026-01635,3634601,0,1.10,
P-2200-90-2026-00494,3634378,0,1.10,
P-1400-90-2026-00219,3635677,0,1.10,
P-2000-90-2026-00405,3636223,0,1.10,
P-2405-90-2026-00139,3635222,0,1.10,
P-2200-90-2026-00534,3636156,0,1.10,
P-2000-90-2026-00381,3635224,0,1.10,
P-1492-92-2026-00140,3634195,0,1.10,
P-4006-92-2026-00132,3635100,0,1.10,
P-2400-90-2026-02243,3635818,0,1.10,
P-2000-90-2026-00406,3636237,0,1.10,
P-2400-90-2026-02146,3634229,0,1.10,
P-2000-90-2026-00362,3634310,0,1.10,
P-4006-92-2026-00126,3634238,0,1.10,
P-1474-91-2026-00038,3634512,0,1.70,
P-3800-90-2026-00686,3636007,0,1.10,
P-2400-90-2026-02198,3635144,0,1.10,
P-4006-90-2026-00373,3635689,0,1.10,
P-2202-90-2026-00542,3636338,0,1.10,
P-4200-90-2026-01148,3636148,0,1.10,
P-2400-90-2026-02142,3634125,0,1.10,
P-2200-90-2026-00524,3635208,0,1.10,
P-2202-90-2026-00525,3634661,0,1.10,
P-3600-90-2026-00448,3634150,0,1.70,
P-2403-90-2026-00439,3634599,0,1.10,
P-2403-90-2026-00460,3635708,0,1.10,
P-4203-90-2026-00329,3634172,0,1.10,
P-3800-90-2026-00619,3634246,0,1.10,
P-3200-90-2026-01764,3636248,0,1.10,
P-1474-90-2026-00124,3635770,0,1.10,
P-1200-90-2026-01404,3635759,0,1.10,
P-9061-91-2026-00487,3635645,0,1.10,
P-2408-90-2026-00372,3634729,0,1.10,
P-1488-90-2026-00329,3635605,0,1.10,
P-3800-90-2026-00643,3634891,0,1.10,
P-4400-90-2026-00421,3634768,0,1.10,
P-4200-90-2026-01105,3634849,0,1.10,
P-3200-90-2026-01739,3635929,0,1.10,
P-1411-90-2026-00526,3636297,0,1.10,
P-2000-90-2026-00389,3635669,0,1.10,
P-4006-90-2026-00363,3634497,0,1.10,
P-3200-90-2026-01757,3636082,0,1.10,
P-4000-90-2026-00819,3635849,0,1.10,
P-1488-90-2026-00336,3635963,0,1.10,
P-1477-90-2026-00190,3635311,0,1.10,
P-4006-90-2026-00388,3636374,0,1.10,
P-3200-90-2026-01752,3636026,0,1.10,
P-3800-90-2026-00695,3636244,0,1.10,
P-4400-90-2026-00408,3634256,0,1.10,
P-2403-90-2026-00430,3634379,0,1.10,
P-4200-90-2026-01118,3635156,0,1.10,
P-2403-90-2026-00447,3635190,0,1.10,
P-2000-90-2026-00360,3634255,0,1.10,
P-1411-90-2026-00529,3636342,0,1.10,
P-2400-90-2026-02160,3634488,0,1.70,
P-1200-90-2026-01336,3634001,0,1.10,
P-9078-91-2026-00017,3635915,0,1.70,
P-3200-90-2026-01732,3635886,0,1.10,
P-3200-90-2026-01609,3634129,0,1.10,
P-3200-90-2026-01759,3636151,0,1.10,
P-2400-90-2026-02129,3634020,0,1.10,
P-2400-90-2026-02258,3635985,0,1.10,
P-2600-90-2026-00287,3635336,0,1.10,
P-2400-90-2026-02284,3636284,0,1.10,
P-3800-90-2026-00655,3635141,0,1.10,
P-1411-90-2026-00523,3635866,0,1.10,
P-1200-90-2026-01364,3634966,0,1.10,
P-4000-90-2026-00782,3635122,0,1.10,
P-2202-92-2026-00378,3634263,0,1.10,
P-4200-90-2026-01117,3635129,0,1.10,
P-9067-92-2026-00010,3635024,0,1.10,
P-3600-90-2026-00488,3635528,0,1.70,
P-3200-90-2026-01801,3636447,0,1.10,
P-9076-90-2026-00110,3633959,0,1.10,
P-1411-90-2026-00502,3634087,0,1.10,
P-3205-91-2026-00058,3634555,0,1.10,
P-1411-90-2026-00541,3636516,0,1.10,
P-4400-90-2026-00442,3636168,0,1.10,
P-2403-90-2026-00465,3636252,0,1.10,
P-2403-91-2026-00047,3636330,0,1.10,
P-1200-90-2026-01452,3636166,0,1.10,
P-3200-90-2026-01790,3636372,0,1.10,
P-2200-90-2026-00520,3635070,0,1.10,
P-4005-90-2026-00168,3634230,0,1.10,
P-3603-90-2026-00151,3634573,0,1.10,
P-3211-91-2026-00313,3635366,0,1.10,
P-3800-90-2026-00645,3634916,0,1.10,
P-3800-90-2026-00634,3634721,0,1.10,
P-3800-90-2026-00682,3635962,0,1.10,
P-2403-90-2026-00441,3634712,0,1.10,
P-3600-90-2026-00458,3634597,0,1.70,
P-2400-90-2026-02131,3634041,0,1.10,
P-3800-90-2026-00622,3634395,0,1.10,
P-4200-90-2026-01138,3635811,0,1.10,
P-9068-90-2026-00088,3636062,0,1.10,
P-3200-90-2026-01695,3635290,0,1.10,
P-4400-90-2026-00413,3634425,0,1.10,
P-9075-90-2026-00164,3636499,0,1.10,
P-3200-90-2026-01709,3635530,0,1.10,
P-1411-90-2026-00522,3635831,0,1.10,
P-9071-90-2026-00060,3636286,0,1.10,
P-3200-90-2026-01671,3635103,0,1.10,
P-1477-90-2026-00199,3636409,0,1.10,
P-3200-90-2026-01735,3635901,0,1.10,
P-4000-90-2026-00828,3636037,0,1.10,
P-4000-90-2026-00774,3634934,0,1.10,
P-1200-90-2026-01423,3635875,0,1.10,
P-3200-90-2026-01611,3634178,0,1.10,
P-8072-90-2026-00076,3635800,0,1.10,
P-1200-91-2026-00319,3635115,0,1.10,
P-3205-90-2026-00222,3636397,0,1.10,
P-4000-90-2026-00858,3636776,0,1.10,
P-3800-90-2026-00711,3636920,0,1.10,
P-3800-90-2026-00702,3636635,0,1.10,
P-2403-90-2026-00475,3636872,0,1.10,
P-3600-90-2026-00513,3636740,0,1.10,
P-2400-90-2026-02331,3636941,0,1.10,
P-8000-90-2026-00155,3636949,0,1.10,
P-4203-90-2026-00369,3637205,0,1.10,
P-9077-90-2026-00136,3637314,0,1.10,
P-9086-90-2026-00245,3636542,0,1.10,
P-4200-90-2026-01173,3637036,0,1.10,
P-4000-90-2026-00881,3637457,0,1.10,
P-3400-90-2026-00301,3636658,0,1.70,
P-9061-91-2026-00500,3637059,0,1.10,
P-2604-90-2026-00244,3637086,0,1.10,
P-4200-90-2026-01184,3637242,0,1.10,
P-2405-90-2026-00142,3636737,0,1.10,
P-2400-90-2026-02378,3637572,0,1.10,
P-3205-90-2026-00237,3637598,0,1.10,
P-4000-90-2026-00884,3637633,0,1.10,
P-1411-90-2026-00549,3637187,0,1.10,
P-2000-90-2026-00411,3636889,0,1.10,
P-2408-90-2026-00413,3637601,0,1.10,
P-9076-90-2026-00121,3637500,0,1.10,
P-1200-90-2026-01513,3637370,0,1.10,
P-2604-90-2026-00246,3637458,0,1.10,
P-4200-90-2026-01210,3637760,0,1.10,
P-2400-90-2026-02389,3637689,0,1.10,
P-3200-90-2026-01841,3637649,0,1.10,
P-4400-90-2026-00448,3636764,0,1.10,
P-4203-90-2026-00363,3636973,0,1.10,
P-4203-90-2026-00360,3636813,0,1.10,
P-9076-91-2026-00020,3636502,0,1.10,
P-1200-90-2026-01494,3636919,0,1.10,
P-4000-90-2026-00850,3636637,0,1.10,
P-3800-90-2026-00716,3637082,0,1.10,
P-2406-90-2026-00093,3637291,0,1.10,
P-2600-90-2026-00302,3637447,0,1.10,
P-3600-90-2026-00520,3636977,0,1.10,
P-3800-90-2026-00725,3637340,0,1.10,
P-3400-90-2026-00306,3637414,0,1.70,
P-3600-90-2026-00530,3637503,0,1.70,
P-4000-90-2026-00859,3636849,0,1.10,
P-2400-90-2026-02337,3637067,0,1.10,
P-2400-90-2026-02340,3637078,0,1.10,
P-3400-90-2026-00303,3636988,0,1.10,
P-9086-91-2026-00081,3637014,0,1.10,
P-2200-90-2026-00550,3637176,0,1.10,
P-4200-90-2026-01190,3637326,0,1.10,
P-4000-90-2026-00860,3636855,0,1.10,
P-3400-90-2026-00307,3637494,0,1.70,
P-4200-90-2026-01189,3637319,0,1.70,
P-2403-90-2026-00479,3637304,0,1.10,
P-1488-90-2026-00339,3636586,0,1.10,
P-2405-90-2026-00144,3637171,0,1.10,
P-9102-90-2026-00039,3637308,0,1.10,
P-2200-90-2026-00549,3637125,0,1.10,
P-2200-90-2026-00556,3637269,0,1.10,
P-1200-90-2026-01493,3636871,0,1.10,
P-1200-90-2026-01382,3635464,0,1.10,
P-1200-90-2026-01496,3636954,0,1.10,
P-2600-90-2026-00301,3637208,0,1.10,
P-1200-90-2026-01477,3636598,0,1.10,
P-4202-90-2026-00322,3637238,0,1.10,
P-3200-90-2026-01802,3636569,0,1.10,
P-2000-90-2026-00407,3636549,0,1.10,
P-3200-90-2026-01822,3637227,0,1.10,
P-4200-90-2026-01161,3636745,0,1.10,
P-2200-90-2026-00559,3637355,0,1.10,
P-3200-90-2026-01881,3638119,0,1.10,
P-8000-90-2026-00157,3637141,0,1.10,
P-8069-96-2026-00002,3607030,44,7.70,
P-2400-90-2026-02401,3637902,0,1.10,
P-2400-90-2026-02416,3638046,0,1.10,
P-2403-90-2026-00472,3636620,0,1.10,
P-1200-90-2026-01335,3633999,0,1.10,
P-8000-90-2026-00166,3638045,0,1.10,
P-1200-90-2026-01568,3638198,0,1.10,
P-2400-90-2026-02407,3637931,0,1.10,
P-4400-90-2026-00462,3637919,0,1.10,
P-2408-90-2026-00416,3637787,0,1.10,
P-1200-90-2026-01487,3636730,0,1.10,
P-1488-91-2026-00339,3637443,0,1.10,
P-3205-91-2026-00060,3637627,0,1.10,
P-3200-90-2026-01862,3637908,0,1.10,
P-4400-90-2026-00465,3638051,0,1.10,
P-4200-90-2026-01212,3637821,0,1.10,
P-2000-91-2026-00024,3638193,0,1.10,
P-4000-90-2026-00873,3637193,0,1.10,
P-3200-90-2026-01857,3637858,0,1.10,
P-4400-90-2026-00451,3636931,0,1.10,
P-9093-90-2026-00042,3637455,0,1.10,
P-4006-90-2026-00392,3637012,0,1.10,
P-2400-90-2026-02399,3637869,0,1.10,
P-1200-90-2026-01551,3638055,0,1.10,
P-1492-90-2026-00153,3637847,0,1.10,
P-1400-92-2026-00179,3637999,0,1.70,
P-2301-90-2026-00202,3636854,0,1.10,
P-1400-90-2026-00229,3637734,0,1.10,
P-3200-90-2026-01869,3637927,0,1.10,
P-9077-90-2026-00140,3638003,0,1.10,
P-4006-90-2026-00414,3638068,0,1.10,
P-2405-90-2026-00141,3636686,0,1.10,
P-2400-90-2026-02374,3637513,0,1.10,
P-2408-90-2026-00406,3637092,0,1.10,
P-2400-90-2026-02367,3637453,0,1.10,
P-2407-90-2026-00631,3638090,0,1.10,
P-3800-90-2026-00740,3637888,0,1.10,
P-2400-90-2026-02417,3638048,0,1.10,
P-3200-92-2026-00146,3637994,0,1.10,
P-3200-90-2026-01868,3637924,0,1.10,
P-2202-90-2026-00565,3638435,0,1.10,
P-9075-90-2026-00169,3638575,0,1.10,
P-2400-90-2026-02421,3638059,0,1.10,
P-4400-90-2026-00470,3638306,0,1.10,
P-1400-90-2026-00231,3637952,0,1.70,
P-3400-90-2026-00309,3637602,0,1.70,
P-1200-90-2026-01573,3638274,0,1.10,
P-2200-90-2026-00573,3638295,0,1.10,
P-3200-90-2026-01888,3638208,0,1.10,
P-2403-90-2026-00496,3638471,0,1.10,
P-1200-91-2026-00354,3638542,0,1.10,
P-2301-90-2026-00212,3638422,0,1.70,
P-9082-91-2026-00021,3637829,0,1.10,
P-2202-90-2026-00566,3638444,0,1.10,
P-2400-93-2026-00031,3638388,0,1.10,
P-2600-90-2026-00307,3638326,0,1.10,
P-1411-91-2026-00069,3638566,0,1.10,
P-2408-90-2026-00420,3638532,0,1.10,
P-1200-90-2026-01559,3638133,0,1.10,
P-1400-92-2026-00181,3638016,0,1.70,
P-2400-90-2026-02427,3638092,0,1.10,
P-2400-90-2026-02444,3638383,0,1.10,
P-3800-90-2026-00752,3638286,0,1.10,
P-3211-90-2026-00625,3638452,0,1.10,
P-3200-90-2026-01928,3638595,0,1.10,
P-1488-90-2026-00350,3638263,0,1.10,
P-1200-90-2026-01592,3638531,0,1.10,
P-9070-90-2026-00073,3638576,0,1.10,
P-9068-90-2026-00094,3638241,0,1.10,
P-3200-90-2026-01926,3638567,0,1.10,
P-2406-90-2026-00099,3638598,0,1.10,
P-3200-90-2026-01899,3638380,0,1.10,
P-4202-90-2026-00332,3638371,0,1.10,
P-1488-90-2026-00351,3638438,0,1.10,
P-2400-90-2026-02420,3638057,0,1.10,
P-2400-90-2026-02451,3638559,0,1.10,
P-3205-91-2026-00063,3638449,0,1.10,
P-2400-90-2026-02456,3638607,0,1.10,
P-4000-90-2026-00891,3637896,0,1.10,
P-1200-90-2026-01508,3637211,0,1.10,
P-4006-92-2026-00142,3637943,0,1.10,
P-1200-90-2026-01544,3637932,0,1.10,
P-4000-90-2026-00887,3637743,0,1.10,
P-1200-91-2026-00346,3638114,0,1.10,
P-1411-90-2026-00562,3638565,0,1.10,
P-2408-92-2026-00173,3638549,0,1.10,
P-3600-90-2026-00537,3638121,0,1.70,
P-4000-90-2026-00896,3637950,0,1.10,
P-3200-90-2026-01894,3638294,0,1.10,
P-2400-90-2026-02425,3638085,0,1.10,
P-2407-90-2026-00633,3638560,0,1.10,
P-4000-90-2026-00892,3637905,0,1.10,
P-4200-90-2026-01200,3637499,0,1.10,
P-1488-90-2026-00344,3637591,0,1.10,
P-2600-90-2026-00305,3637966,0,1.10,
P-9061-91-2026-00535,3637846,0,1.10,
P-4200-90-2026-01237,3638373,0,1.10,
P-2400-90-2026-02398,3637865,0,1.10,
P-8000-90-2026-00163,3637731,0,1.10,
P-4006-91-2026-00501,3638314,0,1.10,
P-4203-91-2026-00042,3636659,0,1.10,
P-3800-90-2026-00755,3638378,0,1.10,
P-1474-91-2026-00051,3638386,0,1.70,
P-1200-91-2026-00347,3638143,0,1.10,
P-2000-90-2026-00429,3638786,0,1.10,
P-1200-90-2026-01621,3639018,0,1.10,
P-2400-90-2026-02475,3638839,0,1.10,
P-3800-90-2026-00763,3638756,0,1.10,
P-3200-90-2026-01960,3639207,0,1.10,
P-2000-90-2026-00440,3639822,0,1.10,
P-1200-90-2026-01624,3639078,0,1.10,
P-9077-90-2026-00149,3639770,0,1.10,
P-2400-90-2026-02552,3640127,0,1.10,
P-1492-90-2026-00164,3640190,0,1.10,
P-1200-90-2026-01604,3638712,0,1.10,
P-2202-90-2026-00579,3638779,0,1.10,
P-4203-90-2026-00384,3638837,0,1.10,
P-4203-90-2026-00389,3639083,0,1.10,
P-2301-90-2026-00224,3640072,0,1.10,
P-1200-90-2026-01674,3639972,0,1.10,
P-2202-92-2026-00427,3639634,0,1.10,
P-2400-90-2026-02549,3640103,0,1.10,
P-2409-90-2026-00094,3640339,0,1.10,
P-9068-90-2026-00100,3639417,0,1.10,
P-4000-90-2026-00946,3639585,0,1.10,
P-8000-90-2026-00176,3639175,0,1.10,
P-9022-98-2025-00018,3482309,9,2.20,
P-1488-91-2026-00346,3639151,0,1.10,
P-1400-90-2026-00248,3640358,0,1.70,
P-1452-90-2026-00149,3638675,0,1.10,
P-2400-90-2026-02467,3638685,0,1.10,
P-3211-91-2026-00351,3638981,0,1.10,
P-3603-90-2026-00177,3639306,0,1.10,
P-2400-90-2026-02488,3639023,0,1.10,
P-2400-90-2026-02485,3639012,0,1.10,
P-2400-92-2026-00325,3638760,0,1.10,
P-3800-90-2026-00782,3639433,0,1.10,
P-4200-90-2026-01245,3638664,0,1.10,
P-1200-90-2026-01620,3638975,0,1.10,
P-2400-90-2026-02523,3639607,0,1.10,
P-4203-90-2026-00398,3639545,0,1.10,
P-9061-91-2026-00567,3639097,0,1.10,
P-2403-90-2026-00502,3638948,0,1.10,
P-4000-90-2026-00928,3638887,0,1.10,
P-4200-90-2026-01267,3639287,0,1.10,
P-2400-90-2026-02499,3639201,0,1.10,
P-4202-90-2026-00348,3639670,0,1.10,
P-2407-90-2026-00645,3639332,0,1.10,
P-1474-90-2026-00130,3639450,0,1.10,
P-2202-90-2026-00590,3639554,0,1.10,
P-3211-90-2026-00641,3639240,0,1.10,
P-4400-90-2026-00464,3637992,0,1.10,
P-9071-90-2026-00066,3638808,0,1.10,
P-4006-90-2026-00423,3639535,0,1.10,
P-3600-90-2026-00562,3639688,0,1.70,
P-4400-90-2026-00486,3639994,0,1.10,
P-3400-90-2026-00332,3639574,0,1.10,
P-2200-90-2026-00580,3638895,0,1.10,
P-4200-91-2026-00065,3639140,0,1.10,
P-8035-90-2026-00083,3640025,0,1.10,
P-8000-90-2026-00180,3639700,0,1.70,
P-2604-90-2026-00265,3640292,0,1.10,
P-1452-90-2026-00151,3638814,0,1.10,
P-1411-90-2026-00572,3639446,0,1.10,
P-1200-90-2026-01657,3639724,0,1.10,
P-3800-90-2026-00790,3639784,0,1.10,
P-2600-90-2026-00315,3640121,0,1.10,
P-9091-90-2026-00094,3640250,0,1.10,
P-2403-90-2026-00504,3639044,0,1.10,
P-1200-90-2026-01653,3639648,0,1.10,
P-1200-90-2026-01641,3639474,0,1.10,
P-3200-90-2026-01966,3639318,0,1.10,
P-4400-90-2026-00487,3640001,0,1.10,
P-2200-91-2026-00025,3639687,0,1.10,
P-1411-90-2026-00573,3639484,0,1.10,
P-1200-91-2026-00370,3639691,0,1.10,
P-1411-90-2026-00578,3639734,0,1.10,
P-2400-90-2026-02491,3639075,0,1.10,
P-8000-91-2026-00137,3639988,0,1.70,
P-3200-90-2026-01978,3639608,0,1.10,
P-1200-91-2026-00372,3639779,0,1.10,
P-9068-92-2026-00035,3640360,0,1.10,
P-2600-92-2026-00084,3640100,0,1.10,
P-4400-91-2026-00155,3639741,0,1.70,
P-4005-90-2026-00196,3639968,0,1.10,
P-4200-90-2026-01291,3639681,0,1.10,
P-4200-90-2026-01313,3640088,0,1.10,
P-2405-90-2026-00153,3639468,0,1.10,
P-4200-90-2026-01317,3640333,0,1.10,
P-8072-90-2026-00079,3638709,0,1.10,
P-2400-90-2026-02476,3638845,0,1.10,
P-3205-90-2026-00252,3639277,0,1.10,
P-3200-90-2026-01979,3639617,0,1.10,
P-4200-90-2026-01309,3639991,0,1.10,
P-1200-90-2026-01676,3639956,0,1.10,
P-4200-90-2026-01307,3639931,0,1.10,
P-4005-90-2026-00199,3640264,0,1.10,
P-3200-90-2026-02013,3640237,0,1.10,
P-8035-91-2026-00102,3638799,0,1.10,
P-4200-90-2026-01253,3638853,0,1.10,
P-4000-90-2026-00932,3638978,0,1.10,
P-2408-90-2026-00424,3638757,0,1.10,
P-4400-90-2026-00475,3638970,0,1.10,
P-1452-90-2026-00152,3638999,0,1.10,
P-4006-90-2026-00427,3639793,0,1.10,
P-3205-90-2026-00253,3639522,0,1.10,
P-9086-90-2026-00262,3639405,0,1.10,
P-2400-90-2026-02494,3639099,0,1.10,
P-2400-90-2026-02548,3640083,0,1.10,
P-9068-90-2026-00105,3639814,0,1.10,
P-4203-90-2026-00383,3638767,0,1.10,
P-2408-90-2026-00444,3640161,0,1.10,
P-1200-90-2026-01623,3639039,0,1.10,
P-3200-90-2026-01982,3639669,0,1.10,
P-9068-90-2026-00109,3640050,0,1.10,
P-9068-90-2026-00103,3639758,0,1.10,
P-1400-90-2026-00239,3638656,0,1.10,
P-3211-90-2026-00637,3638991,0,1.10,
P-1200-90-2026-01680,3639969,0,1.10,
P-4000-90-2026-00947,3639594,0,1.10,
P-1492-90-2026-00158,3639305,0,1.10,
P-3800-90-2026-00791,3639845,0,1.10,
P-3200-90-2026-02006,3640000,0,1.10,
P-3211-90-2026-00635,3638929,0,1.10,
P-2406-90-2026-00100,3639052,0,1.10,
P-1474-90-2026-00132,3640036,0,1.10,
P-4006-90-2026-00424,3639541,0,1.10,
P-9075-90-2026-00180,3640241,0,1.10,
P-2301-90-2026-00236,3641522,0,1.10,
P-2400-90-2026-02697,3642004,0,1.10,
P-9086-90-2026-00271,3641912,0,1.10,
P-1452-90-2026-00160,3641036,0,1.10,
P-2200-90-2026-00611,3641048,0,1.10,
P-9093-90-2026-00044,3640959,0,1.10,
P-2214-90-2026-00182,3641039,0,1.10,
P-4200-90-2026-01345,3640996,0,1.10,
P-9076-90-2026-00148,3641708,0,1.10,
P-2406-90-2026-00110,3641102,0,1.10,
P-1200-90-2026-01743,3641319,0,1.10,
P-2409-90-2026-00098,3641031,0,1.10,
P-2400-90-2026-02692,3641966,0,1.10,
P-2400-90-2026-02608,3640974,0,1.10,
P-1200-90-2026-01738,3641277,0,1.10,
P-4000-90-2026-00963,3640643,0,1.10,
P-4000-90-2026-01008,3641727,0,1.10,
P-4006-90-2026-00444,3641207,0,1.10,
P-4200-90-2026-01378,3641719,0,1.10,
P-4200-90-2026-01339,3640750,0,1.10,
P-2600-90-2026-00320,3640904,0,1.10,
P-2408-92-2026-00191,3640397,0,1.10,
P-2600-90-2026-00316,3640389,0,1.10,
P-3600-90-2026-00594,3641088,0,1.10,
P-3200-90-2026-02029,3640398,0,1.10,
P-4400-90-2026-00493,3640551,0,1.10,
P-4200-90-2026-01330,3640601,0,1.10,
P-3200-90-2026-02041,3640651,0,1.10,
P-2000-90-2026-00450,3640756,0,1.10,
P-1400-90-2026-00253,3640667,0,1.10,
P-2000-90-2026-00451,3640821,0,1.10,
P-1400-90-2026-00256,3641035,0,1.10,
P-2301-90-2026-00228,3640561,0,1.10,
P-4000-90-2026-00975,3640831,0,1.10,
P-2408-90-2026-00448,3640462,0,1.10,
P-4200-90-2026-01327,3640568,0,1.10,
P-3400-90-2026-00344,3640476,0,1.70,
P-2400-90-2026-02613,3641065,0,1.10,
P-8000-91-2026-00142,3641029,0,1.70,
P-9068-90-2026-00112,3640529,0,1.10,
P-3400-97-2025-00004,3313517,66,1.10,
P-2403-92-2026-00165,3641250,0,1.10,
P-3211-90-2026-00665,3641376,0,1.10,
P-2604-90-2026-00275,3641494,0,1.10,
P-4200-90-2026-01390,3641978,0,1.10,
P-4200-90-2026-01365,3641424,0,1.10,
P-2400-90-2026-02672,3641625,0,1.10,
P-2600-90-2026-00321,3640949,0,1.10,
P-2400-90-2026-02643,3641443,0,1.10,
P-1200-90-2026-01760,3641601,0,1.10,
P-2400-90-2026-02649,3641486,0,1.10,
P-2400-90-2026-02652,3641519,0,1.10,
P-4400-90-2026-00492,3640560,0,1.10,
P-1200-90-2026-01737,3641254,0,1.10,
P-9061-91-2026-00655,3641566,0,1.10,
P-2400-90-2026-02564,3640443,0,1.10,
P-2000-90-2026-00460,3641753,0,1.10,
P-9086-91-2026-00089,3639933,0,1.10,
P-4000-90-2026-00958,3640381,0,1.10,
P-4203-90-2026-00404,3640409,0,1.10,
P-1200-90-2026-01710,3640532,0,1.10,
P-1474-90-2026-00137,3641136,0,1.10,
P-3200-90-2026-02039,3640619,0,1.10,
P-3603-90-2026-00192,3641975,0,1.10,
P-1477-90-2026-00226,3640965,0,1.10,
P-3200-90-2026-02059,3641272,0,1.10,
P-2400-90-2026-02622,3641190,0,1.10,
P-3200-90-2026-02084,3641599,0,1.10,
P-3800-90-2026-00832,3641532,0,1.10,
P-2202-90-2026-00641,3641992,0,1.10,
P-2604-90-2026-00268,3640456,0,1.10,
P-3901-90-2026-00108,3641772,0,1.10,
P-4000-90-2026-00971,3640759,0,1.10,
P-2202-90-2026-00610,3640513,0,1.10,
P-9097-90-2026-00153,3640545,0,1.10,
P-1200-90-2026-01736,3641243,0,1.10,
P-2202-90-2026-00631,3641823,0,1.10,
P-9077-90-2026-00159,3641122,0,1.10,
P-3901-90-2026-00106,3641282,0,1.10,
P-9076-90-2026-00141,3639938,0,1.10,
P-3200-90-2026-02083,3641580,0,1.10,
P-1492-90-2026-00180,3641914,0,1.10,
P-1488-90-2026-00382,3641155,0,1.10,
P-2604-90-2026-00279,3641868,0,1.10,
P-2403-90-2026-00523,3640447,0,1.10,
P-4200-90-2026-01355,3641242,0,1.10,
P-1200-90-2026-01770,3641760,0,1.10,
P-2200-90-2026-00619,3641627,0,1.10,
P-3600-90-2026-00576,3640407,0,1.10,
P-9061-90-2026-00326,3640958,0,1.10,
P-2400-90-2026-02677,3641661,0,1.10,
P-4200-90-2026-01374,3641676,0,1.10,
P-1400-92-2026-00197,3641392,0,1.10,
P-4200-90-2026-01379,3641737,0,1.10,
P-9077-91-2026-00069,3641454,0,1.10,
P-1400-92-2026-00211,3641742,0,1.10,
P-2400-90-2026-02700,3642006,0,1.10,
P-2400-90-2026-02651,3641516,0,1.10,
P-3205-90-2026-00266,3641778,0,1.10,
P-2202-90-2026-00624,3641527,0,1.10,
P-2400-90-2026-02620,3641198,0,1.10,
P-9061-90-2026-00328,3641425,0,1.10,
P-1200-90-2026-01762,3641622,0,1.10,
P-4006-91-2026-00552,3641750,0,1.10,
P-3200-90-2026-02070,3641515,0,1.10,
P-4006-90-2026-00445,3641222,0,1.10,
P-4200-90-2026-01360,3641346,0,1.10,
P-3211-90-2026-00673,3641811,0,1.10,
P-2400-90-2026-02666,3641581,0,1.10,
P-8000-96-2025-00004,3537951,13,1.10,
P-8035-91-2026-00114,3641802,0,1.10,
P-1200-90-2026-01769,3641740,0,1.10,
P-2000-90-2026-00457,3641499,0,1.10,
P-3211-90-2026-00676,3641853,0,1.10,
P-1400-90-2026-00261,3641462,0,1.10,
P-2202-90-2026-00642,3641979,0,1.70,
P-3205-90-2026-00261,3641114,0,1.10,
P-3200-90-2026-02092,3641705,0,1.10,
P-1477-91-2026-00030,3641741,0,1.10,
P-2200-90-2026-00617,3641399,0,1.10,
P-9097-90-2026-00155,3641572,0,1.10,
P-3800-90-2026-00824,3641253,0,1.10,
P-3400-90-2026-00366,3642314,0,1.70,
P-1200-90-2026-01785,3642189,0,1.10,
P-3211-90-2026-00689,3642961,0,1.10,
P-3205-90-2026-00276,3643061,0,1.10,
P-3800-90-2026-00852,3642568,0,1.10,
P-4000-90-2026-01037,3642786,0,1.10,
P-4006-90-2026-00460,3642374,0,1.10,
P-9068-90-2026-00120,3643615,0,1.10,
P-4400-90-2026-00509,3642089,0,1.10,
P-2301-90-2026-00243,3642567,0,1.10,
P-4006-90-2026-00470,3642721,0,1.10,
P-3200-90-2026-02188,3643200,0,1.10,
P-1411-90-2026-00634,3643520,0,1.10,
P-1200-90-2026-01848,3643272,0,1.10,
P-2400-90-2026-02735,3642559,0,1.10,
P-4200-90-2026-01412,3642479,0,1.10,
P-2000-90-2026-00461,3642274,0,1.10,
P-2400-90-2026-02796,3643369,0,1.10,
P-4200-90-2026-01438,3643033,0,1.10,
P-3211-92-2026-00252,3642976,0,1.10,
P-2400-90-2026-02716,3642249,0,1.10,
P-2400-90-2026-02760,3642950,0,1.10,
P-2400-90-2026-02783,3643231,0,1.10,
P-2301-90-2026-00241,3642111,0,1.10,
P-2407-90-2026-00694,3642820,0,1.10,
P-9086-90-2026-00280,3643517,0,1.10,
P-3400-90-2026-00371,3642702,0,1.70,
P-3200-90-2026-02229,3643524,0,1.10,
P-1200-90-2026-01863,3643526,0,1.10,
P-3800-90-2026-00870,3643277,0,1.10,
P-9082-90-2026-00085,3643592,0,1.10,
P-3800-90-2026-00841,3642297,0,1.10,
P-2200-90-2026-00641,3643017,0,1.10,
P-3603-90-2026-00196,3642317,0,1.10,
P-9075-90-2026-00202,3643559,0,1.10,
P-4200-90-2026-01430,3642905,0,1.10,
P-3200-91-2026-00165,3643480,0,1.10,
P-1488-90-2026-00395,3643023,0,1.10,
P-3200-90-2026-02139,3642329,0,1.10,
P-3600-90-2026-00641,3643289,0,1.70,
P-1488-90-2026-00387,3642278,0,1.10,
P-1411-90-2026-00628,3643137,0,1.10,
P-2600-90-2026-00332,3642855,0,1.10,
P-3200-90-2026-02201,3643354,0,1.10,
P-2604-90-2026-00283,3642335,0,1.10,
P-1488-91-2026-00379,3643245,0,1.10,
P-9061-92-2026-00128,3641987,0,1.10,
P-2403-90-2026-00549,3642211,0,1.10,
P-4200-90-2026-01403,3642184,0,1.10,
P-1200-90-2026-01815,3642810,0,1.10,
P-1452-90-2026-00168,3642758,0,1.10,
P-2400-90-2026-02765,3643049,0,1.70,
P-2408-90-2026-00468,3642212,0,1.10,
P-2202-90-2026-00645,3642183,0,1.10,
P-2202-90-2026-00643,3641984,0,1.10,
P-4200-90-2026-01437,3643019,0,1.10,
P-4200-90-2026-01409,3642432,0,1.10,
P-2400-91-2026-00265,3642392,0,1.10,
P-4400-90-2026-00511,3642129,0,1.70,
P-1411-90-2026-00622,3642767,0,1.10,
P-2405-90-2026-00166,3642815,0,1.10,
P-3600-90-2026-00598,3641322,0,1.70,
P-9086-90-2026-00273,3642488,0,1.10,
P-4000-90-2026-01045,3643185,0,1.10,
P-9097-90-2026-00157,3643344,0,1.10,
P-3200-90-2026-02172,3643018,0,1.10,
P-2408-90-2026-00480,3643144,0,1.10,
P-4200-90-2026-01441,3643146,0,1.10,
P-8000-98-2025-00005,3319958,15,1.10,
P-3603-90-2026-00204,3643035,0,1.10,
P-4200-90-2026-01443,3643268,0,1.10,
P-1200-90-2026-01843,3643222,0,1.10,
P-3200-90-2026-02219,3643443,0,1.10,
P-1488-90-2026-00397,3643382,0,1.10,
P-4200-90-2026-01427,3642861,0,1.10,
P-4202-90-2026-00358,3642671,0,1.10,
P-1411-90-2026-00623,3642790,0,1.10,
P-3400-90-2026-00378,3642783,0,1.70,
P-2400-90-2026-02745,3642802,0,1.10,
P-8067-91-2026-00105,3642454,0,1.10,
P-1200-90-2026-01845,3643226,0,1.10,
P-2202-90-2026-00655,3642978,0,1.10,
P-8067-91-2026-00107,3643051,0,1.10,
P-9075-90-2026-00197,3643182,0,1.10,
P-2408-90-2026-00467,3642079,0,1.10,
P-3800-90-2026-00867,3642992,0,1.10,
P-4000-90-2026-01017,3642137,0,1.10,
P-1200-90-2026-01841,3643214,0,1.10,
P-3211-90-2026-00712,3643606,0,1.10,
P-3200-90-2026-02209,3643414,0,1.10,
P-2400-90-2026-02800,3643496,0,1.10,
P-1200-90-2026-01850,3643292,0,1.10,
P-3800-91-2026-00067,3643109,0,1.10,
P-1411-90-2026-00625,3642845,0,1.10,
P-2408-90-2026-00464,3642041,0,1.10,
P-3211-90-2026-00680,3641983,0,1.10,
P-3600-90-2026-00632,3642998,0,1.10,
P-4000-90-2026-01016,3642105,0,1.10,
P-4200-90-2026-01425,3642834,0,1.10,
P-2202-90-2026-00661,3643635,0,1.70,
P-1200-90-2026-01857,3643386,0,1.10,
P-2400-90-2026-02706,3642084,0,1.10,
P-2403-90-2026-00555,3643507,0,1.10,
P-2400-90-2026-02710,3642131,0,1.10,
P-9063-98-2025-00001,3336205,10,1.10,
P-2407-90-2026-00748,3643500,0,1.10,
P-4400-90-2026-00531,3643410,0,1.10,
P-3800-90-2026-00854,3642623,0,1.10,
P-2400-90-2026-02762,3642993,0,1.10,
P-4200-90-2026-01445,3643293,0,1.10,
P-2604-90-2026-00291,3643359,0,1.10,
P-2400-90-2026-02761,3642980,0,1.10,
P-2403-90-2026-00559,3643581,0,1.10,
P-4203-90-2026-00434,3643345,0,1.10,
P-3211-91-2026-00363,3642575,0,1.10,
P-3600-90-2026-00639,3643219,0,1.10,
P-9070-91-2026-00018,3643613,0,1.10,
P-3200-90-2026-02230,3643577,0,1.10,
P-3211-91-2026-00372,3643604,0,1.10,
P-2400-90-2026-02805,3643616,0,1.10,
P-2400-90-2026-02728,3642502,0,1.10,
P-9086-90-2026-00279,3643538,0,1.10,
P-1200-91-2026-00397,3642027,0,1.10,
P-9075-90-2026-00203,3643690,0,1.10,
P-2202-90-2026-00668,3643739,0,1.10,
P-2202-90-2026-00664,3643686,0,1.70,
P-2301-90-2026-00254,3643755,0,1.10,
P-2400-90-2026-02817,3643694,0,1.10,
P-3205-90-2026-00279,3643695,0,1.10,
P-3211-90-2026-00719,3643702,0,1.10,
P-1488-90-2026-00408,3643799,0,1.10,
P-2604-91-2026-00017,3643646,0,1.10,
P-2202-90-2026-00674,3643841,0,1.10,
P-3800-90-2026-00878,3643809,0,1.10,
P-2407-90-2026-00764,3644149,0,1.10,
P-2400-90-2026-02851,3644178,0,1.10,
P-9086-90-2026-00288,3643838,0,1.10,
P-2400-90-2026-02848,3644175,0,1.10,
P-4200-90-2026-01483,3644108,0,1.10,
P-2403-91-2026-00057,3644065,0,1.10,
P-1492-90-2026-00187,3644197,0,1.10,
P-2202-90-2026-00672,3643790,0,1.10,
P-3211-90-2026-00733,3644073,0,1.10,
P-2202-90-2026-00694,3644158,0,1.10,
P-9077-90-2026-00176,3643945,0,1.10,
P-2400-90-2026-02842,3643963,0,1.70,
P-2604-90-2026-00299,3644068,0,1.10,
P-4200-90-2026-01477,3644025,0,1.10,
P-2403-91-2026-00054,3643875,0,1.10,
P-4202-90-2026-00363,3643878,0,1.10,
P-4202-90-2026-00365,3643979,0,1.10,
P-4200-90-2026-01462,3643869,0,1.10,
P-1411-90-2026-00654,3644076,0,1.10,
P-2400-90-2026-02839,3643976,0,1.10,
P-9091-90-2026-00108,3644139,0,1.10,
P-3900-90-2026-00005,3608267,0,1.10,
P-9061-91-2026-00061,3608152,0,1.10,
P-3200-90-2026-00353,3609253,0,1.10,
P-3211-90-2026-00081,3609472,0,1.10,
P-9070-90-2026-00007,3609429,0,1.10,
P-1411-90-2026-00063,3609103,0,1.10,
P-3400-90-2026-00040,3608584,0,1.70,
P-4006-91-2026-00057,3608199,0,1.10,
P-1200-90-2026-00236,3609373,0,1.10,
P-9022-96-2026-00002,3596926,0,16.50,
P-9061-91-2026-00074,3609085,0,1.10,
P-9076-91-2026-00004,3608234,0,1.10,
P-9075-90-2026-00017,3609381,0,1.10,
P-1400-90-2026-00017,3609255,0,1.10,
P-4203-90-2026-00033,3608614,0,1.10,
P-2400-90-2026-00329,3608558,0,1.10,
P-1200-90-2026-00198,3608996,0,1.10,
P-2605-90-2026-00005,3608219,0,1.10,
P-3211-90-2026-00077,3609225,0,1.10,
P-2405-90-2026-00010,3608167,0,1.10,
P-2400-90-2026-00333,3608679,0,1.10,
P-2301-91-2026-00004,3608672,0,1.10,
P-3200-90-2026-00285,3608227,0,1.10,
P-3600-90-2026-00070,3608434,0,1.70,
P-3211-91-2026-00111,3608634,0,1.10,
P-2400-90-2026-00342,3608825,0,1.10,
P-4000-90-2026-00158,3609136,0,1.10,
P-3800-90-2026-00118,3609205,0,1.10,
P-1488-90-2026-00054,3609337,0,1.10,
P-3211-91-2026-00115,3609015,0,1.10,
P-3200-90-2026-00371,3609502,0,1.10,
P-1488-91-2026-00054,3609122,0,1.10,
P-2301-90-2026-00017,3608602,0,1.10,
P-1411-90-2026-00068,3609447,0,1.10,
P-1200-90-2026-00186,3608579,0,1.10,
P-1492-92-2026-00031,3608892,0,1.10,
P-3600-90-2026-00087,3609348,0,1.70,
P-1200-90-2026-00175,3608345,0,1.10,
P-4200-90-2026-00167,3608703,0,1.70,
P-1200-90-2026-00224,3609213,0,1.10,
P-1200-90-2026-00238,3609393,0,1.10,
P-3200-90-2026-00365,3609378,0,1.10,
P-3200-90-2026-00337,3608776,0,1.10,
P-2408-90-2026-00050,3608976,0,1.10,
P-4006-91-2026-00058,3608206,0,1.10,
P-1200-90-2026-00217,3609180,0,1.10,
P-2400-90-2026-00307,3608334,0,1.10,
P-1200-90-2026-00226,3609204,0,1.10,
P-4000-90-2026-00124,3608433,0,1.10,
P-2400-90-2026-00320,3608457,0,1.10,
P-9061-90-2026-00036,3608482,0,1.10,
P-2400-90-2026-00334,3608742,0,1.10,
P-1488-91-2026-00058,3609351,0,1.10,
P-2200-90-2026-00062,3608957,0,1.10,
P-3211-92-2026-00030,3608881,0,1.10,
P-2400-90-2026-00348,3608879,0,1.10,
P-4000-90-2026-00166,3609269,0,1.10,
P-4000-90-2026-00136,3608733,0,1.10,
P-4000-90-2026-00130,3608546,0,1.10,
P-3211-90-2026-00067,3608912,0,1.10,
P-1492-90-2026-00016,3609505,0,1.10,
P-3600-90-2026-00086,3609340,0,1.70,
P-1200-90-2026-00191,3608829,0,1.10,
P-4200-90-2026-00172,3608934,0,1.10,
P-2000-90-2026-00053,3609116,0,1.10,
P-3800-90-2026-00108,3608924,0,1.10,
P-1411-90-2026-00053,3608793,0,1.10,
P-3200-90-2026-00374,3609508,0,1.10,
P-4005-90-2026-00023,3608594,0,1.10,
P-4202-90-2026-00037,3608147,0,1.70,
P-4005-90-2026-00017,3608326,0,1.10,
P-4200-90-2026-00156,3608259,0,1.10,
P-8061-91-2026-00001,3608365,0,1.10,
P-2605-90-2026-00007,3609259,0,1.10,
P-4005-90-2026-00025,3608650,0,1.10,
P-4000-90-2026-00147,3608935,0,1.10,
P-2408-90-2026-00041,3608218,0,1.10,
P-2403-90-2026-00049,3608341,0,1.10,
P-4200-90-2026-00154,3608236,0,1.10,
P-2400-90-2026-00306,3608293,0,1.10,
P-3600-90-2026-00082,3608890,0,1.70,
P-9061-90-2026-00040,3608537,0,1.10,
P-2406-90-2026-00015,3608630,0,1.10,
P-1411-90-2026-00064,3609215,0,1.10,
P-3600-90-2026-00078,3608822,0,1.70,
P-2400-90-2026-00366,3609177,0,1.10,
P-4202-90-2026-00048,3609537,0,1.10,
P-3200-91-2026-00037,3609352,0,1.10,
P-1200-91-2026-00061,3609248,0,1.10,
P-2400-90-2026-00363,3609132,0,1.10,
P-2400-90-2026-00362,3609095,0,1.10,
P-3211-90-2026-00065,3608778,0,1.10,
P-9061-91-2026-00062,3608156,0,1.10,
P-1411-90-2026-00039,3608003,0,1.10,
P-4000-90-2026-00148,3608961,0,1.10,
P-1400-90-2026-00023,3609487,0,1.70,
P-2400-90-2026-00352,3608911,0,1.10,
P-4200-90-2026-00186,3609192,0,1.10,
P-2202-91-2026-00021,3609507,0,1.70,
P-2214-90-2026-00031,3609569,0,1.10,
P-2202-90-2026-00078,3609674,0,1.10,
P-2202-90-2026-00071,3609602,0,1.10,
P-1400-90-2026-00025,3609585,0,1.70,
P-1400-90-2026-00029,3609616,0,1.70,
P-3211-90-2026-00083,3609639,0,1.10,
P-1400-90-2026-00033,3609628,0,1.70,
P-9075-90-2026-00018,3609581,0,1.10,
P-9077-90-2026-00008,3609620,0,1.10,
P-9067-90-2026-00004,3609573,0,1.10,
P-2400-90-2026-00422,3609868,0,1.70,
P-2408-90-2026-00059,3609711,0,1.10,
P-2400-90-2026-00397,3609792,0,1.10,
P-2400-90-2026-00420,3609872,0,1.10,
P-1488-90-2026-00062,3609849,0,1.10,
P-2604-90-2026-00027,3609745,0,1.10,
P-1411-90-2026-00083,3609908,0,1.10,
P-2202-90-2026-00094,3610027,0,1.70,
P-2403-90-2026-00079,3609772,0,1.10,
P-1452-90-2026-00023,3609818,0,1.10,
P-2400-90-2026-00421,3609864,0,1.10,
P-8035-90-2026-00018,3609871,0,1.10,
P-2400-90-2026-00417,3609850,0,1.10,
P-2403-90-2026-00076,3609743,0,1.10,
P-3211-90-2026-00088,3609751,0,1.10,
P-3211-91-2026-00117,3609816,0,1.10,
P-1477-90-2026-00024,3609856,0,1.10,
P-4203-90-2026-00045,3609667,0,1.10,
P-9077-90-2026-00016,3610023,0,1.10,
P-1411-90-2026-00092,3609977,0,1.10,
P-2403-90-2026-00073,3609728,0,1.10,
P-1488-90-2026-00072,3610757,0,1.10,
P-3200-90-2026-00395,3610704,0,1.10,
P-4400-90-2026-00074,3610665,0,1.10,
P-4203-90-2026-00067,3611060,0,1.10,
P-9061-91-2026-00112,3611240,0,1.10,
P-4203-90-2026-00070,3611150,0,1.10,
P-2403-90-2026-00101,3610904,0,1.10,
P-3211-90-2026-00113,3611064,0,1.10,
P-2400-90-2026-00464,3610662,0,1.10,
P-2403-90-2026-00098,3610739,0,1.10,
P-4200-90-2026-00238,3611190,0,1.10,
P-2400-90-2026-00438,3610057,0,1.10,
P-4202-90-2026-00085,3611357,0,1.70,
P-1200-91-2026-00065,3610076,0,1.10,
P-8069-96-2025-00002,3251624,57,1.10,
P-9061-91-2026-00094,3610067,0,1.10,
P-3205-92-2026-00022,3610363,0,1.10,
P-3600-90-2026-00089,3610168,0,1.70,
P-1200-90-2026-00245,3610194,0,1.10,
P-3800-90-2026-00151,3610596,0,1.10,
P-1400-90-2026-00038,3610472,0,1.10,
P-2403-90-2026-00090,3610294,0,1.10,
P-2214-90-2026-00036,3610615,0,1.10,
P-9022-90-2026-00007,3610668,0,1.10,
P-2000-90-2026-00071,3610972,0,1.10,
P-4000-90-2026-00181,3610387,0,1.10,
P-2403-90-2026-00092,3610446,0,1.10,
P-1411-92-2026-00035,3610683,0,1.10,
P-9071-90-2026-00011,3610611,0,1.10,
P-2408-90-2026-00084,3610865,0,1.10,
P-2400-90-2026-00471,3610855,0,1.10,
P-9061-90-2026-00055,3611107,0,1.10,
P-2400-90-2026-00462,3610623,0,1.10,
P-1200-90-2026-00283,3611079,0,1.10,
P-3800-90-2026-00159,3610968,0,1.10,
P-4200-90-2026-00233,3611007,0,1.10,
P-2407-90-2026-00095,3610696,0,1.10,
P-2400-90-2026-00437,3610056,0,1.10,
P-1200-90-2026-00266,3610671,0,1.10,
P-1411-90-2026-00102,3610610,0,1.10,
P-4202-90-2026-00078,3610891,0,1.10,
P-3200-90-2026-00442,3611295,0,1.10,
P-1411-90-2026-00114,3611800,0,1.10,
P-2000-90-2026-00083,3611429,0,1.10,
P-9093-90-2026-00010,3611059,0,1.10,
P-2000-98-2025-00012,3606893,0,36.30,
P-4006-90-2026-00041,3611470,0,1.10,
P-2400-90-2026-00531,3611864,0,1.10,
P-4200-90-2026-00240,3611401,0,1.10,
P-1477-90-2026-00036,3611850,0,1.10,
P-9061-91-2026-00100,3610217,0,1.10,
P-3200-90-2026-00409,3610821,0,1.10,
P-4000-90-2026-00176,3610302,0,1.10,
P-4000-90-2026-00171,3610183,0,1.10,
P-4000-90-2026-00180,3610357,0,1.10,
P-3200-90-2026-00465,3611552,0,1.10,
P-3200-90-2026-00469,3611572,0,1.10,
P-4400-91-2026-00035,3611119,0,1.70,
P-3900-90-2026-00014,3610898,0,1.10,
P-1453-90-2026-00006,3610859,0,1.10,
P-2408-90-2026-00089,3611260,0,1.10,
P-3200-90-2026-00443,3611315,0,1.10,
P-2400-90-2026-00451,3610301,0,1.10,
P-1411-90-2026-00111,3611726,0,1.10,
P-2403-90-2026-00104,3611050,0,1.10,
P-3800-90-2026-00169,3611476,0,1.10,
P-4200-90-2026-00239,3611264,0,1.10,
P-2600-90-2026-00057,3610326,0,1.10,
P-3211-90-2026-00134,3611801,0,1.10,
P-3200-90-2026-00433,3611111,0,1.10,
P-2000-90-2026-00060,3610138,0,1.10,
P-2301-90-2026-00023,3610190,0,1.10,
P-3200-90-2026-00475,3611618,0,1.10,
P-1200-91-2026-00068,3610422,0,1.10,
P-4200-90-2026-00223,3610705,0,1.10,
P-1400-90-2026-00037,3610039,0,1.70,
P-4000-90-2026-00212,3611413,0,1.10,
P-4400-90-2026-00070,3610489,0,1.10,
P-2400-90-2026-00533,3611865,0,1.10,
P-2000-90-2026-00084,3611467,0,1.10,
P-1452-90-2026-00033,3610966,0,1.10,
P-1200-92-2026-00031,3611272,0,1.10,
P-4006-92-2026-00023,3611685,0,1.10,
P-9076-90-2026-00020,3611489,0,1.10,
P-2407-90-2026-00097,3611048,0,1.70,
P-1452-90-2026-00029,3610496,0,1.10,
P-1200-90-2026-00257,3610524,0,1.10,
P-2400-90-2026-00442,3610090,0,1.10,
P-4006-92-2026-00022,3611513,0,1.10,
P-2406-90-2026-00021,3610147,0,1.10,
P-2403-90-2026-00087,3610140,0,1.10,
P-2202-90-2026-00104,3611328,0,1.10,
P-9086-90-2026-00064,3611472,0,1.10,
P-2400-90-2026-00505,3611397,0,1.10,
P-2407-90-2026-00105,3611755,0,1.70,
P-4202-90-2026-00093,3611463,0,1.10,
P-3211-91-2026-00121,3610483,0,1.10,
P-9086-90-2026-00063,3611359,0,1.10,
P-9070-90-2026-00016,3610564,0,1.10,
P-1453-90-2026-00005,3610218,0,1.10,
P-2400-90-2026-00479,3611013,0,1.10,
P-3211-90-2026-00096,3610022,0,1.10,
P-4203-90-2026-00054,3610196,0,1.10,
P-2400-91-2026-00058,3611404,0,1.10,
P-4000-90-2026-00169,3610118,0,1.10,
P-3211-90-2026-00127,3611746,0,1.10,
P-4200-90-2026-00248,3611624,0,1.10,
P-1477-90-2026-00037,3611876,0,1.10,
P-9071-90-2026-00012,3611837,0,1.10,
P-3205-92-2026-00024,3610412,0,1.10,
P-2202-90-2026-00099,3610633,0,1.10,
P-3600-90-2026-00102,3610923,0,1.70,
P-4000-91-2026-00019,3611658,0,1.10,
P-3200-90-2026-00490,3611771,0,1.10,
P-4006-90-2026-00048,3611832,0,1.10,
P-4200-91-2026-00018,3611266,0,1.10,
P-3603-90-2026-00028,3611836,0,1.70,
P-2400-90-2026-00489,3611213,0,1.70,
P-3200-90-2026-00452,3611499,0,1.10,
P-4006-90-2026-00040,3611371,0,1.10,
P-2000-90-2026-00082,3611451,0,1.10,
P-9091-90-2026-00029,3611376,0,1.70,
P-9086-90-2026-00073,3612333,0,1.10,
P-1488-90-2026-00107,3613247,0,1.10,
P-1474-90-2026-00034,3613115,0,1.10,
P-4005-90-2026-00045,3612546,0,1.10,
P-2200-90-2026-00098,3612260,0,1.10,
P-3211-90-2026-00152,3613293,0,1.10,
P-4200-91-2026-00022,3612237,0,1.10,
P-4200-90-2026-00275,3612573,0,1.10,
P-3800-90-2026-00199,3612822,0,1.10,
P-3200-90-2026-00516,3612326,0,1.10,
P-2408-90-2026-00094,3611935,0,1.10,
P-4200-90-2026-00289,3612950,0,1.10,
P-4202-90-2026-00098,3612044,0,1.10,
P-2400-90-2026-00613,3613069,0,1.10,
P-4202-90-2026-00107,3612898,0,1.10,
P-1200-90-2026-00309,3611414,0,1.10,
P-2400-90-2026-00587,3612769,0,1.10,
P-3205-90-2026-00048,3612209,0,1.10,
P-4006-91-2026-00111,3612941,0,1.10,
P-1200-90-2026-00366,3612747,0,1.10,
P-1492-91-2026-00023,3613036,0,1.10,
P-9075-90-2026-00030,3613230,0,1.10,
P-1200-90-2026-00368,3612797,0,1.10,
P-3200-90-2026-00536,3612836,0,1.10,
P-9086-90-2026-00070,3612059,0,1.10,
P-2408-90-2026-00099,3612183,0,1.10,
P-2403-90-2026-00118,3612502,0,1.10,
P-1200-90-2026-00398,3613278,0,1.10,
P-2400-90-2026-00634,3613357,0,1.10,
P-4203-90-2026-00088,3612754,0,1.10,
P-4006-92-2026-00037,3612771,0,1.10,
P-4000-90-2026-00218,3611932,0,1.10,
P-1200-90-2026-00370,3612900,0,1.10,
P-3200-90-2026-00544,3612919,0,1.10,
P-4400-90-2026-00124,3612842,0,1.10,
P-2405-90-2026-00036,3612853,0,1.10,
P-4200-90-2026-00288,3612943,0,1.10,
P-4400-90-2026-00128,3613073,0,1.10,
P-2200-90-2026-00122,3613162,0,1.10,
P-4400-90-2026-00115,3612511,0,1.10,
P-2604-90-2026-00055,3612759,0,1.10,
P-4200-90-2026-00277,3612578,0,1.10,
P-4203-90-2026-00076,3612000,0,1.10,
P-8069-96-2026-00002,3607030,4,3.30,
P-4200-90-2026-00251,3612039,0,1.10,
P-2403-90-2026-00112,3612014,0,1.10,
P-2600-90-2026-00084,3613304,0,1.10,
P-2400-90-2026-00617,3613127,0,1.10,
P-2200-90-2026-00110,3612648,0,1.10,
P-9068-90-2026-00025,3611890,0,1.10,
P-9076-90-2026-00024,3613204,0,1.10,
P-9097-90-2026-00017,3612246,0,1.10,
P-9061-91-2026-00121,3612195,0,1.10,
P-9086-90-2026-00075,3612584,0,1.10,
P-1200-91-2026-00086,3612478,0,1.10,
P-1488-90-2026-00095,3612099,0,1.10,
P-4400-90-2026-00117,3612559,0,1.10,
P-9086-90-2026-00069,3612052,0,1.10,
P-2202-90-2026-00118,3612029,0,1.70,
P-2408-90-2026-00101,3612257,0,1.10,
P-2600-90-2026-00070,3612378,0,1.10,
P-3200-92-2026-00029,3612233,0,1.10,
P-2400-90-2026-00555,3612201,0,1.10,
P-3200-90-2026-00515,3612271,0,1.10,
P-4200-90-2026-00258,3612244,0,1.10,
P-4006-90-2026-00051,3612347,0,1.10,
P-1452-90-2026-00038,3611958,0,1.10,
P-1200-90-2026-00341,3612129,0,1.10,
P-2400-90-2026-00563,3612434,0,1.10,
P-2400-90-2026-00580,3612629,0,1.10,
P-1474-90-2026-00030,3612613,0,1.10,
P-1200-90-2026-00331,3611956,0,1.10,
P-3800-90-2026-00182,3612070,0,1.10,
P-3800-90-2026-00195,3612647,0,1.10,
P-3211-92-2026-00048,3612254,0,1.10,
P-1400-92-2026-00019,3612151,0,1.10,
P-2408-90-2026-00096,3611957,0,1.10,
P-1411-90-2026-00125,3612626,0,1.10,
P-4000-90-2026-00223,3612068,0,1.10,
P-4200-90-2026-00254,3612110,0,1.10,
P-2200-90-2026-00092,3612043,0,1.10,
P-3600-90-2026-00118,3612534,0,1.70,
P-2604-90-2026-00048,3612106,0,1.10,
P-4005-90-2026-00041,3611941,0,1.10,
P-3200-90-2026-00558,3613116,0,1.10,
P-1200-90-2026-00392,3613186,0,1.10,
P-1200-90-2026-00399,3613283,0,1.10,
P-1200-90-2026-00342,3612131,0,1.10,
P-4202-90-2026-00106,3612813,0,1.10,
P-3200-90-2026-00525,3612668,0,1.10,
P-1411-90-2026-00127,3612710,0,1.10,
P-2301-90-2026-00042,3612755,0,1.10,
P-2400-90-2026-00552,3612171,0,1.10,
P-1200-90-2026-00401,3613479,0,1.10,
P-2400-90-2026-00582,3612685,0,1.10,
P-3400-90-2026-00092,3612113,0,1.70,
P-2400-90-2026-00589,3612794,0,1.10,
P-8069-96-2025-00002,3251624,69,1.10,
P-2400-90-2026-00568,3612492,0,1.10,
P-9061-91-2026-00128,3612964,0,1.10,
P-4000-90-2026-00252,3612967,0,1.10,
P-2407-90-2026-00123,3613441,0,1.10,
P-1411-90-2026-00132,3613319,0,1.10,
P-2600-90-2026-00077,3613212,0,1.10,
P-2400-90-2026-00585,3612733,0,1.10,
P-1452-90-2026-00043,3613335,0,1.10,
P-9075-90-2026-00033,3613463,0,1.10,
P-2406-90-2026-00030,3613390,0,1.10,
P-4000-90-2026-00258,3613286,0,1.10,
P-1400-92-2026-00021,3613403,0,1.10,
P-1200-90-2026-00384,3613111,0,1.10,
P-3901-90-2026-00015,3611980,0,1.10,
P-1200-90-2026-00402,3613484,0,1.10,
P-4006-91-2026-00114,3613019,0,1.10,
P-4200-90-2026-00281,3612649,0,1.10,
P-3400-90-2026-00099,3612304,0,1.10,
P-3603-90-2026-00046,3614899,0,1.10,
P-2407-90-2026-00134,3614980,0,1.70,
P-1200-90-2026-00420,3613995,0,1.10,
P-1411-90-2026-00149,3614480,0,1.10,
P-1200-93-2026-00006,3614593,0,1.10,
P-2400-90-2026-00685,3614236,0,1.10,
P-1200-90-2026-00436,3614276,0,1.10,
P-2400-90-2026-00688,3614301,0,1.10,
P-3603-90-2026-00041,3613715,0,1.10,
P-3200-91-2026-00051,3614585,0,1.10,
P-2400-90-2026-00667,3613839,0,1.10,
P-2200-90-2026-00142,3614307,0,1.10,
P-1411-90-2026-00155,3614853,0,1.10,
P-1000-96-2025-00002,3241332,7,23.10,
P-3400-90-2026-00104,3613553,0,1.70,
P-4006-90-2026-00080,3614902,0,1.10,
P-2400-90-2026-00698,3614441,0,1.10,
P-1200-90-2026-00430,3614171,0,1.10,
P-2400-90-2026-00730,3614952,0,1.10,
P-4000-90-2026-00278,3614053,0,1.10,
P-9061-90-2026-00071,3613883,0,1.10,
P-4000-90-2026-00295,3614520,0,1.10,
P-4006-90-2026-00071,3614227,0,1.10,
P-8000-91-2026-00055,3614352,0,1.70,
P-2202-90-2026-00151,3614944,0,1.10,
P-3800-90-2026-00220,3613823,0,1.10,
P-2409-90-2026-00022,3613633,0,1.10,
P-2400-90-2026-00686,3614262,0,1.10,
P-2400-90-2026-00675,3614056,0,1.10,
P-2406-90-2026-00034,3614463,0,1.10,
P-2000-90-2026-00133,3614604,0,1.10,
P-2200-90-2026-00131,3614015,0,1.10,
P-9070-90-2026-00028,3613853,0,1.10,
P-2301-90-2026-00051,3614166,0,1.10,
P-1200-90-2026-00435,3614211,0,1.10,
P-2407-90-2026-00124,3613812,0,1.10,
P-3211-90-2026-00185,3614566,0,1.10,
P-2408-90-2026-00117,3614945,0,1.10,
P-4000-90-2026-00292,3614455,0,1.10,
P-2200-90-2026-00150,3614814,0,1.10,
P-2400-90-2026-00677,3614083,0,1.10,
P-3200-90-2026-00663,3614836,0,1.10,
P-1452-90-2026-00044,3613689,0,1.10,
P-4203-90-2026-00097,3613943,0,1.10,
P-1477-90-2026-00052,3613782,0,1.10,
P-1200-90-2026-00416,3613915,0,1.10,
P-1200-90-2026-00429,3614175,0,1.10,
P-9070-90-2026-00026,3613786,0,1.10,
P-2403-90-2026-00137,3614827,0,1.10,
P-4200-90-2026-00309,3613797,0,1.10,
P-4000-90-2026-00277,3614039,0,1.10,
P-2600-90-2026-00101,3614632,0,1.10,
P-2400-90-2026-00681,3614178,0,1.10,
P-1477-90-2026-00058,3614147,0,1.10,
P-1488-91-2026-00161,3614513,0,1.10,
P-4000-90-2026-00302,3614785,0,1.10,
P-3600-90-2026-00144,3614159,0,1.70,
P-3603-90-2026-00039,3613620,0,1.70,
P-4000-90-2026-00264,3613666,0,1.10,
P-2604-90-2026-00060,3613583,0,1.10,
P-2600-90-2026-00106,3614809,0,1.10,
P-4203-90-2026-00101,3614231,0,1.10,
P-2400-90-2026-00716,3614640,0,1.10,
P-1200-91-2026-00105,3614035,0,1.10,
P-9061-91-2026-00148,3614630,0,1.10,
P-2403-90-2026-00136,3614445,0,1.10,
P-4202-90-2026-00115,3614437,0,1.10,
P-4200-90-2026-00323,3614292,0,1.10,
P-2200-91-2026-00008,3614661,0,1.10,
P-9075-90-2026-00035,3614225,0,1.10,
P-2400-90-2026-00728,3614819,0,1.10,
P-1411-90-2026-00154,3614831,0,1.10,
P-1200-90-2026-00471,3614706,0,1.10,
P-1411-90-2026-00157,3614877,0,1.10,
P-2400-90-2026-00644,3613543,0,1.10,
P-1477-90-2026-00054,3613990,0,1.10,
P-3900-90-2026-00024,3614046,0,1.10,
P-3900-90-2026-00023,3613744,0,1.10,
P-1492-92-2026-00043,3613802,0,1.10,
P-9086-90-2026-00087,3613971,0,1.10,
P-4200-90-2026-00305,3613693,0,1.10,
P-3200-90-2026-00614,3613989,0,1.10,
P-1200-91-2026-00096,3613576,0,1.10,
P-3400-90-2026-00105,3613560,0,1.70,
P-4200-91-2026-00027,3613508,0,1.10,
P-3200-90-2026-00595,3613511,0,1.10,
P-4000-90-2026-00265,3613668,0,1.10,
P-9068-90-2026-00028,3613516,0,1.10,
P-9086-90-2026-00098,3615308,0,1.10,
P-2400-90-2026-00804,3616067,0,1.10,
P-9068-90-2026-00031,3614993,0,1.10,
P-4203-90-2026-00115,3615331,0,1.10,
P-1400-92-2026-00029,3615461,0,1.10,
P-1200-90-2026-00486,3615045,0,1.10,
P-2409-90-2026-00027,3615315,0,1.10,
P-2408-90-2026-00132,3615624,0,1.10,
P-2000-90-2026-00152,3616020,0,1.10,
P-1411-90-2026-00185,3616293,0,1.10,
P-4005-90-2026-00065,3616365,0,1.10,
P-1200-90-2026-00493,3615281,0,1.10,
P-1400-90-2026-00087,3615919,0,1.10,
P-1400-90-2026-00090,3616129,0,1.70,
P-1200-90-2026-00512,3616206,0,1.10,
P-4000-90-2026-00333,3615856,0,1.10,
P-3205-90-2026-00071,3615801,0,1.10,
P-4200-90-2026-00383,3615947,0,1.10,
P-2405-90-2026-00049,3615811,0,1.10,
P-2400-90-2026-00806,3616103,0,1.10,
P-9077-90-2026-00038,3616386,0,1.10,
P-1492-96-2026-00001,3615426,0,18.70,
P-3400-90-2026-00133,3615663,0,1.70,
P-9075-90-2026-00046,3615232,0,1.10,
P-4200-90-2026-00391,3616057,0,1.10,
P-4400-92-2026-00065,3615353,0,1.10,
P-4200-90-2026-00361,3615376,0,1.10,
P-9086-90-2026-00103,3615642,0,1.10,
P-2600-90-2026-00118,3615809,0,1.10,
P-3200-90-2026-00690,3615383,0,1.10,
P-3800-90-2026-00243,3615247,0,1.10,
P-3200-90-2026-00749,3615981,0,1.10,
P-1200-90-2026-00519,3616255,0,1.10,
P-2000-90-2026-00142,3615612,0,1.10,
P-2403-90-2026-00148,3615451,0,1.10,
P-4400-91-2026-00079,3615362,0,1.70,
P-1453-90-2026-00012,3615280,0,1.10,
P-1400-90-2026-00086,3615837,0,1.70,
P-2400-90-2026-00818,3616359,0,1.10,
P-1200-90-2026-00521,3616283,0,1.10,
P-9070-91-2026-00008,3616144,0,1.70,
P-1000-98-2025-00032,3366207,12,1.10,
P-9061-90-2026-00087,3615278,0,1.10,
P-3200-90-2026-00687,3615283,0,1.10,
P-4006-90-2026-00089,3615733,0,1.10,
P-9061-91-2026-00156,3615178,0,1.10,
P-9097-90-2026-00042,3614996,0,1.10,
P-1400-90-2026-00088,3615978,0,1.10,
P-1200-90-2026-00504,3615678,0,1.10,
P-1488-90-2026-00131,3615317,0,1.10,
P-9061-91-2026-00178,3616116,0,1.10,
P-2400-98-2025-00004,3357305,13,3.30,
P-3200-90-2026-00704,3615827,0,1.10,
P-4000-90-2026-00316,3615367,0,1.10,
P-2202-90-2026-00157,3615316,0,1.10,
P-3205-90-2026-00066,3615485,0,1.10,
P-4202-90-2026-00126,3615767,0,1.10,
P-2600-90-2026-00112,3615659,0,1.10,
P-2604-90-2026-00072,3615466,0,1.10,
P-1474-90-2026-00045,3615125,0,1.10,
P-1452-90-2026-00053,3615592,0,1.10,
P-9075-90-2026-00048,3615484,0,1.10,
P-1411-90-2026-00182,3616287,0,1.10,
P-9061-90-2026-00088,3615476,0,1.10,
P-3211-90-2026-00207,3615799,0,1.10,
P-3205-90-2026-00064,3615180,0,1.10,
P-9086-90-2026-00102,3615657,0,1.10,
P-2405-90-2026-00050,3616317,0,1.10,
P-2400-90-2026-00796,3615982,0,1.10,
P-2403-90-2026-00146,3615410,0,1.10,
P-4203-90-2026-00119,3615437,0,1.10,
P-4200-90-2026-00362,3615380,0,1.10,
P-1400-90-2026-00071,3615506,0,1.10,
P-2600-90-2026-00111,3615628,0,1.10,
P-2400-90-2026-00756,3615226,0,1.70,
P-3211-90-2026-00208,3615786,0,1.10,
P-2400-90-2026-00816,3616230,0,1.10,
P-1200-91-2026-00122,3615759,0,1.10,
P-8000-91-2026-00064,3615956,0,1.10,
P-3600-90-2026-00148,3615029,0,1.70,
P-1200-91-2026-00125,3615864,0,1.10,
P-2202-90-2026-00168,3616412,0,1.10,
P-2403-90-2026-00139,3615132,0,1.10,
P-3800-90-2026-00248,3615500,0,1.10,
P-1200-90-2026-00495,3615365,0,1.10,
P-4400-90-2026-00152,3615449,0,1.70,
P-3800-90-2026-00249,3615576,0,1.10,
P-3211-92-2026-00075,3615772,0,1.10,
P-2000-90-2026-00148,3615806,0,1.10,
P-1200-90-2026-00569,3617210,0,1.10,
P-1200-90-2026-00592,3617456,0,1.10,
P-4200-90-2026-00399,3616444,0,1.10,
P-8000-91-2026-00072,3617019,0,1.10,
P-4203-90-2026-00128,3616448,0,1.10,
P-3400-90-2026-00144,3616790,0,1.70,
P-8000-90-2026-00072,3617339,0,1.10,
P-1200-90-2026-00584,3617328,0,1.10,
P-2000-90-2026-00171,3617422,0,1.10,
P-9076-91-2026-00009,3616423,0,1.10,
P-2400-90-2026-00877,3617315,0,1.10,
P-1200-90-2026-00574,3617257,0,1.10,
P-1411-92-2026-00078,3617508,0,1.10,
P-3200-90-2026-00808,3616800,0,1.10,
P-3800-90-2026-00274,3617038,0,1.10,
P-4200-90-2026-00405,3616672,0,1.10,
P-3200-90-2026-00820,3617134,0,1.10,
P-2400-91-2026-00114,3617292,0,1.10,
P-1492-90-2026-00059,3617388,0,1.10,
P-1411-90-2026-00196,3616558,0,1.10,
P-2400-90-2026-00856,3616830,0,1.10,
P-4200-90-2026-00400,3616480,0,1.70,
P-2202-90-2026-00178,3617531,0,1.70,
P-3200-90-2026-00833,3617518,0,1.10,
P-2600-90-2026-00129,3616932,0,1.10,
P-3205-90-2026-00080,3617485,0,1.10,
P-2200-90-2026-00182,3616795,0,1.10,
P-4000-90-2026-00347,3616473,0,1.10,
P-4000-90-2026-00358,3617004,0,1.10,
P-3901-90-2026-00034,3617058,0,1.10,
P-3600-90-2026-00172,3616813,0,1.70,
P-1488-90-2026-00148,3617299,0,1.10,
P-8035-93-2026-00014,3617105,0,1.10,
P-2400-90-2026-00886,3617369,0,1.10,
P-4000-90-2026-00351,3616628,0,1.10,
P-9076-90-2026-00043,3616854,0,1.10,
P-4006-91-2026-00176,3616711,0,1.10,
P-2604-90-2026-00085,3617219,0,1.10,
P-4203-90-2026-00134,3616761,0,1.10,
P-4200-90-2026-00432,3617418,0,1.10,
P-3200-90-2026-00830,3617457,0,1.10,
P-2604-90-2026-00086,3617254,0,1.10,
P-1488-91-2026-00176,3616074,0,1.10,
P-2400-92-2026-00129,3616641,0,1.10,
P-2604-90-2026-00078,3616497,0,1.10,
P-3200-90-2026-00837,3617507,0,1.10,
P-1400-91-2026-00014,3617301,0,1.70,
P-8035-91-2026-00048,3617472,0,1.10,
P-4200-90-2026-00409,3616776,0,1.10,
P-1200-90-2026-00568,3617201,0,1.10,
P-3200-90-2026-00815,3616985,0,1.10,
P-2400-90-2026-00875,3617264,0,1.70,
P-3205-90-2026-00079,3617055,0,1.10,
P-2200-90-2026-00180,3616745,0,1.10,
P-3211-91-2026-00173,3617449,0,1.10,
P-2604-90-2026-00083,3616959,0,1.10,
P-8000-90-2026-00067,3616810,0,1.10,
P-1488-90-2026-00146,3616898,0,1.10,
P-4400-90-2026-00183,3617074,0,1.10,
P-4000-90-2026-00352,3616706,0,1.10,
P-3800-90-2026-00268,3616556,0,1.10,
P-3200-90-2026-00793,3616484,0,1.10,
P-1200-91-2026-00132,3616488,0,1.10,
P-1200-90-2026-00538,3616709,0,1.10,
P-1411-90-2026-00204,3617062,0,1.10,
P-9076-90-2026-00045,3617421,0,1.10,
P-4400-90-2026-00171,3616564,0,1.10,
P-1477-90-2026-00074,3616616,0,1.10,
P-1492-90-2026-00056,3616933,0,1.10,
P-1400-90-2026-00097,3617295,0,1.70,
P-9097-91-2026-00021,3617020,0,1.10,
P-8000-91-2026-00071,3616819,0,1.70,
P-2400-90-2026-00829,3616466,0,1.10,
P-3200-90-2026-00816,3617028,0,1.10,
P-9075-90-2026-00057,3617536,0,1.10,
P-2407-90-2026-00153,3617353,0,1.10,
P-1200-90-2026-00573,3617255,0,1.10,
P-2400-90-2026-00850,3616749,0,1.10,
P-3800-90-2026-00284,3617480,0,1.10,
P-2400-90-2026-00891,3617478,0,1.10,
P-4200-90-2026-00401,3616529,0,1.10,
P-9076-90-2026-00037,3616439,0,1.10,
P-3400-90-2026-00159,3617464,0,1.70,
P-3200-90-2026-00840,3617560,0,1.10,
P-9061-90-2026-00096,3616751,0,1.10,
P-9086-90-2026-00114,3617066,0,1.10,
P-8000-90-2026-00071,3617285,0,1.70,
P-3211-92-2026-00086,3617446,0,1.10,
P-2200-90-2026-00186,3616865,0,1.10,
P-2400-90-2026-00853,3616791,0,1.10,
P-1411-90-2026-00205,3617084,0,1.10,
P-4200-90-2026-00426,3617207,0,1.10,
P-3211-90-2026-00227,3616555,0,1.10,
P-4202-90-2026-00129,3616483,0,1.10,
P-3200-90-2026-00814,3616944,0,1.10,
P-3211-90-2026-00230,3616606,0,1.10,
P-2400-90-2026-00870,3617161,0,1.10,
P-1411-90-2026-00213,3617653,0,1.10,
P-4006-90-2026-00117,3617630,0,1.10,
P-2400-90-2026-00907,3617645,0,1.10,
P-4202-91-2026-00032,3617619,0,1.10,
P-2202-90-2026-00181,3617624,0,1.10,
P-2400-92-2026-00133,3617598,0,1.10,
P-9086-90-2026-00117,3617605,0,1.10,
P-3211-90-2026-00252,3617746,0,1.10,
P-2400-90-2026-00909,3617649,0,1.10,
P-9075-90-2026-00062,3617758,0,1.10,
P-2400-90-2026-00914,3617787,0,1.10,
P-2202-90-2026-00187,3617692,0,1.10,
P-3205-90-2026-00084,3617917,0,1.10,
P-9070-90-2026-00045,3617772,0,1.10,
P-3800-90-2026-00286,3617651,0,1.10,
P-2400-90-2026-00929,3617989,0,1.10,
P-9097-90-2026-00052,3617918,0,1.10,
P-3211-90-2026-00254,3617751,0,1.10,
P-1488-90-2026-00156,3617905,0,1.10,
P-9061-90-2026-00116,3617824,0,1.10,
P-2403-90-2026-00184,3617705,0,1.10,
P-2403-90-2026-00192,3617861,0,1.10,
P-2202-90-2026-00189,3617718,0,1.10,
P-2408-90-2026-00155,3617913,0,1.10,
P-2604-90-2026-00091,3617723,0,1.10,
P-2408-90-2026-00153,3617734,0,1.10,
P-2400-90-2026-00915,3617812,0,1.10,
P-2400-90-2026-00931,3617991,0,1.10,
P-2408-90-2026-00149,3617678,0,1.10,
P-2400-90-2026-00932,3618003,0,1.10,
P-1411-90-2026-00215,3617701,0,1.10,
P-2400-90-2026-00918,3617837,0,1.10,
P-9086-90-2026-00124,3617889,0,1.10,
P-3603-90-2026-00066,3618425,0,1.10,
P-2400-90-2026-00943,3618164,0,1.10,
P-9070-90-2026-00048,3618340,0,1.10,
P-9061-91-2026-00195,3618048,0,1.10,
P-4000-90-2026-00410,3618762,0,1.10,
P-3211-90-2026-00273,3618398,0,1.10,
P-2400-90-2026-01012,3619110,0,1.10,
P-3600-90-2026-00216,3619466,0,1.70,
P-2000-90-2026-00195,3619408,0,1.10,
P-2200-90-2026-00215,3618727,0,1.10,
P-2406-90-2026-00050,3618462,0,1.10,
P-3211-90-2026-00276,3618635,0,1.10,
P-2202-90-2026-00217,3618666,0,1.70,
P-4200-90-2026-00480,3618997,0,1.70,
P-4006-90-2026-00136,3619282,0,1.10,
P-4200-90-2026-00469,3618790,0,1.10,
P-2408-90-2026-00172,3619541,0,1.10,
P-2000-91-2026-00008,3619201,0,1.10,
P-9082-90-2026-00026,3619487,0,1.10,
P-3800-90-2026-00304,3618542,0,1.10,
P-4006-90-2026-00126,3618456,0,1.10,
P-2200-90-2026-00231,3619372,0,1.10,
P-3200-91-2026-00068,3618162,0,1.10,
P-3200-90-2026-00878,3619152,0,1.10,
P-8000-90-2026-00084,3619390,0,1.70,
P-1492-90-2026-00069,3619616,0,1.10,
P-1200-90-2026-00669,3619498,0,1.10,
P-2301-90-2026-00085,3618606,0,1.10,
P-3205-91-2026-00033,3618837,0,1.10,
P-4200-90-2026-00478,3618951,0,1.70,
P-2400-90-2026-00967,3618484,0,1.10,
P-2400-90-2026-00969,3618524,0,1.10,
P-2407-90-2026-00182,3618816,0,1.10,
P-4200-90-2026-00436,3618093,0,1.10,
P-2202-90-2026-00214,3618249,0,1.10,
P-9077-90-2026-00051,3618893,0,1.10,
P-4005-90-2026-00084,3618677,0,1.10,
P-2400-90-2026-01038,3619445,0,1.10,
P-3200-90-2026-00905,3619521,0,1.10,
P-4006-90-2026-00139,3619594,0,1.10,
P-4200-90-2026-00446,3618254,0,1.10,
P-2400-90-2026-00959,3618365,0,1.10,
P-2200-90-2026-00212,3618695,0,1.10,
P-9061-91-2026-00200,3618091,0,1.10,
P-1200-90-2026-00654,3619265,0,1.10,
P-4202-90-2026-00142,3618095,0,1.70,
P-2214-90-2026-00060,3618503,0,1.10,
P-1200-91-2026-00161,3619293,0,1.10,
P-3600-90-2026-00214,3619320,0,1.10,
P-3901-90-2026-00042,3618539,0,1.10,
P-3200-90-2026-00909,3619554,0,1.10,
P-2400-90-2026-00994,3618875,0,1.10,
P-4200-90-2026-00472,3618891,0,1.10,
P-1200-90-2026-00606,3618415,0,1.10,
P-2000-90-2026-00184,3618671,0,1.10,
P-2408-90-2026-00162,3618266,0,1.10,
P-4200-90-2026-00471,3618878,0,1.10,
P-2408-90-2026-00158,3618101,0,1.10,
P-2400-90-2026-00946,3618213,0,1.10,
P-1200-90-2026-00644,3619163,0,1.10,
P-1488-91-2026-00192,3619397,0,1.10,
P-4203-90-2026-00164,3618679,0,1.10,
P-9061-91-2026-00198,3618073,0,1.10,
P-2400-90-2026-00999,3618934,0,1.10,
P-8000-91-2026-00078,3619261,0,1.10,
P-2400-90-2026-01027,3619228,0,1.10,
P-1411-90-2026-00230,3618711,0,1.10,
P-2214-90-2026-00061,3618769,0,1.10,
P-3900-90-2026-00044,3618312,0,1.10,
P-9061-90-2026-00117,3618061,0,1.10,
P-3800-90-2026-00314,3619229,0,1.10,
P-4203-90-2026-00172,3619478,0,1.10,
P-4200-90-2026-00465,3618751,0,1.10,
P-4005-90-2026-00086,3618834,0,1.10,
P-9077-90-2026-00049,3618043,0,1.10,
P-2202-90-2026-00207,3618045,0,1.10,
P-2405-90-2026-00053,3618151,0,1.10,
P-9061-91-2026-00196,3618049,0,1.10,
P-3600-90-2026-00187,3618094,0,1.70,
P-2400-91-2026-00128,3619220,0,1.10,
P-3200-90-2026-00898,3619492,0,1.10,
P-2400-91-2026-00123,3618559,0,1.10,
P-4000-90-2026-00425,3619243,0,1.10,
P-4000-90-2026-00378,3618069,0,1.10,
P-4000-90-2026-00396,3618440,0,1.10,
P-2403-90-2026-00197,3618268,0,1.10,
P-4006-90-2026-00129,3618773,0,1.10,
P-1477-90-2026-00089,3618860,0,1.10,
P-4005-90-2026-00082,3618586,0,1.10,
P-3800-90-2026-00305,3618696,0,1.10,
P-4200-90-2026-00497,3619507,0,1.10,
P-2403-90-2026-00214,3619570,0,1.70,
P-2400-90-2026-01058,3619667,0,1.10,
P-2400-90-2026-00963,3618443,0,1.10,
P-4200-90-2026-00488,3619285,0,1.10,
P-4005-90-2026-00081,3618548,0,1.10,
P-1200-90-2026-00605,3618393,0,1.10,
P-2200-90-2026-00224,3619091,0,1.10,
P-3600-90-2026-00190,3618169,0,1.70,
P-2406-90-2026-00048,3618269,0,1.10,
P-3400-90-2026-00171,3618964,0,1.70,
P-2405-92-2026-00050,3618743,0,1.10,
P-3200-90-2026-00855,3618441,0,1.10,
P-3200-90-2026-00921,3619653,0,1.10,
P-3211-90-2026-00277,3618673,0,1.10,
P-4400-90-2026-00218,3619082,0,1.10,
P-3200-90-2026-00893,3619398,0,1.10,
P-4000-90-2026-00422,3619064,0,1.10,
P-1200-90-2026-00617,3618577,0,1.10,
P-2400-90-2026-01010,3619112,0,1.10,
P-9086-90-2026-00127,3618444,0,1.10,
P-2202-90-2026-00205,3618027,0,1.10,
P-4000-90-2026-00383,3618121,0,1.10,
P-4006-91-2026-00193,3618262,0,1.70,
P-2200-90-2026-00210,3618623,0,1.10,
P-4000-90-2026-00424,3619237,0,1.10,
P-3211-90-2026-00279,3619016,0,1.10,
P-2408-90-2026-00166,3618735,0,1.10,
P-2405-90-2026-00055,3618319,0,1.10,
P-3211-90-2026-00278,3618914,0,1.10,
P-9061-91-2026-00222,3619496,0,1.10,
P-3211-91-2026-00180,3618021,0,1.10,
P-3200-90-2026-00880,3619234,0,1.10,
P-1200-92-2026-00070,3618732,0,1.10,
P-1200-90-2026-00671,3619484,0,1.10,
P-2408-90-2026-00173,3619598,0,1.10,
P-4202-90-2026-00156,3619626,0,1.10,
P-4006-90-2026-00155,3620996,0,1.10,
P-8000-91-2026-00080,3620211,0,1.70,
P-2400-90-2026-01081,3619965,0,1.10,
P-1411-91-2026-00035,3620261,0,1.10,
P-2400-90-2026-01100,3620300,0,1.10,
P-1488-90-2026-00194,3620878,0,1.10,
P-1200-90-2026-00713,3620665,0,1.10,
P-2400-90-2026-01142,3621010,0,1.10,
P-3400-97-2025-00004,3313517,55,45.10,
P-3200-90-2026-00952,3620152,0,1.10,
P-8000-90-2026-00088,3619853,0,1.10,
P-3200-90-2026-00999,3620976,0,1.10,
P-9061-90-2026-00128,3619864,0,1.10,
P-3200-90-2026-00958,3620251,0,1.10,
P-3200-90-2026-00959,3620269,0,1.10,
P-1400-90-2026-00121,3620622,0,1.10,
P-1488-90-2026-00184,3620433,0,1.10,
P-3400-90-2026-00184,3620589,0,1.10,
P-1488-90-2026-00191,3620674,0,1.70,
P-2403-90-2026-00221,3620303,0,1.10,
P-9070-90-2026-00051,3620659,0,1.70,
P-4005-90-2026-00102,3620869,0,1.10,
P-4203-90-2026-00183,3620452,0,1.10,
P-1488-90-2026-00185,3620454,0,1.10,
P-2400-90-2026-01065,3619707,0,1.10,
P-3200-90-2026-00993,3620911,0,1.10,
P-4200-90-2026-00504,3619876,0,1.10,
P-4000-90-2026-00437,3619907,0,1.10,
P-9061-91-2026-00227,3619715,0,1.10,
P-2400-90-2026-01102,3620369,0,1.10,
P-2604-90-2026-00112,3620157,0,1.10,
P-4200-90-2026-00518,3620447,0,1.10,
P-1200-90-2026-00674,3619724,0,1.10,
P-9078-90-2026-00007,3620389,0,1.10,
P-1488-90-2026-00175,3620296,0,1.10,
P-4400-90-2026-00238,3620290,0,1.10,
P-2400-90-2026-01094,3620174,0,1.10,
P-1200-90-2026-00702,3620359,0,1.10,
P-1200-90-2026-00701,3620347,0,1.10,
P-1453-90-2026-00019,3620244,0,1.10,
P-2600-90-2026-00155,3619982,0,1.10,
P-2400-90-2026-01103,3620394,0,1.10,
P-8061-91-2026-00009,3619960,0,1.10,
P-4203-90-2026-00188,3620855,0,1.10,
P-2000-90-2026-00208,3620691,0,1.10,
P-2200-90-2026-00249,3620400,0,1.10,
P-2408-90-2026-00176,3619769,0,1.10,
P-2408-90-2026-00180,3619998,0,1.10,
P-4200-90-2026-00523,3620690,0,1.10,
P-3400-90-2026-00177,3620063,0,1.10,
P-3901-90-2026-00049,3621000,0,1.10,
P-2400-90-2026-01141,3621016,0,1.10,
P-4000-90-2026-00439,3619994,0,1.10,
P-4006-92-2026-00075,3620632,0,1.10,
P-4200-90-2026-00503,3619824,0,1.10,
P-3205-90-2026-00099,3620352,0,1.10,
P-3200-90-2026-00951,3620132,0,1.10,
P-1200-90-2026-00730,3620901,0,1.10,
P-1453-90-2026-00021,3620649,0,1.10,
P-1200-90-2026-00708,3620476,0,1.10,
P-2407-90-2026-00203,3619920,0,1.10,
P-2407-90-2026-00216,3620336,0,1.10,
P-2214-91-2026-00012,3620573,0,1.10,
P-1200-90-2026-00707,3620471,0,1.10,
P-3200-90-2026-00985,3620834,0,1.10,
P-4203-90-2026-00186,3620780,0,1.10,
P-3200-90-2026-00988,3620850,0,1.10,
P-1400-90-2026-00114,3620143,0,1.10,
P-9061-90-2026-00129,3619889,0,1.10,
P-2600-90-2026-00164,3620847,0,1.10,
P-3901-90-2026-00044,3619812,0,1.10,
P-1411-90-2026-00247,3619804,0,1.10,
P-3200-90-2026-00942,3619950,0,1.10,
P-3200-90-2026-00928,3619744,0,1.10,
P-2403-90-2026-00220,3620279,0,1.10,
P-1200-90-2026-00728,3620913,0,1.10,
P-1400-90-2026-00120,3620600,0,1.10,
P-1492-90-2026-00072,3620903,0,1.10,
P-3200-90-2026-00927,3619754,0,1.10,
P-3211-90-2026-00302,3620458,0,1.10,
P-1474-93-2026-00006,3620685,0,1.70,
P-3800-90-2026-00340,3620819,0,1.10,
P-2403-90-2026-00226,3620539,0,1.10,
P-3200-90-2026-00930,3619751,0,1.10,
P-1411-90-2026-00251,3620121,0,1.10,
P-3205-92-2026-00100,3620967,0,1.10,
P-2400-90-2026-01139,3621009,0,1.10,
P-2400-90-2026-01133,3620844,0,1.10,
P-2400-90-2026-01112,3620443,0,1.10,
P-8000-90-2026-00093,3620697,0,1.70,
P-4006-91-2026-00229,3620037,0,1.10,
P-3600-90-2026-00234,3620647,0,1.70,
P-2600-90-2026-00163,3620706,0,1.10,
P-3200-90-2026-00976,3620709,0,1.10,
P-9061-90-2026-00125,3619704,0,1.10,
P-2408-90-2026-00189,3620970,0,1.10,
P-9075-93-2026-00007,3620360,0,1.10,
P-2400-90-2026-01106,3620402,0,1.10,
P-3211-90-2026-00311,3620981,0,1.10,
P-3800-90-2026-00332,3620353,0,1.10,
P-9076-90-2026-00050,3619681,0,1.10,
P-2400-90-2026-01171,3621562,0,1.10,
P-2200-90-2026-00260,3621277,0,1.10,
P-3800-92-2026-00069,3621786,0,1.10,
P-4000-90-2026-00471,3621650,0,1.10,
P-3200-90-2026-01007,3621044,0,1.10,
P-4000-90-2026-00485,3622069,0,1.10,
P-1477-90-2026-00123,3621753,0,1.10,
P-3400-90-2026-00191,3621354,0,1.70,
P-4006-90-2026-00157,3621055,0,1.10,
P-2400-90-2026-01168,3621448,0,1.10,
P-9071-90-2026-00031,3622081,0,1.10,
P-1200-90-2026-00772,3621921,0,1.10,
P-2400-90-2026-01173,3621598,0,1.10,
P-3600-90-2026-00244,3621409,0,1.70,
P-4200-90-2026-00570,3622076,0,1.10,
P-8069-96-2026-00002,3607030,24,1.10,
P-2202-90-2026-00267,3622351,0,1.10,
P-2400-90-2026-01176,3621646,0,1.10,
P-4006-90-2026-00166,3621889,0,1.10,
P-2604-90-2026-00121,3621641,0,1.10,
P-1492-90-2026-00081,3622274,0,1.10,
P-1200-90-2026-00779,3621957,0,1.10,
P-9086-90-2026-00156,3622015,0,1.10,
P-3600-90-2026-00240,3621244,0,1.70,
P-2400-90-2026-01179,3621694,0,1.10,
P-9061-91-2026-00261,3621951,0,1.10,
P-1411-90-2026-00273,3621896,0,1.10,
P-4000-90-2026-00464,3621304,0,1.10,
P-4200-90-2026-00546,3621502,0,1.10,
P-9061-90-2026-00157,3621724,0,1.10,
P-3205-90-2026-00102,3621226,0,1.70,
P-4200-90-2026-00575,3622241,0,1.10,
P-4200-90-2026-00552,3621630,0,1.10,
P-2403-90-2026-00263,3622372,0,1.70,
P-2400-90-2026-01170,3621528,0,1.10,
P-1488-91-2026-00202,3621072,0,1.10,
P-3200-90-2026-01020,3621657,0,1.10,
P-1200-91-2026-00181,3621915,0,1.10,
P-1200-90-2026-00748,3621378,0,1.10,
P-4200-90-2026-00563,3621863,0,1.10,
P-3200-90-2026-01057,3622358,0,1.10,
P-3211-91-2026-00204,3621084,0,1.10,
P-4202-90-2026-00167,3621271,0,1.10,
P-2000-90-2026-00221,3621739,0,1.10,
P-4200-90-2026-00539,3621347,0,1.10,
P-3211-91-2026-00209,3621492,0,1.10,
P-2400-90-2026-01196,3621882,0,1.10,
P-2407-90-2026-00234,3621666,0,1.10,
P-1492-90-2026-00082,3622266,0,1.10,
P-3211-90-2026-00316,3621210,0,1.10,
P-9022-90-2026-00013,3621563,0,1.10,
P-2400-90-2026-01205,3622036,0,1.10,
P-1488-91-2026-00210,3621496,0,1.10,
P-2400-90-2026-01212,3622141,0,1.10,
P-2400-90-2026-01164,3621399,0,1.70,
P-3211-90-2026-00345,3622378,0,1.10,
P-9077-90-2026-00059,3622311,0,1.10,
P-3200-90-2026-01040,3622148,0,1.10,
P-9061-91-2026-00234,3620508,0,1.10,
P-1200-90-2026-00733,3621071,0,1.10,
P-1477-90-2026-00127,3622238,0,1.10,
P-3200-92-2026-00090,3621255,0,1.10,
P-2604-90-2026-00117,3621060,0,1.10,
P-8035-91-2026-00056,3621292,0,1.10,
P-2400-90-2026-01167,3621428,0,1.10,
P-9075-90-2026-00085,3621386,0,1.10,
P-2400-90-2026-01158,3621229,0,1.10,
P-2200-90-2026-00283,3622192,0,1.10,
P-3200-91-2026-00090,3621495,0,1.10,
P-1400-90-2026-00127,3621763,0,1.70,
P-2301-90-2026-00099,3621349,0,1.10,
P-3200-90-2026-01035,3622050,0,1.10,
P-4200-90-2026-00559,3621785,0,1.10,
P-2400-90-2026-01166,3621427,0,1.10,
P-1488-90-2026-00200,3621618,0,1.10,
P-9097-90-2026-00066,3621817,0,1.70,
P-1200-90-2026-00805,3622258,0,1.10,
P-2400-90-2026-01191,3621828,0,1.10,
P-4200-90-2026-00554,3621699,0,1.10,
P-2405-90-2026-00064,3622420,0,1.10,
P-2400-90-2026-01232,3622441,0,1.10,
P-2604-90-2026-00122,3621928,0,1.10,
P-4200-90-2026-00555,3621727,0,1.10,
P-3200-90-2026-01065,3622419,0,1.10,
P-1200-90-2026-00784,3622033,0,1.10,
P-3600-90-2026-00243,3621405,0,1.70,
P-9061-91-2026-00254,3621781,0,1.10,
P-2400-90-2026-01144,3621058,0,1.10,
P-4000-90-2026-00462,3621086,0,1.10,
P-3400-90-2026-00197,3622070,0,1.70,
P-1488-93-2026-00016,3621423,0,1.10,
P-3600-90-2026-00245,3621494,0,1.70,
P-2400-90-2026-01203,3621945,0,1.10,
P-3200-90-2026-01018,3621412,0,1.10,
P-9086-90-2026-00149,3621398,0,1.10,
P-4000-92-2026-00058,3621461,0,1.10,
P-2301-91-2026-00031,3621298,0,1.10,
P-2400-90-2026-01146,3621069,0,1.10,
P-9061-91-2026-00263,3622117,0,1.10,
P-3200-90-2026-01045,3622219,0,1.10,
P-1400-90-2026-00128,3621883,0,1.70,
P-2200-90-2026-00284,3622188,0,1.10,
P-9082-91-2026-00007,3622174,0,1.10,
P-8000-91-2026-00088,3621625,0,1.10,
P-1200-90-2026-00768,3621880,0,1.10,
P-2400-90-2026-01210,3622109,0,1.10,
P-2400-90-2026-01320,3623625,0,1.10,
P-4200-90-2026-00579,3622576,0,1.10,
P-9097-91-2026-00024,3623823,0,1.10,
P-3211-90-2026-00357,3622993,0,1.10,
P-3200-90-2026-01142,3623850,0,1.10,
P-3200-90-2026-01074,3622631,0,1.10,
P-1200-90-2026-00831,3622986,0,1.10,
P-4200-90-2026-00598,3622930,0,1.10,
P-4200-90-2026-00625,3623685,0,1.10,
P-4000-90-2026-00535,3623539,0,1.10,
P-9061-91-2026-00277,3623039,0,1.10,
P-4200-90-2026-00608,3623230,0,1.10,
P-2400-90-2026-01291,3623376,0,1.10,
P-2400-90-2026-01354,3623875,0,1.10,
P-2202-90-2026-00292,3623846,0,1.10,
P-2202-90-2026-00277,3623172,0,1.10,
P-3603-90-2026-00093,3623862,0,1.10,
P-4006-91-2026-00284,3623295,0,1.10,
P-2202-90-2026-00290,3623795,0,1.10,
P-1400-91-2026-00020,3623802,0,1.70,
P-9061-93-2026-00012,3622104,0,1.10,
P-2214-90-2026-00079,3623748,0,1.10,
P-3200-90-2026-01120,3623574,0,1.10,
P-4400-90-2026-00300,3623632,0,1.10,
P-1200-90-2026-00850,3623352,0,1.10,
P-1488-91-2026-00219,3622890,0,1.10,
P-2400-90-2026-01302,3623498,0,1.10,
P-3800-90-2026-00375,3622738,0,1.10,
P-3200-90-2026-01112,3623423,0,1.10,
P-1200-90-2026-00843,3623220,0,1.10,
P-4006-91-2026-00289,3623613,0,1.10,
P-4200-90-2026-00628,3623768,0,1.10,
P-2403-90-2026-00286,3623788,0,1.10,
P-2200-90-2026-00291,3622756,0,1.10,
P-1411-90-2026-00300,3623314,0,1.10,
P-3200-90-2026-01143,3623831,0,1.10,
P-1200-90-2026-00848,3623296,0,1.10,
P-1200-90-2026-00867,3623534,0,1.10,
P-3200-90-2026-01125,3623731,0,1.10,
P-1200-90-2026-00832,3623038,0,1.10,
P-9076-90-2026-00060,3623775,0,1.10,
P-3200-90-2026-01118,3623546,0,1.10,
P-9068-92-2026-00019,3623597,0,1.10,
P-4000-90-2026-00486,3622102,0,1.10,
P-3800-90-2026-00383,3623009,0,1.10,
P-3200-90-2026-01127,3623759,0,1.10,
P-9082-90-2026-00031,3622443,0,1.10,
P-2400-90-2026-01259,3622867,0,1.10,
P-3800-90-2026-00379,3622893,0,1.10,
P-4400-90-2026-00278,3622720,0,1.10,
P-4000-90-2026-00504,3622796,0,1.10,
P-2400-90-2026-01233,3622481,0,1.10,
P-2400-90-2026-01255,3622842,0,1.10,
P-4400-90-2026-00286,3622862,0,1.10,
P-2000-90-2026-00227,3622747,0,1.10,
P-3600-90-2026-00265,3622922,0,1.70,
P-4000-90-2026-00502,3622703,0,1.10,
P-1200-90-2026-00838,3623099,0,1.10,
P-1200-90-2026-00817,3622664,0,1.10,
P-4000-90-2026-00524,3623274,0,1.10,
P-3200-91-2026-00102,3622693,0,1.10,
P-4006-90-2026-00187,3622839,0,1.10,
P-9061-91-2026-00269,3622476,0,1.10,
P-4200-90-2026-00597,3622932,0,1.10,
P-2200-90-2026-00302,3623190,0,1.10,
P-4000-90-2026-00526,3623286,0,1.10,
P-1488-90-2026-00214,3622896,0,1.10,
P-4200-90-2026-00586,3622644,0,1.10,
P-1200-90-2026-00816,3622651,0,1.10,
P-9082-90-2026-00036,3623132,0,1.10,
P-2000-90-2026-00232,3622881,0,1.10,
P-2400-90-2026-01240,3622562,0,1.10,
P-2407-90-2026-00250,3623012,0,1.10,
P-1200-90-2026-00845,3623272,0,1.10,
P-4400-90-2026-00280,3622788,0,1.10,
P-3200-90-2026-01105,3623262,0,1.10,
P-1400-91-2026-00018,3622461,0,1.70,
P-3200-90-2026-01080,3622734,0,1.10,
P-8035-91-2026-00059,3622739,0,1.10,
P-4000-90-2026-00500,3622653,0,1.10,
P-1488-90-2026-00227,3623659,0,1.10,
P-2403-90-2026-00282,3623719,0,1.10,
P-4000-90-2026-00498,3622548,0,1.10,
P-3211-90-2026-00349,3622637,0,1.10,
P-2405-92-2026-00056,3622830,0,1.10,
P-4203-92-2026-00043,3623371,0,1.10,
P-1200-90-2026-00823,3622885,0,1.10,
P-8072-90-2026-00050,3623771,0,1.10,
P-2408-90-2026-00207,3623074,0,1.10,
P-4000-90-2026-00516,3623051,0,1.10,
P-1200-90-2026-00851,3623335,0,1.10,
P-2301-90-2026-00115,3622757,0,1.70,
P-1477-90-2026-00131,3623617,0,1.10,
P-1488-90-2026-00224,3623516,0,1.10,
P-2301-90-2026-00123,3623624,0,1.70,
P-1200-90-2026-00861,3623490,0,1.10,
P-1474-90-2026-00078,3623769,0,1.10,
P-1488-91-2026-00215,3622380,0,1.70,
P-1200-91-2026-00199,3623460,0,1.10,
P-3211-90-2026-00376,3623858,0,1.10,
P-3400-90-2026-00217,3623568,0,1.10,
P-3200-90-2026-01092,3623069,0,1.10,
P-9093-98-2026-00001,3623521,0,11.00,
P-3800-90-2026-00378,3622840,0,1.10,
P-2215-90-2026-00071,3623757,0,1.10,
P-3200-90-2026-01106,3623312,0,1.10,
P-3200-90-2026-01094,3623135,0,1.10,
P-4006-90-2026-00199,3623476,0,1.10,
P-2202-90-2026-00312,3624068,0,1.10,
P-3901-90-2026-00054,3623922,0,1.10,
P-2202-91-2026-00093,3624077,0,1.70,
P-2408-90-2026-00217,3623972,0,1.10,
P-2202-90-2026-00301,3623923,0,1.10,
P-2202-90-2026-00307,3624021,0,1.10,
P-3211-90-2026-00383,3624029,0,1.10,
P-9075-90-2026-00094,3623959,0,1.10,
P-4005-90-2026-00111,3624159,0,1.10,
P-2214-90-2026-00080,3623951,0,1.10,
P-9075-90-2026-00096,3624116,0,1.10,
P-2400-90-2026-01368,3624044,0,1.10,
P-4005-90-2026-00110,3624157,0,1.10,
P-3211-90-2026-00380,3624014,0,1.10,
P-2403-90-2026-00289,3623894,0,1.10,
P-2408-90-2026-00222,3624002,0,1.10,
P-2400-90-2026-01369,3624048,0,1.10,
P-1200-91-2026-00204,3624056,0,1.10,
P-4200-90-2026-00641,3624080,0,1.10,
P-4200-90-2026-00638,3623971,0,1.10,
P-1200-90-2026-00870,3623593,0,1.10,
P-2400-90-2026-01370,3624067,0,1.10,
P-4006-90-2026-00208,3624065,0,1.10,
P-4200-90-2026-00648,3624208,0,1.10,
P-9067-90-2026-00013,3624248,0,1.10,
P-2400-90-2026-01384,3624188,0,1.10,
P-4200-90-2026-00650,3624225,0,1.10,
P-2400-90-2026-01388,3624269,0,1.10,
P-9075-90-2026-00103,3624500,0,1.10,
P-1411-90-2026-00336,3624335,0,1.10,
P-2400-90-2026-01409,3624507,0,1.10,
P-4006-90-2026-00218,3624400,0,1.10,
P-3211-91-2026-00239,3624345,0,1.10,
P-2406-90-2026-00070,3624432,0,1.10,
P-1411-90-2026-00340,3624431,0,1.10,
P-3603-90-2026-00103,3624357,0,1.10,
P-1411-91-2026-00046,3624442,0,1.10,
P-1200-90-2026-00885,3624374,0,1.10,
P-1411-90-2026-00338,3624375,0,1.10,
P-2301-92-2026-00113,3624496,0,1.10,
P-9077-90-2026-00070,3624377,0,1.10,
P-3205-90-2026-00124,3624449,0,1.10,
P-4006-90-2026-00214,3624362,0,1.10,
P-3800-90-2026-00407,3624685,0,1.10,
P-4202-90-2026-00223,3624847,0,1.10,
P-2400-90-2026-01445,3624840,0,1.10,
P-2604-90-2026-00149,3624828,0,1.10,
P-4203-90-2026-00242,3624754,0,1.10,
P-4006-90-2026-00227,3624701,0,1.10,
P-2202-90-2026-00339,3624666,0,1.10,
P-4200-90-2026-00669,3624704,0,1.10,
P-2400-90-2026-01438,3624717,0,1.10,
P-2400-90-2026-01446,3624855,0,1.10,
P-2400-90-2026-01411,3624534,0,1.10,
P-9075-90-2026-00108,3624662,0,1.10,
P-2409-90-2026-00049,3624706,0,1.10,
P-2301-90-2026-00129,3624871,0,1.10,
P-9075-90-2026-00110,3624735,0,1.10,
P-2403-92-2026-00100,3624839,0,1.10,
P-8035-90-2026-00051,3624683,0,1.10,
P-9086-90-2026-00178,3624697,0,1.10,
P-2202-90-2026-00340,3624681,0,1.10,
P-4200-90-2026-00668,3624691,0,1.10,
P-1400-92-2026-00084,3624841,0,1.70,
P-2202-90-2026-00336,3624619,0,1.10,
P-4006-90-2026-00225,3624537,0,1.10,
P-4202-90-2026-00229,3624900,0,1.10,
P-2202-90-2026-00344,3624778,0,1.10,
P-4006-90-2026-00226,3624687,0,1.10,
P-3211-90-2026-00406,3624617,0,1.10,
P-9086-90-2026-00187,3624952,0,1.10,
P-2408-90-2026-00239,3625128,0,1.10,
P-9086-90-2026-00190,3625266,0,1.10,
P-9086-90-2026-00185,3624930,0,1.10,
P-3800-90-2026-00413,3624998,0,1.10,
P-9061-91-2026-00305,3624954,0,1.10,
P-3800-90-2026-00416,3625020,0,1.10,
P-4200-90-2026-00686,3625281,0,1.10,
P-2409-90-2026-00054,3625071,0,1.10,
P-1200-90-2026-00896,3625113,0,1.10,
P-2202-90-2026-00356,3625131,0,1.10,
P-4200-90-2026-00673,3624766,0,1.10,
P-2000-90-2026-00244,3625006,0,1.10,
P-2403-90-2026-00321,3625186,0,1.10,
P-3200-92-2026-00099,3625208,0,1.10,
P-4000-90-2026-00541,3625223,0,1.10,
P-1411-90-2026-00366,3625394,0,1.10,
P-2604-90-2026-00153,3625179,0,1.10,
P-4000-90-2026-00552,3625479,0,1.10,
P-4000-90-2026-00540,3625159,0,1.10,
P-3200-90-2026-01146,3625010,0,1.10,
P-4200-90-2026-00683,3625140,0,1.10,
P-3200-92-2026-00100,3625553,0,1.10,
P-3205-90-2026-00134,3625165,0,1.10,
P-2400-90-2026-01459,3625051,0,1.10,
P-2400-90-2026-01489,3625517,0,1.10,
P-2301-90-2026-00132,3625323,0,1.10,
P-2400-90-2026-01476,3625302,0,1.10,
P-4006-91-2026-00313,3625562,0,1.10,
P-9071-90-2026-00036,3625282,0,1.10,
P-8000-90-2026-00110,3625485,0,1.70,
P-4000-90-2026-00553,3625565,0,1.10,
P-4006-90-2026-00262,3627217,0,1.10,
P-9078-90-2026-00016,3626322,0,1.10,
P-2400-90-2026-01562,3626642,0,1.10,
P-1477-90-2026-00141,3625727,0,1.10,
P-2400-90-2026-01567,3626668,0,1.10,
P-3200-90-2026-01245,3627185,0,1.10,
P-4005-90-2026-00124,3626437,0,1.10,
P-9068-91-2026-00055,3626957,0,1.10,
P-2405-90-2026-00079,3627113,0,1.10,
P-3200-90-2026-01222,3626845,0,1.10,
P-9097-90-2026-00092,3625663,0,1.10,
P-3600-90-2026-00310,3626875,0,1.70,
P-3900-90-2026-00059,3625630,0,1.10,
P-1488-90-2026-00252,3627095,0,1.10,
P-3200-90-2026-01180,3626308,0,1.10,
P-1200-90-2026-00917,3625625,0,1.10,
P-3400-90-2026-00233,3626359,0,1.70,
P-1411-90-2026-00390,3627097,0,1.10,
P-9071-90-2026-00038,3625792,0,1.10,
P-1200-90-2026-00956,3626460,0,1.10,
P-3600-90-2026-00306,3626576,0,1.70,
P-1492-90-2026-00100,3626582,0,1.10,
P-3211-90-2026-00425,3626004,0,1.10,
P-2400-90-2026-01530,3626236,0,1.10,
P-9091-90-2026-00044,3626421,0,1.10,
P-3200-90-2026-01237,3627084,0,1.10,
P-9091-90-2026-00043,3626315,0,1.10,
P-9102-90-2026-00023,3627273,0,1.10,
P-4006-90-2026-00242,3626020,0,1.10,
P-9061-91-2026-00316,3625799,0,1.10,
P-4005-90-2026-00123,3626396,0,1.10,
P-2604-90-2026-00156,3626208,0,1.10,
P-9077-91-2026-00039,3626198,0,1.10,
P-1411-90-2026-00375,3626048,0,1.10,
P-3200-90-2026-01252,3627219,0,1.10,
P-4400-90-2026-00306,3625096,0,1.10,
P-2400-90-2026-01558,3626596,0,1.10,
P-4005-90-2026-00116,3625703,0,1.10,
P-9061-90-2026-00166,3625605,0,1.10,
P-2200-90-2026-00347,3626748,0,1.10,
P-1200-90-2026-00914,3625578,0,1.10,
P-4000-90-2026-00572,3626119,0,1.10,
P-2200-90-2026-00341,3626402,0,1.10,
P-4000-90-2026-00555,3625676,0,1.10,
P-3200-90-2026-01191,3626525,0,1.10,
P-3211-90-2026-00430,3626294,0,1.10,
P-1488-90-2026-00251,3627065,0,1.10,
P-4000-90-2026-00584,3626336,0,1.10,
P-1488-90-2026-00255,3627230,0,1.10,
P-1200-90-2026-00989,3627017,0,1.10,
P-2200-90-2026-00339,3626278,0,1.10,
P-3200-90-2026-01224,3626879,0,1.10,
P-4200-90-2026-00741,3626701,0,1.10,
P-3200-90-2026-01225,3626919,0,1.10,
P-3200-90-2026-01204,3626677,0,1.10,
P-3200-90-2026-01231,3627025,0,1.10,
P-4000-90-2026-00604,3626894,0,1.10,
P-1452-90-2026-00101,3627003,0,1.10,
P-2400-90-2026-01607,3627267,0,1.10,
P-1200-90-2026-00996,3627082,0,1.10,
P-4006-90-2026-00257,3627053,0,1.10,
P-4200-90-2026-00735,3626607,0,1.70,
P-2407-90-2026-00347,3627061,0,1.10,
P-2408-90-2026-00247,3625804,0,1.10,
P-4400-90-2026-00314,3625717,0,1.10,
P-2202-90-2026-00361,3625724,0,1.70,
P-4203-90-2026-00260,3625808,0,1.10,
P-4000-90-2026-00590,3626502,0,1.10,
P-4400-90-2026-00313,3625643,0,1.10,
P-4202-90-2026-00252,3627032,0,1.10,
P-2400-90-2026-01497,3625609,0,1.10,
P-3211-90-2026-00416,3625720,0,1.10,
P-9061-90-2026-00173,3626430,0,1.10,
P-2202-90-2026-00367,3626260,0,1.10,
P-4005-90-2026-00127,3626522,0,1.10,
P-4200-90-2026-00704,3625890,0,1.10,
P-4203-90-2026-00264,3626110,0,1.10,
P-2202-91-2026-00123,3627175,0,1.70,
P-3200-90-2026-01228,3626983,0,1.10,
P-3200-90-2026-01175,3626187,0,1.10,
P-2400-90-2026-01513,3625940,0,1.10,
P-2400-90-2026-01516,3625994,0,1.10,
P-4200-90-2026-00730,3626543,0,1.10,
P-4200-90-2026-00748,3626947,0,1.70,
P-1411-90-2026-00371,3626008,0,1.10,
P-1200-90-2026-00988,3627007,0,1.10,
P-4200-90-2026-00700,3625668,0,1.10,
P-3211-90-2026-00438,3626558,0,1.10,
P-1200-90-2026-00945,3626132,0,1.10,
P-2408-90-2026-00266,3627045,0,1.10,
P-4200-90-2026-00711,3626124,0,1.10,
P-2408-92-2026-00111,3626572,0,1.10,
P-1411-90-2026-00389,3627083,0,1.10,
P-9077-90-2026-00084,3626484,0,1.10,
P-1200-91-2026-00223,3626326,0,1.10,
P-2000-90-2026-00266,3626867,0,1.10,
P-2400-90-2026-01554,3626574,0,1.10,
P-9075-90-2026-00119,3627251,0,1.10,
P-1200-90-2026-00980,3626939,0,1.10,
P-3800-90-2026-00455,3626917,0,1.10,
P-9077-90-2026-00089,3627293,0,1.10,
P-1200-91-2026-00234,3626813,0,1.10,
P-1411-90-2026-00391,3627104,0,1.10,
P-4006-90-2026-00264,3627238,0,1.10,
P-1452-90-2026-00097,3626312,0,1.10,
P-4006-90-2026-00260,3627112,0,1.10,
P-2301-90-2026-00137,3625768,0,1.10,
P-1452-90-2026-00093,3624995,0,1.10,
P-2403-90-2026-00339,3627207,0,1.10,
P-3205-90-2026-00143,3626373,0,1.10,
P-2400-90-2026-01602,3627224,0,1.10,
P-3600-90-2026-00296,3625935,0,1.70,
P-3800-90-2026-00447,3626498,0,1.10,
P-9061-90-2026-00177,3626792,0,1.10,
P-4200-90-2026-00749,3626960,0,1.10,
P-4005-90-2026-00132,3626759,0,1.10,
P-4200-90-2026-00709,3626031,0,1.10,
P-4200-90-2026-00750,3627047,0,1.10,
P-2400-90-2026-01545,3626445,0,1.10,
P-9077-93-2026-00005,3625971,0,1.10,
P-4200-90-2026-00715,3626191,0,1.10,
P-2400-90-2026-01581,3626860,0,1.10,
P-2400-90-2026-01547,3626464,0,1.10,
P-2408-90-2026-00246,3625684,0,1.10,
P-4203-90-2026-00245,3624963,0,1.10,
P-3200-90-2026-01200,3626635,0,1.10,
P-9097-90-2026-00098,3626188,0,1.10,
P-1200-90-2026-00997,3627321,0,1.10,
P-8000-98-2025-00005,3319958,14,1.10,
P-2604-90-2026-00162,3628254,0,1.10,
P-9093-90-2026-00031,3627284,0,1.10,
P-2408-90-2026-00269,3627427,0,1.10,
P-1200-90-2026-01007,3627474,0,1.10,
P-4200-90-2026-00796,3628292,0,1.10,
P-9097-90-2026-00103,3628539,0,1.10,
P-4000-90-2026-00619,3627975,0,1.10,
P-4006-91-2026-00342,3627231,0,1.10,
P-3800-90-2026-00473,3628320,0,1.10,
P-9061-91-2026-00353,3627984,0,1.10,
P-9061-91-2026-00349,3627425,0,1.10,
P-4006-90-2026-00269,3627822,0,1.10,
P-4200-90-2026-00809,3628631,0,1.10,
P-1484-90-2026-00002,3627534,0,1.10,
P-3800-90-2026-00462,3627539,0,1.10,
P-1200-90-2026-01038,3628273,0,1.10,
P-3800-90-2026-00468,3627747,0,1.10,
P-2408-92-2026-00118,3627978,0,1.10,
P-4200-90-2026-00815,3628734,0,1.10,
P-4203-91-2026-00021,3627686,0,1.10,
P-4000-90-2026-00627,3628313,0,1.10,
P-1411-90-2026-00413,3628304,0,1.10,
P-3800-90-2026-00485,3628799,0,1.10,
P-3205-90-2026-00150,3627484,0,1.10,
P-2000-90-2026-00270,3627345,0,1.10,
P-1200-90-2026-01021,3627755,0,1.10,
P-3211-90-2026-00472,3628301,0,1.10,
P-3600-90-2026-00316,3627820,0,1.70,
P-1400-90-2026-00168,3628929,0,1.10,
P-2000-90-2026-00294,3628913,0,1.10,
P-2400-90-2026-01713,3628862,0,1.10,
P-2202-91-2026-00128,3628522,0,1.10,
P-1400-90-2026-00164,3628213,0,1.70,
P-3800-90-2026-00484,3628699,0,1.10,
P-1200-90-2026-01054,3628489,0,1.10,
P-1200-90-2026-01027,3627834,0,1.10,
P-4006-90-2026-00277,3628720,0,1.10,
P-1200-90-2026-01078,3628827,0,1.10,
P-3211-90-2026-00450,3626972,0,1.10,
P-1200-90-2026-01058,3628516,0,1.10,
P-1488-90-2026-00264,3628144,0,1.10,
P-1200-90-2026-00999,3627351,0,1.10,
P-2301-90-2026-00151,3628458,0,1.10,
P-3800-90-2026-00461,3627423,0,1.10,
P-2403-90-2026-00340,3627447,0,1.10,
P-3200-90-2026-01323,3628751,0,1.10,
P-9061-91-2026-00362,3628821,0,1.10,
P-9077-90-2026-00093,3627464,0,1.10,
P-1200-90-2026-01060,3628543,0,1.10,
P-1200-90-2026-01000,3627397,0,1.10,
P-3200-90-2026-01274,3627472,0,1.10,
P-3900-90-2026-00065,3627605,0,1.10,
P-4006-90-2026-00279,3628934,0,1.10,
P-3211-90-2026-00465,3627835,0,1.10,
P-3211-90-2026-00478,3628568,0,1.10,
P-1452-90-2026-00107,3627915,0,1.10,
P-3800-90-2026-00463,3627695,0,1.10,
P-3211-90-2026-00451,3626964,0,1.10,
P-2400-90-2026-01657,3627928,0,1.10,
P-3200-90-2026-01271,3627404,0,1.10,
P-4000-90-2026-00613,3627727,0,1.10,
P-2403-90-2026-00344,3627900,0,1.10,
P-3200-90-2026-01300,3628236,0,1.10,
P-4200-90-2026-00801,3628378,0,1.10,
P-9022-90-2026-00017,3628730,0,1.10,
P-9077-90-2026-00090,3627281,0,1.10,
P-2400-90-2026-01693,3628658,0,1.10,
P-2408-90-2026-00268,3627402,0,1.10,
P-4200-90-2026-00764,3627553,0,1.10,
P-4200-90-2026-00771,3627698,0,1.10,
P-9097-90-2026-00104,3628997,0,1.10,
P-3200-90-2026-01281,3627579,0,1.10,
P-4200-90-2026-00757,3627420,0,1.70,
P-1200-90-2026-01063,3628586,0,1.10,
P-2400-90-2026-01661,3628026,0,1.10,
P-3600-90-2026-00326,3628315,0,1.70,
P-2400-90-2026-01666,3628141,0,1.10,
P-1200-90-2026-01089,3629057,0,1.10,
P-3211-90-2026-00474,3628365,0,1.10,
P-1411-90-2026-00417,3628445,0,1.10,
P-4000-90-2026-00636,3628667,0,1.10,
P-1200-90-2026-01070,3628737,0,1.10,
P-7145-90-2026-00001,3628892,0,1.10,
P-4202-90-2026-00269,3628994,0,1.70,
P-2409-92-2026-00021,3628822,0,1.10,
P-2400-90-2026-01623,3627438,0,1.10,
P-4200-90-2026-00799,3628310,0,1.70,
P-3600-90-2026-00325,3628257,0,1.70,
P-9075-90-2026-00123,3628637,0,1.10,
P-3200-90-2026-01314,3628599,0,1.10,
P-1200-90-2026-01067,3628681,0,1.10,
P-2202-92-2026-00296,3627645,0,1.10,
P-9082-90-2026-00050,3628045,0,1.10,
P-2000-92-2026-00143,3628245,0,1.10,
P-8050-98-2025-00008,3335194,13,2.20,
P-4400-90-2026-00333,3627554,0,1.70,
P-9077-90-2026-00101,3629047,0,1.10,
P-2604-90-2026-00161,3628218,0,1.10,
P-8069-98-2026-00005,3625511,0,29.70,
P-4200-90-2026-00807,3628526,0,1.10,
P-2600-90-2026-00217,3628363,0,1.10,
P-1488-90-2026-00262,3627667,0,1.10,
P-1453-90-2026-00028,3628414,0,1.10,
P-2600-90-2026-00211,3627804,0,1.10,
P-1200-90-2026-01006,3627436,0,1.10,
P-2400-90-2026-01714,3628914,0,1.10,
P-4006-91-2026-00347,3627828,0,1.10,
P-4006-90-2026-00283,3629076,0,1.10,
P-3600-90-2026-00321,3628042,0,1.10,
P-1488-90-2026-00260,3627655,0,1.70,
P-1200-90-2026-01002,3627419,0,1.10,
P-1200-90-2026-01011,3627533,0,1.10,
P-1200-90-2026-01025,3627802,0,1.10,
P-1200-91-2026-00258,3628707,0,1.10,
P-9061-90-2026-00205,3628815,0,1.10,
P-2400-90-2026-01670,3628222,0,1.10,
P-2400-90-2026-01682,3628532,0,1.10,
P-2400-90-2026-01705,3628748,0,1.10,
P-2605-90-2026-00029,3628943,0,1.10,
P-1411-90-2026-00424,3629017,0,1.10,
P-4005-90-2026-00137,3627540,0,1.10,
P-3800-90-2026-00504,3629769,0,1.10,
P-1200-90-2026-01137,3630307,0,1.10,
P-1200-92-2026-00139,3630503,0,1.10,
P-1200-90-2026-01100,3629389,0,1.10,
P-1411-92-2026-00171,3629770,0,1.10,
P-2400-90-2026-01787,3630322,0,1.10,
P-3800-90-2026-00511,3630144,0,1.10,
P-2202-90-2026-00409,3629292,0,1.10,
P-3200-90-2026-01392,3630178,0,1.10,
P-9075-90-2026-00128,3630163,0,1.10,
P-3600-90-2026-00335,3629163,0,1.70,
P-2000-90-2026-00302,3629840,0,1.10,
P-3211-90-2026-00515,3630361,0,1.10,
P-2400-90-2026-01782,3630270,0,1.10,
P-3200-90-2026-01416,3630560,0,1.10,
P-2600-90-2026-00230,3629994,0,1.10,
P-1411-90-2026-00445,3630220,0,1.10,
P-3211-90-2026-00500,3629471,0,1.10,
P-2400-90-2026-01792,3630337,0,1.10,
P-3800-92-2026-00104,3630679,0,1.10,
P-3600-90-2026-00372,3630517,0,1.10,
P-3600-90-2026-00370,3630436,0,1.70,
P-4400-90-2026-00368,3630588,0,1.10,
P-1488-91-2026-00285,3630420,0,1.10,
P-3200-90-2026-01402,3630370,0,1.10,
P-4000-91-2026-00051,3629627,0,1.10,
P-3211-90-2026-00506,3629772,0,1.10,
P-4203-90-2026-00282,3629230,0,1.10,
P-4000-90-2026-00644,3629416,0,1.10,
P-2301-90-2026-00165,3630609,0,1.10,
P-3205-90-2026-00183,3630775,0,1.10,
P-3200-90-2026-01349,3629128,0,1.10,
P-3600-90-2026-00367,3630269,0,1.70,
P-8000-90-2026-00127,3629721,0,1.70,
P-2400-90-2026-01771,3630044,0,1.10,
P-8000-90-2026-00136,3630569,0,1.70,
P-1400-92-2026-00118,3629842,0,1.10,
P-2400-90-2026-01808,3630620,0,1.10,
P-1200-90-2026-01150,3630534,0,1.10,
P-9071-90-2026-00046,3630587,0,1.10,
P-1200-90-2026-01135,3630245,0,1.10,
P-1200-90-2026-01158,3630603,0,1.10,
P-3900-90-2026-00069,3629473,0,1.70,
P-1200-90-2026-01092,3629164,0,1.10,
P-2200-90-2026-00414,3630539,0,1.10,
P-3200-90-2026-01350,3629149,0,1.10,
P-3205-90-2026-00178,3630417,0,1.10,
P-2000-90-2026-00309,3630557,0,1.10,
P-2202-90-2026-00429,3630308,0,1.70,
P-4200-90-2026-00838,3629677,0,1.10,
P-2407-90-2026-00431,3630061,0,1.10,
P-1200-90-2026-01109,3629516,0,1.10,
P-1488-92-2026-00122,3629831,0,1.10,
P-3200-90-2026-01355,3629210,0,1.10,
P-4000-90-2026-00681,3630591,0,1.10,
P-1492-90-2026-00117,3629430,0,1.10,
P-9061-93-2026-00014,3629540,0,1.10,
P-2407-90-2026-00439,3630658,0,1.10,
P-2200-90-2026-00406,3630233,0,1.10,
P-1200-90-2026-01099,3629373,0,1.10,
P-1411-90-2026-00436,3629391,0,1.10,
P-2400-90-2026-01811,3630669,0,1.10,
P-1200-91-2026-00281,3630519,0,1.10,
P-8000-90-2026-00132,3630462,0,1.70,
P-2202-90-2026-00435,3630714,0,1.10,
P-1200-90-2026-01139,3630334,0,1.10,
P-4006-90-2026-00293,3630435,0,1.10,
P-2400-90-2026-01745,3629407,0,1.10,
P-3200-90-2026-01422,3630722,0,1.10,
P-2202-90-2026-00416,3629561,0,1.70,
P-4000-90-2026-00677,3630559,0,1.10,
P-3800-90-2026-00518,3630651,0,1.10,
P-9068-91-2026-00057,3628715,0,1.10,
P-4200-90-2026-00837,3629624,0,1.10,
P-1474-90-2026-00103,3629924,0,1.10,
P-9075-90-2026-00127,3629546,0,1.10,
P-4006-91-2026-00382,3629859,0,1.10,
P-4200-90-2026-00871,3630617,0,1.10,
P-2408-90-2026-00299,3629589,0,1.10,
P-4203-90-2026-00280,3629141,0,1.10,
P-4006-91-2026-00380,3629673,0,1.70,
P-9061-91-2026-00366,3629071,0,1.10,
P-2200-90-2026-00389,3629159,0,1.10,
P-9061-91-2026-00369,3629142,0,1.10,
P-2604-90-2026-00185,3630387,0,1.10,
P-2400-90-2026-01761,3629826,0,1.10,
P-4200-90-2026-00849,3630019,0,1.10,
P-4200-90-2026-00862,3630282,0,1.10,
P-4006-90-2026-00299,3630783,0,1.10,
P-4006-90-2026-00287,3629595,0,1.10,
P-3600-90-2026-00353,3629805,0,1.70,
P-4000-90-2026-00668,3630193,0,1.10,
P-3200-90-2026-01404,3630460,0,1.10,
P-2604-90-2026-00182,3630257,0,1.10,
P-1400-92-2026-00116,3629802,0,1.10,
P-1200-90-2026-01120,3629932,0,1.10,
P-3200-90-2026-01351,3629173,0,1.10,
P-2202-90-2026-00413,3629532,0,1.10,
P-9091-90-2026-00048,3629119,0,1.10,
P-2409-90-2026-00068,3630678,0,1.10,
P-4200-90-2026-00861,3630255,0,1.10,
P-4200-90-2026-00827,3629215,0,1.10,
P-2400-92-2026-00249,3629420,0,1.10,
P-3200-90-2026-01420,3630695,0,1.10,
P-2200-90-2026-00388,3629122,0,1.10,
P-1400-90-2026-00171,3629211,0,1.10,
P-4000-90-2026-00743,3632743,0,1.10,
P-1200-90-2026-01195,3631498,0,1.10,
P-3211-90-2026-00537,3631868,0,1.10,
P-2000-90-2026-00331,3631998,0,1.10,
P-2200-90-2026-00422,3630940,0,1.10,
P-1200-90-2026-01288,3632854,0,1.10,
P-4000-90-2026-00713,3632043,0,1.10,
P-2200-90-2026-00482,3632731,0,1.10,
P-3900-90-2026-00079,3631796,0,1.10,
P-3600-90-2026-00413,3631759,0,1.70,
P-4006-90-2026-00306,3631188,0,1.10,
P-3200-90-2026-01460,3631301,0,1.10,
P-4203-90-2026-00307,3631697,0,1.10,
P-1411-90-2026-00476,3632498,0,1.10,
P-3600-90-2026-00421,3631976,0,1.70,
P-3600-90-2026-00424,3632038,0,1.70,
P-1411-90-2026-00474,3632319,0,1.10,
P-1492-90-2026-00130,3632648,0,1.10,
P-2405-90-2026-00085,3631760,0,1.10,
P-3205-90-2026-00190,3632362,0,1.10,
P-3200-90-2026-01576,3632698,0,1.10,
P-4200-90-2026-00880,3630915,0,1.70,
P-2400-90-2026-01912,3632124,0,1.10,
P-2400-90-2026-01965,3632780,0,1.10,
P-2400-90-2026-01967,3632785,0,1.10,
P-2600-90-2026-00262,3632795,0,1.10,
P-2200-90-2026-00483,3632779,0,1.10,
P-2400-90-2026-01890,3631833,0,1.10,
P-3205-90-2026-00185,3630965,0,1.10,
P-9086-90-2026-00211,3630840,0,1.10,
P-4400-90-2026-00403,3632828,0,1.10,
P-4203-90-2026-00316,3632902,0,1.10,
P-9093-90-2026-00036,3632134,0,1.10,
P-9077-90-2026-00117,3633061,0,1.10,
P-9082-90-2026-00059,3632097,0,1.10,
P-9086-90-2026-00217,3632250,0,1.10,
P-2405-90-2026-00091,3632311,0,1.10,
P-3400-90-2026-00264,3631763,0,1.10,
P-2400-90-2026-01898,3631964,0,1.10,
P-1200-90-2026-01236,3632203,0,1.10,
P-2400-90-2026-01826,3630917,0,1.10,
P-2000-90-2026-00340,3632317,0,1.10,
P-2407-90-2026-00507,3632997,0,1.10,
P-3200-90-2026-01466,3631361,0,1.10,
P-3800-90-2026-00524,3630904,0,1.10,
P-4200-90-2026-00915,3631465,0,1.10,
P-1200-90-2026-01287,3632807,0,1.10,
P-4202-90-2026-00295,3631674,0,1.70,
P-2400-90-2026-01865,3631468,0,1.10,
P-2000-90-2026-00338,3632214,0,1.10,
P-3800-90-2026-00588,3632559,0,1.10,
P-4000-90-2026-00741,3632687,0,1.10,
P-2000-90-2026-00334,3632079,0,1.10,
P-2408-90-2026-00314,3630887,0,1.10,
P-9077-90-2026-00113,3632960,0,1.10,
P-2408-90-2026-00330,3632080,0,1.10,
P-3800-90-2026-00562,3631848,0,1.10,
P-9102-90-2026-00032,3632817,0,1.10,
P-3400-90-2026-00268,3632136,0,1.70,
P-3603-90-2026-00139,3632131,0,1.10,
P-1200-90-2026-01170,3631076,0,1.10,
P-1400-90-2026-00194,3631793,0,1.70,
P-9061-91-2026-00436,3632599,0,1.10,
P-3800-90-2026-00569,3632061,0,1.10,
P-3901-90-2026-00081,3631847,0,1.10,
P-1492-91-2026-00070,3632657,0,1.10,
P-2200-90-2026-00456,3631749,0,1.10,
P-2214-90-2026-00135,3632256,0,1.10,
P-4400-90-2026-00387,3632152,0,1.10,
P-3800-90-2026-00581,3632333,0,1.10,
P-2405-90-2026-00088,3632155,0,1.10,
P-4200-90-2026-00955,3632221,0,1.10,
P-4200-90-2026-00949,3632129,0,1.10,
P-3200-90-2026-01529,3632188,0,1.10,
P-3200-90-2026-01591,3632932,0,1.10,
P-1200-90-2026-01259,3632476,0,1.10,
P-3600-90-2026-00432,3632290,0,1.70,
P-3200-90-2026-01527,3632170,0,1.10,
P-2200-90-2026-00477,3632654,0,1.10,
P-3200-90-2026-01537,3632338,0,1.10,
P-3200-90-2026-01545,3632404,0,1.10,
P-1200-90-2026-01297,3632970,0,1.10,
P-8000-90-2026-00142,3632344,0,1.70,
P-2301-90-2026-00175,3632037,0,1.10,
P-9077-90-2026-00106,3630837,0,1.10,
P-4000-90-2026-00684,3630967,0,1.10,
P-9086-90-2026-00210,3630839,0,1.10,
P-1400-90-2026-00189,3630858,0,1.70,
P-3211-90-2026-00525,3630990,0,1.10,
P-4200-90-2026-00882,3630932,0,1.10,
P-3211-90-2026-00527,3631049,0,1.10,
P-2408-90-2026-00319,3631240,0,1.10,
P-2200-90-2026-00425,3631028,0,1.10,
P-3600-90-2026-00403,3631559,0,1.70,
P-3211-90-2026-00528,3631196,0,1.10,
P-2202-90-2026-00451,3631626,0,1.10,
P-4203-90-2026-00305,3631588,0,1.10,
P-4400-90-2026-00375,3631237,0,1.10,
P-9075-90-2026-00139,3631664,0,1.10,
P-9061-91-2026-00418,3630843,0,1.10,
P-3800-90-2026-00520,3630893,0,1.10,
P-4005-90-2026-00153,3631133,0,1.10,
P-4000-90-2026-00685,3630988,0,1.10,
P-3800-90-2026-00553,3631688,0,1.10,
P-2400-90-2026-01831,3630992,0,1.10,
P-1400-92-2026-00136,3631583,0,1.10,
P-2200-90-2026-00423,3630982,0,1.10,
P-4200-90-2026-00893,3631087,0,1.10,
P-1411-90-2026-00452,3631316,0,1.10,
P-2604-90-2026-00193,3631671,0,1.10,
P-4000-90-2026-00704,3631659,0,1.10,
P-3600-90-2026-00412,3631724,0,1.70,
P-2400-90-2026-01875,3631625,0,1.10,
P-2400-91-2026-00208,3631521,0,1.10,
P-3600-90-2026-00400,3631500,0,1.70,
P-4000-90-2026-00730,3632511,0,1.10,
P-2400-90-2026-01829,3630909,0,1.10,
P-2400-90-2026-01947,3632611,0,1.10,
P-2403-90-2026-00383,3631122,0,1.10,
P-4400-90-2026-00378,3631411,0,1.10,
P-2301-90-2026-00169,3631074,0,1.10,
P-2400-90-2026-01899,3631977,0,1.10,
P-4400-91-2026-00139,3631745,0,1.70,
P-2400-90-2026-01870,3631563,0,1.10,
P-2403-90-2026-00394,3631909,0,1.70,
P-1200-90-2026-01199,3631573,0,1.10,
P-1474-90-2026-00111,3632192,0,1.10,
P-2400-90-2026-01894,3631894,0,1.10,
P-2407-90-2026-00451,3631121,0,1.10,
P-3200-90-2026-01450,3631192,0,1.10,
P-3800-90-2026-00544,3631494,0,1.10,
P-4200-90-2026-00994,3632969,0,1.70,
P-3600-90-2026-00398,3631406,0,1.70,
P-3200-90-2026-01462,3631310,0,1.10,
P-3901-90-2026-00075,3631223,0,1.10,
P-2400-90-2026-01914,3632168,0,1.10,
P-8000-90-2026-00139,3631174,0,1.10,
P-3800-90-2026-00593,3632679,0,1.10,
P-2400-90-2026-01927,3632381,0,1.10,
P-4006-90-2026-00332,3633053,0,1.10,
P-1200-90-2026-01253,3632414,0,1.10,
P-4000-90-2026-00748,3632858,0,1.10,
P-4006-90-2026-00314,3631767,0,1.10,
P-9077-90-2026-00112,3632952,0,1.10,
P-3200-90-2026-01574,3632630,0,1.10,
P-4006-91-2026-00432,3632876,0,1.10,
P-2202-90-2026-00449,3631422,0,1.10,
P-3600-90-2026-00405,3631589,0,1.70,
P-3603-90-2026-00140,3632592,0,1.10,
P-2200-90-2026-00417,3630870,0,1.10,
P-3200-90-2026-01435,3630886,0,1.10,
P-2600-90-2026-00240,3631512,0,1.10,
P-3800-90-2026-00542,3631378,0,1.10,
P-9078-90-2026-00021,3632297,0,1.10,
P-2403-90-2026-00393,3631883,0,1.10,
P-1200-90-2026-01268,3632550,0,1.10,
P-3600-90-2026-00427,3632174,0,1.10,
P-9082-90-2026-00055,3631705,0,1.10,
P-2400-90-2026-02004,3633007,0,1.10,
P-4000-90-2026-00725,3632481,0,1.10,
P-2403-91-2026-00042,3631959,0,1.10,
P-2202-90-2026-00444,3631149,0,1.10,
P-2202-90-2026-00475,3633043,0,1.10,
P-2400-90-2026-01989,3632961,0,1.10,
P-2400-90-2026-02001,3632990,0,1.10,
P-1200-91-2026-00289,3631401,0,1.10,
P-3211-90-2026-00540,3632286,0,1.10,
P-4006-90-2026-00309,3631367,0,1.10,
P-4000-90-2026-00738,3632642,0,1.10,
P-2600-90-2026-00242,3631548,0,1.10,
P-3800-90-2026-00574,3632186,0,1.10,
P-3800-90-2026-00547,3631522,0,1.10,
P-3800-90-2026-00582,3632340,0,1.10,
P-4006-90-2026-00329,3632907,0,1.10,
P-1200-90-2026-01261,3632467,0,1.10,
P-2000-90-2026-00349,3632778,0,1.10,
P-2400-90-2026-02002,3633004,0,1.10,
P-4200-90-2026-00959,3632260,0,1.10,
P-2000-90-2026-00353,3633003,0,1.10,
P-9086-90-2026-00216,3632114,0,1.10,
P-9091-90-2026-00052,3632837,0,1.10,
P-2400-90-2026-02046,3633216,0,1.10,
P-4200-90-2026-01015,3633271,0,1.10,
P-9071-90-2026-00056,3633246,0,1.10,
P-2400-90-2026-02056,3633281,0,1.10,
P-2400-90-2026-02035,3633167,0,1.10,
P-2400-90-2026-02038,3633205,0,1.10,
P-1200-90-2026-01318,3633074,0,1.10,
P-1453-90-2026-00033,3633140,0,1.10,
P-1200-90-2026-01322,3633075,0,1.10,
P-3800-90-2026-00601,3633108,0,1.10,
P-4200-90-2026-00997,3633114,0,1.10,
P-2604-90-2026-00203,3633206,0,1.10,
P-2202-90-2026-00479,3633217,0,1.10,
P-9077-90-2026-00120,3633268,0,1.10,
P-3800-90-2026-00600,3633080,0,1.10,
P-2400-90-2026-02016,3633093,0,1.10,
P-4200-90-2026-01013,3633269,0,1.10,
P-4200-90-2026-01061,3633861,0,1.70,
P-2202-90-2026-00495,3633649,0,1.10,
P-2403-90-2026-00410,3633447,0,1.10,
P-2408-90-2026-00353,3633708,0,1.10,
P-4200-90-2026-01021,3633409,0,1.10,
P-2400-90-2026-02091,3633656,0,1.10,
P-2403-90-2026-00420,3633728,0,1.10,
P-2400-90-2026-02065,3633383,0,1.10,
P-2400-90-2026-02121,3633908,0,1.10,
P-4006-90-2026-00357,3633893,0,1.10,
P-4200-90-2026-01050,3633691,0,1.10,
P-1411-90-2026-00500,3633864,0,1.10,
P-4200-90-2026-01057,3633795,0,1.10,
P-1492-90-2026-00133,3633387,0,1.10,
P-2400-90-2026-02067,3633479,0,1.10,
P-2400-90-2026-02083,3633640,0,1.10,
P-4200-90-2026-01033,3633537,0,1.10,
P-2403-90-2026-00424,3633820,0,1.10,
P-9075-91-2026-00051,3633385,0,1.10,
P-2400-90-2026-02122,3633920,0,1.10,
P-2403-90-2026-00412,3633451,0,1.10,
P-2407-90-2026-00556,3633518,0,1.10,
P-4203-90-2026-00320,3633756,0,1.10,
P-4200-90-2026-01047,3633629,0,1.70,
P-4006-90-2026-00352,3633782,0,1.10,
P-2400-90-2026-02088,3633672,0,1.10,
P-2400-90-2026-02105,3633875,0,1.10,
P-4200-90-2026-01020,3633381,0,1.10,
P-2400-90-2026-02117,3633914,0,1.10,
P-4200-90-2026-01062,3633865,0,1.70,
P-2604-90-2026-00206,3633411,0,1.10,
P-3205-90-2026-00201,3633801,0,1.10,
P-1492-90-2026-00139,3633721,0,1.10,
P-9086-90-2026-00226,3633597,0,1.10,
P-9076-90-2026-00107,3633558,0,1.10,
P-2400-90-2026-02115,3633903,0,1.10,
P-2400-90-2026-02106,3633849,0,1.10,
P-2202-90-2026-00488,3633476,0,1.10,
P-3200-90-2026-01666,3635042,0,1.10,
P-3200-90-2026-01698,3635359,0,1.10,
P-4000-90-2026-00807,3635740,0,1.10,
P-9061-91-2026-00483,3635420,0,1.10,
P-4400-90-2026-00435,3635679,0,1.10,
P-2407-90-2026-00579,3635653,0,1.10,
P-3600-90-2026-00479,3635243,0,1.70,
P-2403-90-2026-00459,3635687,0,1.10,
P-3200-90-2026-01692,3635300,0,1.10,
P-3200-90-2026-01606,3634082,0,1.10,
P-2400-90-2026-02199,3635145,0,1.10,
P-3900-90-2026-00088,3635500,0,1.10,
P-3200-90-2026-01628,3634503,0,1.10,
P-3200-90-2026-01631,3634540,0,1.10,
P-1411-90-2026-00506,3634560,0,1.10,
P-2200-90-2026-00488,3634106,0,1.10,
P-2403-90-2026-00449,3635260,0,1.10,
P-3800-90-2026-00667,3635497,0,1.10,
P-4203-90-2026-00337,3634937,0,1.10,
P-9097-90-2026-00130,3635762,0,1.10,
P-3200-90-2026-01795,3636435,0,1.10,
P-3205-90-2026-00218,3635935,0,1.10,
P-2408-90-2026-00370,3634594,0,1.10,
P-2200-90-2026-00521,3635176,0,1.10,
P-2214-90-2026-00140,3634568,0,1.10,
P-1200-90-2026-01442,3636081,0,1.10,
P-3400-90-2026-00282,3634755,0,1.70,
P-4006-90-2026-00366,3634753,0,1.10,
P-4400-90-2026-00411,3634380,0,1.10,
P-2408-90-2026-00394,3636366,0,1.10,
P-2403-90-2026-00471,3636422,0,1.10,
P-4006-92-2026-00133,3635810,0,1.10,
P-4000-91-2026-00055,3635562,0,1.10,
P-2405-90-2026-00116,3634841,0,1.10,
P-4000-90-2026-00826,3636011,0,1.10,
P-2200-90-2026-00536,3636192,0,1.10,
P-1488-92-2026-00145,3635994,0,1.10,
P-9061-91-2026-00447,3633963,0,1.10,
P-2400-90-2026-02283,3636263,0,1.10,
P-2400-90-2026-02265,3636054,0,1.10,
P-2202-90-2026-00520,3634460,0,1.70,
P-2200-90-2026-00528,3635461,0,1.10,
P-4005-90-2026-00175,3635488,0,1.10,
P-3901-90-2026-00089,3634613,0,1.10,
P-1411-90-2026-00520,3635615,0,1.10,
P-3211-91-2026-00312,3635065,0,1.10,
P-2600-90-2026-00286,3635333,0,1.10,
P-2604-90-2026-00235,3635913,0,1.10,
P-1200-90-2026-01343,3634202,0,1.10,
P-9077-90-2026-00126,3633934,0,1.10,
P-4000-90-2026-00768,3634737,0,1.10,
P-9061-90-2026-00284,3636070,0,1.10,
P-2406-90-2026-00088,3634428,0,1.10,
P-4000-90-2026-00813,3635813,0,1.10,
P-3200-90-2026-01648,3634865,0,1.10,
P-1411-90-2026-00517,3635529,0,1.10,
P-2400-90-2026-02298,3636510,0,1.10,
P-4006-90-2026-00371,3635477,0,1.10,
P-4200-90-2026-01088,3634588,0,1.10,
P-2604-90-2026-00236,3636043,0,1.10,
P-2400-90-2026-02184,3634938,0,1.10,
P-4200-90-2026-01112,3635012,0,1.10,
P-4200-90-2026-01077,3634384,0,1.10,
P-3200-90-2026-01725,3635809,0,1.10,
P-1411-90-2026-00505,3634559,0,1.10,
P-1200-91-2026-00321,3635305,0,1.10,
P-4005-92-2026-00058,3634949,0,1.10,
P-2400-90-2026-02253,3635910,0,1.10,
P-3200-90-2026-01788,3636352,0,1.10,
P-2405-90-2026-00140,3636341,0,1.10,
P-4202-90-2026-00314,3635484,0,1.10,
P-2400-90-2026-02148,3634295,0,1.10,
P-1488-91-2026-00317,3634952,0,1.10,
P-2400-90-2026-02194,3635121,0,1.10,
P-4203-90-2026-00340,3635077,0,1.10,
P-1200-90-2026-01460,3636432,0,1.10,
P-1488-91-2026-00324,3635626,0,1.10,
P-2400-90-2026-02245,3635828,0,1.10,
P-9068-90-2026-00082,3635287,0,1.10,
P-3800-90-2026-00660,3635320,0,1.10,
P-3200-90-2026-01730,3635846,0,1.10,
P-3200-90-2026-01748,3636022,0,1.10,
P-2301-90-2026-00181,3634048,0,1.10,
P-4000-90-2026-00787,3635304,0,1.10,
P-2408-91-2026-00028,3635449,0,1.10,
P-9082-90-2026-00067,3635312,0,1.10,
P-4000-90-2026-00754,3634141,0,1.10,
P-4202-90-2026-00316,3635712,0,1.10,
P-3211-90-2026-00574,3634787,0,1.10,
P-1411-90-2026-00533,3636386,0,1.10,
P-9061-91-2026-00478,3635093,0,1.10,
P-2400-90-2026-02229,3635583,0,1.10,
P-3200-90-2026-01643,3634814,0,1.10,
P-4000-90-2026-00794,3635507,0,1.10,
P-1200-90-2026-01378,3635356,0,1.10,
P-1453-90-2026-00042,3636178,0,1.10,
P-1400-90-2026-00213,3635253,0,1.70,
P-2409-92-2026-00027,3634241,0,1.10,
P-2408-90-2026-00361,3634079,0,1.10,
P-1474-90-2026-00118,3634557,0,1.10,
P-3900-90-2026-00084,3634533,0,1.10,
P-3211-90-2026-00576,3634878,0,1.10,
P-4005-90-2026-00174,3635427,0,1.10,
P-1200-90-2026-01405,3635782,0,1.10,
P-2405-90-2026-00118,3634936,0,1.10,
P-2400-90-2026-02165,3634578,0,1.10,
P-9061-91-2026-00491,3636078,0,1.10,
P-2000-90-2026-00373,3634785,0,1.10,
P-9061-90-2026-00276,3634890,0,1.10,
P-4000-90-2026-00822,3635911,0,1.10,
P-4000-90-2026-00759,3634441,0,1.10,
P-9071-90-2026-00062,3636495,0,1.10,
P-3800-90-2026-00610,3634018,0,1.10,
P-2408-90-2026-00376,3635061,0,1.10,
P-4203-90-2026-00346,3635411,0,1.10,
P-3800-90-2026-00649,3634983,0,1.10,
P-4200-90-2026-01130,3635594,0,1.10,
P-3211-90-2026-00580,3635334,0,1.10,
P-4005-92-2026-00057,3634836,0,1.10,
P-3200-90-2026-01768,3636290,0,1.10,
P-1200-90-2026-01427,3635919,0,1.10,
P-2403-90-2026-00434,3634426,0,1.10,
P-1200-90-2026-01470,3636504,0,1.10,
P-1411-90-2026-00532,3636381,0,1.10,
P-4400-91-2026-00150,3635595,0,1.70,
P-1400-90-2026-00221,3635701,0,1.10,
P-4400-90-2026-00415,3634482,0,1.10,
P-4200-90-2026-01119,3635226,0,1.10,
P-1200-90-2026-01471,3636524,0,1.10,
P-2202-91-2026-00141,3634370,0,1.70,
P-4006-90-2026-00368,3635196,0,1.10,
P-3205-90-2026-00224,3636424,0,1.10,
P-9022-96-2025-00004,3344630,5,1.10,
P-2200-90-2026-00498,3634471,0,1.10,
P-3800-90-2026-00632,3634692,0,1.10,
P-4400-90-2026-00425,3634967,0,1.10,
P-3200-90-2026-01727,3635868,0,1.10,
P-2400-90-2026-02141,3634140,0,1.10,
P-4202-90-2026-00305,3634086,0,1.10,
P-3800-90-2026-00612,3634094,0,1.10,
P-1400-90-2026-00216,3635642,0,1.10,
P-1400-90-2026-00220,3635683,0,1.10,
P-1411-91-2026-00065,3636145,0,1.10,
P-3200-90-2026-01616,3634197,0,1.10,
P-3600-90-2026-00500,3635977,0,1.70,
P-4006-90-2026-00376,3635793,0,1.10,
P-3901-90-2026-00092,3635257,0,1.10,
P-2400-90-2026-02127,3633984,0,1.10,
P-2000-90-2026-00398,3636105,0,1.10,
P-3600-90-2026-00468,3635056,0,1.70,
P-4400-90-2026-00441,3636181,0,1.10,
P-4400-90-2026-00439,3635852,0,1.10,
P-2400-90-2026-02132,3634060,0,1.10,
P-9075-90-2026-00158,3635173,0,1.10,
P-1200-90-2026-01389,3635569,0,1.10,
P-3205-90-2026-00210,3634772,0,1.10,
P-1200-92-2026-00154,3636069,0,1.10,
P-4203-90-2026-00331,3634356,0,1.10,
P-1411-91-2026-00067,3636427,0,1.70,
P-2000-90-2026-00390,3635804,0,1.10,
P-2400-90-2026-02125,3633935,0,1.10,
P-9071-90-2026-00061,3636414,0,1.10,
P-1411-90-2026-00519,3635613,0,1.10,
P-2400-90-2026-02144,3634173,0,1.10,
P-2409-90-2026-00081,3634444,0,1.10,
P-4005-90-2026-00169,3634360,0,1.10,
P-1200-90-2026-01459,3636257,0,1.10,
P-4005-90-2026-00172,3634915,0,1.10,
P-3200-90-2026-01763,3636215,0,1.10,
P-4400-90-2026-00409,3634247,0,1.10,
P-2403-90-2026-00468,3636287,0,1.10,
P-4200-90-2026-01066,3634099,0,1.70,
P-4200-90-2026-01082,3634446,0,1.10,
P-2400-90-2026-02296,3636508,0,1.10,
P-4000-90-2026-00779,3635073,0,1.10,
P-1200-90-2026-01388,3635543,0,1.10,
P-3200-90-2026-01765,3636276,0,1.10,
P-3600-90-2026-00503,3636052,0,1.70,
P-1200-90-2026-01341,3634155,0,1.10,
P-9068-90-2026-00087,3635881,0,1.10,
P-3800-90-2026-00687,3636084,0,1.10,
P-2403-90-2026-00437,3634561,0,1.10,
P-2400-90-2026-02285,3636394,0,1.10,
P-4000-90-2026-00831,3636048,0,1.10,
P-1200-90-2026-01395,3635646,0,1.10,
P-3205-90-2026-00221,3636277,0,1.10,
P-4200-90-2026-01149,3636131,0,1.10,
P-2600-90-2026-00269,3634472,0,1.10,
P-2202-90-2026-00544,3636363,0,1.70,
P-4000-90-2026-00758,3634410,0,1.10,
P-9068-90-2026-00083,3635338,0,1.10,
P-9075-90-2026-00156,3634893,0,1.10,
P-3800-90-2026-00659,3635244,0,1.10,
P-2000-90-2026-00375,3634907,0,1.10,
P-2604-90-2026-00222,3634429,0,1.10,
P-3200-90-2026-01639,3634641,0,1.10,
P-9061-91-2026-00460,3634159,0,1.10,
P-2400-90-2026-02164,3634547,0,1.10,
P-3200-90-2026-01753,3636055,0,1.10,
P-3200-90-2026-01644,3634808,0,1.10,
P-2408-92-2026-00155,3634685,0,1.10,
P-1411-90-2026-00534,3636389,0,1.10,
P-4400-90-2026-00428,3635297,0,1.10,
P-3200-90-2026-01687,3635252,0,1.10,
P-3800-90-2026-00674,3635624,0,1.10,
P-1488-90-2026-00332,3635906,0,1.10,
P-9061-91-2026-00477,3634995,0,1.10,
P-2400-90-2026-02291,3636478,0,1.10,
P-9075-90-2026-00159,3635299,0,1.10,
P-1200-90-2026-01354,3634769,0,1.10,
P-2214-90-2026-00145,3636734,0,1.10,
P-2400-90-2026-02317,3636702,0,1.10,
P-2214-90-2026-00146,3636907,0,1.10,
P-3200-90-2026-01819,3637039,0,1.10,
P-2407-90-2026-00591,3636684,0,1.10,
P-4005-90-2026-00184,3637066,0,1.10,
P-2200-90-2026-00558,3637321,0,1.10,
P-2408-90-2026-00397,3636580,0,1.10,
P-4006-90-2026-00394,3637151,0,1.10,
P-2214-91-2026-00032,3637516,0,1.10,
P-9086-91-2026-00079,3636992,0,1.10,
P-8000-90-2026-00160,3637247,0,1.10,
P-2400-91-2026-00236,3637510,0,1.10,
P-4000-90-2026-00857,3636759,0,1.10,
P-2200-92-2026-00162,3636663,0,1.10,
P-1200-90-2026-01526,3637590,0,1.10,
P-9077-90-2026-00134,3636536,0,1.10,
P-2202-90-2026-00559,3637430,0,1.10,
P-1200-90-2026-01533,3637697,0,1.10,
P-3200-90-2026-01838,3637542,0,1.10,
P-3205-90-2026-00226,3636666,0,1.10,
P-3205-91-2026-00061,3637704,0,1.10,
P-4400-90-2026-00446,3636655,0,1.10,
P-9061-91-2026-00502,3637579,0,1.10,
P-2407-90-2026-00622,3637776,0,1.10,
P-1200-90-2026-01534,3637702,0,1.10,
P-3600-90-2026-00536,3637681,0,1.70,
P-3205-90-2026-00234,3636924,0,1.10,
P-3900-90-2026-00093,3637604,0,1.10,
P-1200-91-2026-00333,3636910,0,1.10,
P-4202-90-2026-00320,3637108,0,1.10,
P-2200-90-2026-00542,3636834,0,1.10,
P-9086-90-2026-00248,3636758,0,1.10,
P-2400-90-2026-02319,3636756,0,1.10,
P-4006-90-2026-00401,3637388,0,1.10,
P-1488-92-2026-00153,3637395,0,1.10,
P-2202-90-2026-00553,3637063,0,1.10,
P-4203-90-2026-00356,3636604,0,1.10,
P-3400-97-2025-00004,3313517,62,7.70,
P-3200-90-2026-01830,3637382,0,1.10,
P-2400-90-2026-02316,3636680,0,1.10,
P-3200-90-2026-01829,3637374,0,1.10,
P-3200-90-2026-01826,3637284,0,1.10,
P-2400-90-2026-02358,3637334,0,1.10,
P-3600-90-2026-00515,3636769,0,1.70,
P-4200-90-2026-01176,3637097,0,1.10,
P-2400-90-2026-02346,3637184,0,1.10,
P-3211-90-2026-00599,3636723,0,1.10,
P-1200-90-2026-01483,3636704,0,1.10,
P-1200-90-2026-01488,3636752,0,1.10,
P-3200-90-2026-01814,3636999,0,1.10,
P-4200-90-2026-01183,3637229,0,1.70,
P-2200-90-2026-00538,3636634,0,1.10,
P-2202-92-2026-00402,3636700,0,1.10,
P-2400-90-2026-02351,3637265,0,1.10,
P-4200-90-2026-01156,3636667,0,1.10,
P-3200-90-2026-01804,3636608,0,1.10,
P-2407-90-2026-00612,3636912,0,1.10,
P-1411-90-2026-00546,3636777,0,1.10,
P-3200-90-2026-01860,3637898,0,1.10,
P-1488-90-2026-00346,3638165,0,1.10,
P-3800-90-2026-00698,3636562,0,1.10,
P-4200-90-2026-01151,3636573,0,1.10,
P-3603-90-2026-00168,3638096,0,1.10,
P-2400-90-2026-02304,3636528,0,1.70,
P-4000-90-2026-00854,3636713,0,1.10,
P-2400-90-2026-02381,3637639,0,1.10,
P-9061-90-2026-00299,3637576,0,1.10,
P-2400-90-2026-02363,3637356,0,1.10,
P-9078-91-2026-00018,3636266,0,1.70,
P-9076-90-2026-00116,3636501,0,1.10,
P-2200-90-2026-00566,3637843,0,1.10,
P-3200-90-2026-01837,3637527,0,1.10,
P-1200-90-2026-01529,3637615,0,1.10,
P-2408-90-2026-00398,3636626,0,1.10,
P-4203-90-2026-00362,3636953,0,1.10,
P-1200-90-2026-01535,3637713,0,1.10,
P-4000-90-2026-00902,3638031,0,1.10,
P-9093-90-2026-00043,3637465,0,1.10,
P-3205-90-2026-00238,3637930,0,1.10,
P-4000-90-2026-00903,3638072,0,1.10,
P-1200-90-2026-01516,3637427,0,1.10,
P-1200-90-2026-01557,3638104,0,1.10,
P-1200-91-2026-00336,3637353,0,1.10,
P-3800-90-2026-00741,3637984,0,1.10,
P-2400-90-2026-02305,3636539,0,1.10,
P-2400-90-2026-02413,3638018,0,1.10,
P-2400-90-2026-02429,3638112,0,1.10,
P-1477-90-2026-00204,3637130,0,1.10,
P-4200-90-2026-01157,3636692,0,1.10,
P-3200-90-2026-01854,3637805,0,1.10,
P-2405-90-2026-00147,3638492,0,1.70,
P-2400-90-2026-02426,3638071,0,1.10,
P-2400-90-2026-02406,3637925,0,1.10,
P-4000-90-2026-00895,3637948,0,1.10,
P-1200-90-2026-01584,3638397,0,1.10,
P-3211-90-2026-00624,3638442,0,1.10,
P-3200-90-2026-01897,3638337,0,1.10,
P-1200-90-2026-01574,3638248,0,1.10,
P-2000-90-2026-00425,3638094,0,1.10,
P-3800-90-2026-00756,3638384,0,1.10,
P-9061-90-2026-00313,3638356,0,1.10,
P-4203-90-2026-00376,3638339,0,1.10,
P-9071-90-2026-00064,3637740,0,1.10,
P-2200-90-2026-00570,3638260,0,1.10,
P-4006-90-2026-00413,3638074,0,1.10,
P-1488-91-2026-00343,3638460,0,1.10,
P-4200-90-2026-01216,3637912,0,1.10,
P-2406-90-2026-00094,3637653,0,1.10,
P-3200-90-2026-01872,3637973,0,1.10,
P-1200-90-2026-01594,3638558,0,1.10,
P-4203-90-2026-00379,3638594,0,1.10,
P-2400-90-2026-02422,3638063,0,1.10,
P-4200-90-2026-01230,3638258,0,1.10,
P-2400-90-2026-02435,3638214,0,1.10,
P-1474-91-2026-00050,3638399,0,1.70,
P-2400-90-2026-02461,3638640,0,1.10,
P-2400-90-2026-02436,3638199,0,1.10,
P-4006-91-2026-00487,3637859,0,1.70,
P-9097-90-2026-00145,3638644,0,1.10,
P-4400-90-2026-00456,3637677,0,1.10,
P-2400-91-2026-00238,3637755,0,1.10,
P-8000-90-2026-00168,3638102,0,1.70,
P-4000-90-2026-00907,3638161,0,1.10,
P-2400-91-2026-00242,3638129,0,1.10,
P-1200-90-2026-01560,3638120,0,1.10,
P-9075-90-2026-00172,3638622,0,1.10,
P-3400-90-2026-00310,3637655,0,1.70,
P-2407-90-2026-00632,3638554,0,1.10,
P-3200-90-2026-01849,3637783,0,1.10,
P-1488-92-2026-00157,3638022,0,1.70,
P-2400-90-2026-02396,3637834,0,1.10,
P-4400-90-2026-00463,3637968,0,1.10,
P-2400-90-2026-02404,3637939,0,1.10,
P-1200-90-2026-01553,3638073,0,1.10,
P-1200-90-2026-01464,3636461,0,1.10,
P-1200-91-2026-00348,3638204,0,1.10,
P-4200-90-2026-01231,3638267,0,1.10,
P-4200-90-2026-01242,3638627,0,1.10,
P-3900-90-2026-00095,3637781,0,1.10,
P-4400-90-2026-00471,3638282,0,1.10,
P-3200-90-2026-01847,3637742,0,1.10,
P-1488-90-2026-00345,3637947,0,1.10,
P-1200-92-2026-00167,3638361,0,1.10,
P-3200-90-2026-01887,3638205,0,1.10,
P-9061-90-2026-00312,3638327,0,1.10,
P-2408-90-2026-00422,3638577,0,1.10,
P-9086-90-2026-00259,3638591,0,1.10,
P-9097-90-2026-00147,3638623,0,1.10,
P-9102-90-2026-00041,3638347,0,1.10,
P-9071-90-2026-00065,3638159,0,1.10,
P-4000-90-2026-00957,3640123,0,1.10,
P-1492-90-2026-00157,3638854,0,1.10,
P-2400-90-2026-02513,3639445,0,1.10,
P-2301-90-2026-00220,3639292,0,1.10,
P-2301-90-2026-00218,3639161,0,1.10,
P-2202-90-2026-00582,3638961,0,1.10,
P-1488-90-2026-00374,3640260,0,1.10,
P-3901-90-2026-00101,3639304,0,1.10,
P-2408-90-2026-00438,3639561,0,1.10,
P-3200-90-2026-02015,3640247,0,1.10,
P-3200-91-2026-00138,3639377,0,1.10,
P-1400-92-2026-00182,3638967,0,1.10,
P-4200-90-2026-01266,3639281,0,1.10,
P-2400-90-2026-02517,3639494,0,1.10,
P-2403-90-2026-00509,3639386,0,1.10,
P-1492-92-2026-00163,3639941,0,1.10,
P-4200-90-2026-01314,3640144,0,1.10,
P-2000-90-2026-00437,3639602,0,1.10,
P-3200-90-2026-01980,3639652,0,1.10,
P-1488-90-2026-00373,3640257,0,1.10,
P-9068-90-2026-00106,3639841,0,1.10,
P-9061-90-2026-00324,3640089,0,1.10,
P-2400-90-2026-02550,3640085,0,1.10,
P-3900-90-2026-00096,3638759,0,1.10,
P-8000-90-2026-00172,3639028,0,1.10,
P-2400-90-2026-02466,3638684,0,1.10,
P-9077-91-2026-00065,3638631,0,1.10,
P-4200-90-2026-01282,3639510,0,1.10,
P-3200-90-2026-01933,3638727,0,1.10,
P-2400-90-2026-02497,3639174,0,1.70,
P-2202-90-2026-00600,3640251,0,1.10,
P-3603-90-2026-00172,3638916,0,1.10,
P-9061-91-2026-00556,3638659,0,1.10,
P-4005-90-2026-00192,3639229,0,1.10,
P-3200-90-2026-01948,3639054,0,1.10,
P-2409-90-2026-00093,3639308,0,1.10,
P-4000-90-2026-00915,3638668,0,1.10,
P-2301-90-2026-00223,3639642,0,1.10,
P-2407-90-2026-00642,3639275,0,1.10,
P-2400-90-2026-02516,3639465,0,1.10,
P-4200-90-2026-01251,3638787,0,1.10,
P-4200-90-2026-01261,3639017,0,1.10,
P-4000-90-2026-00929,3638899,0,1.10,
P-3600-90-2026-00547,3639024,0,1.70,
P-2400-90-2026-02479,3638890,0,1.10,
P-3200-90-2026-01985,3639736,0,1.10,
P-2400-90-2026-02522,3639603,0,1.10,
P-1477-90-2026-00209,3638860,0,1.10,
P-9068-90-2026-00110,3640060,0,1.10,
P-9076-90-2026-00137,3639040,0,1.10,
P-4000-90-2026-00933,3639080,0,1.10,
P-2408-90-2026-00437,3639550,0,1.10,
P-4000-90-2026-00931,3638922,0,1.10,
P-4400-90-2026-00488,3640031,0,1.70,
P-2215-90-2026-00146,3639962,0,1.10,
P-1200-91-2026-00339,3637441,0,1.10,
P-3200-90-2026-01956,3639194,0,1.10,
P-2600-90-2026-00313,3639698,0,1.10,
P-1488-90-2026-00363,3639791,0,1.10,
P-3200-90-2026-02016,3640262,0,1.10,
P-9022-92-2026-00010,3639225,0,1.10,
P-1200-90-2026-01679,3639964,0,1.10,
P-4200-90-2026-01283,3639538,0,1.10,
P-9061-91-2026-00569,3639276,0,1.10,
P-2400-90-2026-02493,3639094,0,1.10,
P-3603-90-2026-00175,3639178,0,1.10,
P-9068-91-2026-00082,3639383,0,1.10,
P-2202-90-2026-00586,3639101,0,1.10,
P-3800-90-2026-00778,3639156,0,1.10,
P-4000-90-2026-00945,3639572,0,1.10,
P-2202-90-2026-00589,3639498,0,1.10,
P-9076-90-2026-00139,3639890,0,1.10,
P-4000-90-2026-00939,3639280,0,1.10,
P-3211-92-2026-00231,3638868,0,1.10,
P-2301-90-2026-00221,3639358,0,1.70,
P-4200-90-2026-01292,3639668,0,1.10,
P-3400-97-2025-00004,3313517,64,27.50,
P-4200-90-2026-01269,3639342,0,1.10,
P-8066-90-2026-00012,3639512,0,1.10,
P-3800-90-2026-00786,3639699,0,1.10,
P-4200-90-2026-01300,3639866,0,1.10,
P-2403-90-2026-00522,3640319,0,1.10,
P-8000-90-2026-00184,3639815,0,1.70,
P-1200-90-2026-01637,3639361,0,1.10,
P-9082-90-2026-00076,3639180,0,1.10,
P-3211-90-2026-00655,3640331,0,1.10,
P-9061-90-2026-00316,3639376,0,1.10,
P-2214-90-2026-00175,3639513,0,1.10,
P-3200-90-2026-02019,3640278,0,1.10,
P-4200-90-2026-01284,3639540,0,1.70,
P-2400-91-2026-00237,3637569,0,1.10,
P-4400-90-2026-00473,3638723,0,1.10,
P-1200-90-2026-01642,3639466,0,1.10,
P-4200-90-2026-01264,3639264,0,1.10,
P-2605-90-2026-00034,3638944,0,1.10,
P-3200-90-2026-02000,3639953,0,1.10,
P-4400-90-2026-00480,3639509,0,1.10,
P-4000-90-2026-00954,3639996,0,1.10,
P-1411-90-2026-00584,3640235,0,1.10,
P-2400-90-2026-02528,3639806,0,1.10,
P-2400-90-2026-02515,3639463,0,1.10,
P-2604-90-2026-00257,3639241,0,1.10,
P-2409-90-2026-00092,3639262,0,1.10,
P-3200-90-2026-01969,3639393,0,1.10,
P-1474-90-2026-00129,3639244,0,1.10,
P-9061-91-2026-00572,3639546,0,1.10,
P-2400-90-2026-02471,3638718,0,1.10,
P-3600-90-2026-00556,3639462,0,1.70,
P-1200-90-2026-01677,3639959,0,1.10,
P-4000-90-2026-00943,3639438,0,1.10,
P-2202-90-2026-00584,3639047,0,1.10,
P-2604-90-2026-00255,3638939,0,1.10,
P-1411-90-2026-00582,3640171,0,1.10,
P-3200-90-2026-01949,3639048,0,1.10,
P-1411-90-2026-00587,3640286,0,1.10,
P-3211-90-2026-00650,3639907,0,1.10,
P-9077-90-2026-00150,3640102,0,1.10,
P-4200-90-2026-01290,3639662,0,1.10,
P-4000-90-2026-00953,3639823,0,1.10,
P-2200-90-2026-00582,3639009,0,1.10,
P-4000-90-2026-00944,3639458,0,1.10,
P-9061-90-2026-00322,3639824,0,1.10,
P-2400-90-2026-02533,3639843,0,1.10,
P-3200-90-2026-01991,3639877,0,1.10,
P-3800-90-2026-00796,3639928,0,1.10,
P-4200-90-2026-01243,3638654,0,1.10,
P-3200-90-2026-02045,3640912,0,1.10,
P-2408-90-2026-00452,3640605,0,1.10,
P-1200-90-2026-01717,3640708,0,1.10,
P-2403-92-2026-00162,3640825,0,1.10,
P-2605-90-2026-00035,3641030,0,1.10,
P-3200-90-2026-02098,3641790,0,1.10,
P-8035-90-2026-00087,3641377,0,1.10,
P-2604-90-2026-00267,3640424,0,1.10,
P-2215-90-2026-00153,3641806,0,1.10,
P-4000-90-2026-00959,3640515,0,1.10,
P-9082-90-2026-00079,3640862,0,1.10,
P-2400-90-2026-02662,3641551,0,1.70,
P-9061-91-2026-00636,3641206,0,1.10,
P-9061-91-2026-00619,3640748,0,1.10,
P-2400-90-2026-02660,3641544,0,1.10,
P-2400-90-2026-02593,3640801,0,1.10,
P-1400-90-2026-00250,3640368,0,1.10,
P-9075-90-2026-00188,3640983,0,1.10,
P-2400-90-2026-02604,3640921,0,1.10,
P-2400-90-2026-02609,3640981,0,1.10,
P-9086-90-2026-00268,3640646,0,1.10,
P-2407-90-2026-00658,3640740,0,1.70,
P-3603-90-2026-00184,3640648,0,1.10,
P-4400-90-2026-00495,3640660,0,1.10,
P-1400-90-2026-00251,3640596,0,1.70,
P-4000-90-2026-00979,3640993,0,1.10,
P-3800-91-2026-00062,3640410,0,1.10,
P-1411-92-2026-00232,3640674,0,1.10,
P-2600-92-2026-00085,3640521,0,1.10,
P-8069-98-2026-00004,3609050,14,1.10,
P-2200-90-2026-00604,3640692,0,1.10,
P-2409-90-2026-00097,3640829,0,1.10,
P-4006-90-2026-00442,3641083,0,1.10,
P-2400-90-2026-02578,3640598,0,1.10,
P-2301-90-2026-00229,3640614,0,1.10,
P-1200-90-2026-01707,3640491,0,1.10,
P-2400-90-2026-02611,3641019,0,1.10,
P-3200-90-2026-02050,3641112,0,1.10,
P-4200-90-2026-01347,3641076,0,1.10,
P-2301-90-2026-00233,3641053,0,1.10,
P-2604-90-2026-00269,3640469,0,1.10,
P-4000-90-2026-00982,3641058,0,1.10,
P-2400-90-2026-02575,3640553,0,1.10,
P-2604-90-2026-00266,3640351,0,1.10,
P-4000-90-2026-01000,3641567,0,1.10,
P-1477-90-2026-00230,3641241,0,1.10,
P-4400-90-2026-00500,3641189,0,1.10,
P-8000-91-2026-00145,3641186,0,1.70,
P-2604-90-2026-00270,3640702,0,1.10,
P-2400-90-2026-02570,3640493,0,1.10,
P-2400-90-2026-02675,3641645,0,1.10,
P-2403-90-2026-00541,3641798,0,1.10,
P-1200-90-2026-01742,3641291,0,1.10,
P-4400-91-2026-00161,3641623,0,1.70,
P-4200-90-2026-01370,3641528,0,1.10,
P-1200-91-2026-00395,3641704,0,1.10,
P-1400-90-2026-00263,3641521,0,1.10,
P-9086-90-2026-00270,3641844,0,1.10,
P-4400-90-2026-00506,3641526,0,1.10,
P-9076-90-2026-00146,3641388,0,1.10,
P-2202-90-2026-00607,3640412,0,1.10,
P-1492-90-2026-00171,3641137,0,1.10,
P-3200-90-2026-02112,3641938,0,1.10,
P-4006-90-2026-00456,3641913,0,1.10,
P-1488-91-2026-00360,3640639,0,1.10,
P-4000-90-2026-01007,3641716,0,1.10,
P-2400-90-2026-02634,3641369,0,1.10,
P-2400-90-2026-02626,3641278,0,1.10,
P-4000-90-2026-01005,3641667,0,1.10,
P-3200-90-2026-02051,3641106,0,1.10,
P-1488-90-2026-00377,3640369,0,1.10,
P-4006-91-2026-00550,3641619,0,1.10,
P-3600-90-2026-00588,3640690,0,1.70,
P-1200-90-2026-01778,3641893,0,1.10,
P-2400-90-2026-02576,3640564,0,1.10,
P-8000-90-2026-00190,3641632,0,1.70,
P-1200-90-2026-01713,3640571,0,1.10,
P-2604-90-2026-00272,3640855,0,1.10,
P-3603-90-2026-00183,3640584,0,1.10,
P-4000-90-2026-00965,3640682,0,1.10,
P-9086-90-2026-00266,3640539,0,1.10,
P-3600-92-2026-00070,3641166,0,1.10,
P-4200-90-2026-01373,3641674,0,1.10,
P-3211-90-2026-00659,3640814,0,1.10,
P-2400-90-2026-02600,3640859,0,1.10,
P-2408-90-2026-00458,3641517,0,1.10,
P-3200-90-2026-02097,3641793,0,1.10,
P-2400-90-2026-02645,3641468,0,1.10,
P-3800-90-2026-00828,3641355,0,1.10,
P-2400-90-2026-02674,3641630,0,1.10,
P-9077-90-2026-00162,3641287,0,1.10,
P-1400-92-2026-00198,3641381,0,1.10,
P-2407-90-2026-00680,3641316,0,1.10,
P-8000-91-2026-00139,3640691,0,1.70,
P-3600-90-2026-00595,3641123,0,1.70,
P-9077-91-2026-00067,3639284,0,1.10,
P-3200-90-2026-02089,3641647,0,1.10,
P-3200-90-2026-02034,3640504,0,1.10,
P-2400-90-2026-02562,3640434,0,1.10,
P-4200-90-2026-01386,3641995,0,1.10,
P-1400-92-2026-00208,3641485,0,1.10,
P-2301-90-2026-00234,3641385,0,1.10,
P-1488-90-2026-00385,3641701,0,1.10,
P-2400-90-2026-02664,3641577,0,1.10,
P-3211-90-2026-00674,3641835,0,1.10,
P-2202-90-2026-00635,3641898,0,1.10,
P-1200-90-2026-01774,3641807,0,1.10,
P-4006-90-2026-00454,3641852,0,1.10,
P-2403-90-2026-00545,3641911,0,1.10,
P-3600-90-2026-00600,3641444,0,1.70,
P-4000-90-2026-00993,3641321,0,1.10,
P-3200-90-2026-02117,3641947,0,1.10,
P-3200-90-2026-02100,3641830,0,1.10,
P-4200-90-2026-01356,3641294,0,1.10,
P-1411-90-2026-00601,3641744,0,1.10,
P-1200-90-2026-01732,3641185,0,1.10,
P-2200-90-2026-00638,3642893,0,1.10,
P-9061-91-2026-00659,3641986,0,1.10,
P-1200-90-2026-01856,3643376,0,1.10,
P-1200-90-2026-01860,3643408,0,1.10,
P-4400-90-2026-00515,3642456,0,1.10,
P-1453-90-2026-00063,3643421,0,1.10,
P-8066-91-2026-00010,3643149,0,1.10,
P-2202-90-2026-00652,3642708,0,1.10,
P-8066-90-2026-00016,3642710,0,1.10,
P-3600-90-2026-00642,3643375,0,1.70,
P-1200-90-2026-01867,3643565,0,1.10,
P-3800-90-2026-00860,3642740,0,1.10,
P-2403-90-2026-00547,3642086,0,1.10,
P-4200-90-2026-01428,3642916,0,1.10,
P-3600-90-2026-00621,3642501,0,1.70,
P-2000-90-2026-00469,3642595,0,1.10,
P-1200-90-2026-01827,3642994,0,1.10,
P-2200-90-2026-00633,3642748,0,1.10,
P-2400-92-2026-00388,3642637,0,1.10,
P-2202-90-2026-00648,3642390,0,1.10,
P-2403-90-2026-00550,3642560,0,1.10,
P-1488-90-2026-00406,3643576,0,1.10,
P-3200-90-2026-02233,3643595,0,1.10,
P-2405-90-2026-00164,3642185,0,1.10,
P-1477-90-2026-00241,3642858,0,1.10,
P-4000-90-2026-01051,3643371,0,1.10,
P-1411-90-2026-00636,3643614,0,1.10,
P-3800-90-2026-00851,3642540,0,1.10,
P-3600-90-2026-00630,3642754,0,1.10,
P-2400-90-2026-02767,3643075,0,1.10,
P-4000-90-2026-01026,3642431,0,1.10,
P-3200-90-2026-02170,3642972,0,1.10,
P-1200-90-2026-01792,3642340,0,1.10,
P-2400-90-2026-02797,3643465,0,1.10,
P-2400-92-2026-00393,3643634,0,1.10,
P-3211-90-2026-00704,3643522,0,1.10,
P-8000-91-2026-00151,3642718,0,1.10,
P-3211-90-2026-00692,3643112,0,1.10,
P-4006-90-2026-00481,3643596,0,1.10,
P-2200-90-2026-00631,3642735,0,1.10,
P-1200-90-2026-01811,3642747,0,1.10,
P-1200-90-2026-01853,3643332,0,1.10,
P-2400-90-2026-02789,3643267,0,1.10,
P-2200-90-2026-00623,3642267,0,1.10,
P-3211-90-2026-00710,3643600,0,1.10,
P-2000-90-2026-00471,3642734,0,1.10,
P-1488-90-2026-00405,3643554,0,1.10,
P-1200-90-2026-01849,3643281,0,1.10,
P-3200-90-2026-02176,3643101,0,1.10,
P-3211-90-2026-00703,3643518,0,1.10,
P-2408-90-2026-00483,3643438,0,1.10,
P-3211-91-2026-00362,3642494,0,1.10,
P-4000-90-2026-01044,3643151,0,1.10,
P-4203-90-2026-00422,3642142,0,1.10,
P-2214-90-2026-00188,3642407,0,1.10,
P-1200-90-2026-01831,3643044,0,1.10,
P-1411-90-2026-00629,3643225,0,1.10,
P-9076-90-2026-00159,3642965,0,1.10,
P-4200-90-2026-01400,3642124,0,1.10,
P-3200-90-2026-02129,3642289,0,1.10,
P-2000-90-2026-00464,3642467,0,1.10,
P-1488-90-2026-00399,3643398,0,1.10,
P-3211-91-2026-00360,3642306,0,1.10,
P-2400-90-2026-02794,3643351,0,1.10,
P-4000-90-2026-01049,3643339,0,1.10,
P-4006-90-2026-00461,3642398,0,1.10,
P-1200-90-2026-01809,3642619,0,1.10,
P-2214-90-2026-00189,3642614,0,1.10,
P-3200-90-2026-02235,3643612,0,1.10,
P-3200-90-2026-02165,3642957,0,1.10,
P-1453-90-2026-00065,3643454,0,1.10,
P-2604-90-2026-00288,3643264,0,1.10,
P-4006-91-2026-00573,3643171,0,1.10,
P-4200-90-2026-01417,3642581,0,1.10,
P-2400-90-2026-02793,3643321,0,1.10,
P-3211-90-2026-00706,3643543,0,1.10,
P-2600-90-2026-00331,3642497,0,1.10,
P-2604-90-2026-00290,3643323,0,1.10,
P-2301-90-2026-00249,3643406,0,1.10,
P-3200-90-2026-02236,3643611,0,1.10,
P-2405-90-2026-00169,3643475,0,1.10,
P-2400-90-2026-02746,3642819,0,1.10,
P-2600-90-2026-00338,3643217,0,1.10,
P-2406-90-2026-00115,3642932,0,1.10,
P-1200-90-2026-01852,3643308,0,1.10,
P-2202-90-2026-00660,3643586,0,1.10,
P-1200-90-2026-01840,3643212,0,1.10,
P-2604-90-2026-00280,3642009,0,1.10,
P-3603-90-2026-00194,3642238,0,1.10,
P-2400-90-2026-02732,3642518,0,1.10,
P-1492-92-2026-00181,3643521,0,1.10,
P-2400-91-2026-00264,3642367,0,1.10,
P-1200-90-2026-01817,3642835,0,1.10,
P-1200-91-2026-00409,3643273,0,1.10,
P-1200-90-2026-01828,3642983,0,1.10,
P-3600-90-2026-00629,3642728,0,1.70,
P-4000-90-2026-01034,3642691,0,1.10,
P-1200-90-2026-01830,3643043,0,1.10,
P-2408-90-2026-00466,3642072,0,1.10,
P-2200-90-2026-00643,3643423,0,1.10,
P-9076-90-2026-00153,3642050,0,1.10,
P-3600-90-2026-00619,3642330,0,1.10,
P-1200-90-2026-01800,3642409,0,1.10,
P-3200-90-2026-02202,3643379,0,1.10,
P-3211-90-2026-00711,3643603,0,1.10,
P-3603-90-2026-00197,3642352,0,1.10,
P-3200-90-2026-02222,3643468,0,1.10,
P-2604-90-2026-00289,3643266,0,1.10,
P-1477-90-2026-00240,3642736,0,1.10,
P-4006-91-2026-00560,3642080,0,1.70,
P-1200-91-2026-00399,3642202,0,1.10,
P-2600-90-2026-00339,3643456,0,1.10,
P-1411-91-2026-00078,3642182,0,1.10,
P-2215-90-2026-00163,3643588,0,1.10,
P-4000-90-2026-01050,3643340,0,1.10,
P-2400-90-2026-02768,3643084,0,1.10,
P-3900-90-2026-00107,3642077,0,1.10,
P-2400-90-2026-02798,3643447,0,1.10,
P-4200-90-2026-01419,3642617,0,1.10,
P-2400-90-2026-02771,3643070,0,1.10,
P-3211-90-2026-00702,3643533,0,1.10,
P-2400-90-2026-02781,3643240,0,1.10,
P-3211-90-2026-00721,3643708,0,1.10,
P-2400-91-2026-00274,3643766,0,1.10,
P-3211-90-2026-00716,3643666,0,1.10,
P-1200-91-2026-00413,3643696,0,1.10,
P-1400-90-2026-00269,3643677,0,1.70,
P-3800-90-2026-00874,3643662,0,1.10,
P-9077-90-2026-00169,3643765,0,1.10,
P-3211-90-2026-00720,3643714,0,1.10,
P-9075-90-2026-00204,3643691,0,1.10,
P-2400-90-2026-02855,3644182,0,1.10,
P-1400-90-2026-00275,3644049,0,1.10,
P-3800-90-2026-00876,3643807,0,1.10,
P-9077-90-2026-00174,3643942,0,1.10,
P-1411-92-2026-00254,3644078,0,1.10,
P-1488-90-2026-00409,3644097,0,1.10,
P-2400-90-2026-02849,3644193,0,1.10,
P-3211-90-2026-00738,3644173,0,1.10,
P-2202-91-2026-00156,3644075,0,1.70,
P-2409-90-2026-00110,3644122,0,1.10,
P-1474-90-2026-00147,3643932,0,1.10,
P-1452-90-2026-00171,3643911,0,1.10,
P-2604-90-2026-00300,3644071,0,1.10,
P-2403-90-2026-00563,3643857,0,1.10,
P-9082-90-2026-00092,3643944,0,1.10,
P-2408-90-2026-00490,3643787,0,1.10,
P-2400-90-2026-02838,3643953,0,1.10,
P-2400-90-2026-02840,3643962,0,1.10,
P-1411-90-2026-00659,3644126,0,1.10,
